id,city_id/id,name,type
zip_co_913010,l10n_co_base_location.city_co_91263,913010,urban
zip_co_913019,l10n_co_base_location.city_co_91263,913019,rural
zip_co_913018,l10n_co_base_location.city_co_91263,913018,rural
zip_co_913017,l10n_co_base_location.city_co_91263,913017,rural
zip_co_914057,l10n_co_base_location.city_co_91405,914057,rural
zip_co_914050,l10n_co_base_location.city_co_91405,914050,urban
zip_co_917010,l10n_co_base_location.city_co_91407,917010,urban
zip_co_917017,l10n_co_base_location.city_co_91407,917017,rural
zip_co_917018,l10n_co_base_location.city_co_91407,917018,rural
zip_co_916017,l10n_co_base_location.city_co_91430,916017,rural
zip_co_910001,l10n_co_base_location.city_co_91001,910001,urban
zip_co_910007,l10n_co_base_location.city_co_91001,910007,rural
zip_co_910008,l10n_co_base_location.city_co_91001,910008,rural
zip_co_916057,l10n_co_base_location.city_co_91460,916057,rural
zip_co_916058,l10n_co_base_location.city_co_91460,916058,rural
zip_co_913050,l10n_co_base_location.city_co_91530,913050,urban
zip_co_913057,l10n_co_base_location.city_co_91530,913057,rural
zip_co_912010,l10n_co_base_location.city_co_91536,912010,urban
zip_co_912018,l10n_co_base_location.city_co_91536,912018,rural
zip_co_912019,l10n_co_base_location.city_co_91536,912019,rural
zip_co_912017,l10n_co_base_location.city_co_91536,912017,rural
zip_co_911017,l10n_co_base_location.city_co_91540,911017,rural
zip_co_911010,l10n_co_base_location.city_co_91540,911010,urban
zip_co_911018,l10n_co_base_location.city_co_91540,911018,rural
zip_co_915010,l10n_co_base_location.city_co_91669,915010,urban
zip_co_915019,l10n_co_base_location.city_co_91669,915019,rural
zip_co_915018,l10n_co_base_location.city_co_91669,915018,rural
zip_co_915017,l10n_co_base_location.city_co_91669,915017,rural
zip_co_911030,l10n_co_base_location.city_co_91798,911030,urban
zip_co_911037,l10n_co_base_location.city_co_91798,911037,rural
zip_co_911039,l10n_co_base_location.city_co_91798,911039,rural
zip_co_911038,l10n_co_base_location.city_co_91798,911038,rural
zip_co_055030,l10n_co_base_location.city_co_05002,055030,urban
zip_co_055038,l10n_co_base_location.city_co_05002,055038,rural
zip_co_055037,l10n_co_base_location.city_co_05002,055037,rural
zip_co_057460,l10n_co_base_location.city_co_05004,057460,urban
zip_co_057467,l10n_co_base_location.city_co_05004,057467,rural
zip_co_053820,l10n_co_base_location.city_co_05021,053820,urban
zip_co_053827,l10n_co_base_location.city_co_05021,053827,rural
zip_co_055840,l10n_co_base_location.city_co_05030,055840,urban
zip_co_055847,l10n_co_base_location.city_co_05030,055847,rural
zip_co_055848,l10n_co_base_location.city_co_05030,055848,rural
zip_co_052840,l10n_co_base_location.city_co_05031,052840,urban
zip_co_052848,l10n_co_base_location.city_co_05031,052848,rural
zip_co_052847,l10n_co_base_location.city_co_05031,052847,rural
zip_co_056068,l10n_co_base_location.city_co_05034,056068,rural
zip_co_056067,l10n_co_base_location.city_co_05034,056067,rural
zip_co_056060,l10n_co_base_location.city_co_05034,056060,urban
zip_co_055830,l10n_co_base_location.city_co_05036,055830,urban
zip_co_055837,l10n_co_base_location.city_co_05036,055837,rural
zip_co_051810,l10n_co_base_location.city_co_05038,051810,urban
zip_co_051818,l10n_co_base_location.city_co_05038,051818,rural
zip_co_051817,l10n_co_base_location.city_co_05038,051817,rural
zip_co_052857,l10n_co_base_location.city_co_05040,052857,rural
zip_co_052850,l10n_co_base_location.city_co_05040,052850,urban
zip_co_056850,l10n_co_base_location.city_co_05044,056850,urban
zip_co_056858,l10n_co_base_location.city_co_05044,056858,rural
zip_co_056857,l10n_co_base_location.city_co_05044,056857,rural
zip_co_057841,l10n_co_base_location.city_co_05045,057841,urban
zip_co_057840,l10n_co_base_location.city_co_05045,057840,urban
zip_co_057847,l10n_co_base_location.city_co_05045,057847,rural
zip_co_057820,l10n_co_base_location.city_co_05051,057820,urban
zip_co_057828,l10n_co_base_location.city_co_05051,057828,rural
zip_co_057827,l10n_co_base_location.city_co_05051,057827,rural
zip_co_057829,l10n_co_base_location.city_co_05051,057829,rural
zip_co_054838,l10n_co_base_location.city_co_05055,054838,rural
zip_co_054830,l10n_co_base_location.city_co_05055,054830,urban
zip_co_054837,l10n_co_base_location.city_co_05055,054837,rural
zip_co_055860,l10n_co_base_location.city_co_05059,055860,urban
zip_co_055867,l10n_co_base_location.city_co_05059,055867,rural
zip_co_051028,l10n_co_base_location.city_co_05079,051028,rural
zip_co_051027,l10n_co_base_location.city_co_05079,051027,rural
zip_co_051020,l10n_co_base_location.city_co_05079,051020,urban
zip_co_051050,l10n_co_base_location.city_co_05088,051050,urban
zip_co_051057,l10n_co_base_location.city_co_05088,051057,rural
zip_co_051059,l10n_co_base_location.city_co_05088,051059,rural
zip_co_051051,l10n_co_base_location.city_co_05088,051051,urban
zip_co_051058,l10n_co_base_location.city_co_05088,051058,rural
zip_co_051052,l10n_co_base_location.city_co_05088,051052,urban
zip_co_051054,l10n_co_base_location.city_co_05088,051054,urban
zip_co_051053,l10n_co_base_location.city_co_05088,051053,urban
zip_co_051420,l10n_co_base_location.city_co_05086,051420,urban
zip_co_051427,l10n_co_base_location.city_co_05086,051427,rural
zip_co_056070,l10n_co_base_location.city_co_05091,056070,urban
zip_co_056077,l10n_co_base_location.city_co_05091,056077,rural
zip_co_056860,l10n_co_base_location.city_co_05093,056860,urban
zip_co_056867,l10n_co_base_location.city_co_05093,056867,rural
zip_co_056868,l10n_co_base_location.city_co_05093,056868,rural
zip_co_052060,l10n_co_base_location.city_co_05107,052060,urban
zip_co_052067,l10n_co_base_location.city_co_05107,052067,rural
zip_co_052068,l10n_co_base_location.city_co_05107,052068,rural
zip_co_057030,l10n_co_base_location.city_co_05113,057030,urban
zip_co_057037,l10n_co_base_location.city_co_05113,057037,rural
zip_co_057038,l10n_co_base_location.city_co_05113,057038,rural
zip_co_057067,l10n_co_base_location.city_co_05138,057067,rural
zip_co_057068,l10n_co_base_location.city_co_05138,057068,rural
zip_co_057060,l10n_co_base_location.city_co_05138,057060,urban
zip_co_052450,l10n_co_base_location.city_co_05120,052450,urban
zip_co_052458,l10n_co_base_location.city_co_05120,052458,rural
zip_co_052457,l10n_co_base_location.city_co_05120,052457,rural
zip_co_056840,l10n_co_base_location.city_co_05125,056840,urban
zip_co_056847,l10n_co_base_location.city_co_05125,056847,rural
zip_co_055440,l10n_co_base_location.city_co_05129,055440,urban
zip_co_055448,l10n_co_base_location.city_co_05129,055448,rural
zip_co_055447,l10n_co_base_location.city_co_05129,055447,rural
zip_co_052020,l10n_co_base_location.city_co_05134,052020,urban
zip_co_052027,l10n_co_base_location.city_co_05134,052027,rural
zip_co_053450,l10n_co_base_location.city_co_05142,053450,urban
zip_co_053457,l10n_co_base_location.city_co_05142,053457,rural
zip_co_056040,l10n_co_base_location.city_co_05145,056040,urban
zip_co_056047,l10n_co_base_location.city_co_05145,056047,rural
zip_co_057850,l10n_co_base_location.city_co_05147,057850,urban
zip_co_057857,l10n_co_base_location.city_co_05147,057857,rural
zip_co_057858,l10n_co_base_location.city_co_05147,057858,rural
zip_co_051840,l10n_co_base_location.city_co_05150,051840,urban
zip_co_051847,l10n_co_base_location.city_co_05150,051847,rural
zip_co_052410,l10n_co_base_location.city_co_05154,052410,urban
zip_co_052418,l10n_co_base_location.city_co_05154,052418,rural
zip_co_052417,l10n_co_base_location.city_co_05154,052417,rural
zip_co_057410,l10n_co_base_location.city_co_05172,057410,urban
zip_co_057417,l10n_co_base_location.city_co_05172,057417,rural
zip_co_057418,l10n_co_base_location.city_co_05172,057418,rural
zip_co_053050,l10n_co_base_location.city_co_05190,053050,urban
zip_co_053057,l10n_co_base_location.city_co_05190,053057,rural
zip_co_056460,l10n_co_base_location.city_co_05101,056460,urban
zip_co_056467,l10n_co_base_location.city_co_05101,056467,rural
zip_co_056468,l10n_co_base_location.city_co_05101,056468,rural
zip_co_054440,l10n_co_base_location.city_co_05197,054440,urban
zip_co_054447,l10n_co_base_location.city_co_05197,054447,rural
zip_co_054448,l10n_co_base_location.city_co_05197,054448,rural
zip_co_053810,l10n_co_base_location.city_co_05206,053810,urban
zip_co_053817,l10n_co_base_location.city_co_05206,053817,rural
zip_co_056410,l10n_co_base_location.city_co_05209,056410,urban
zip_co_056417,l10n_co_base_location.city_co_05209,056417,rural
zip_co_051047,l10n_co_base_location.city_co_05212,051047,rural
zip_co_051040,l10n_co_base_location.city_co_05212,051040,urban
zip_co_051048,l10n_co_base_location.city_co_05212,051048,rural
zip_co_057430,l10n_co_base_location.city_co_05234,057430,urban
zip_co_057437,l10n_co_base_location.city_co_05234,057437,rural
zip_co_057438,l10n_co_base_location.city_co_05234,057438,rural
zip_co_051850,l10n_co_base_location.city_co_05237,051850,urban
zip_co_051858,l10n_co_base_location.city_co_05237,051858,rural
zip_co_051857,l10n_co_base_location.city_co_05237,051857,rural
zip_co_055810,l10n_co_base_location.city_co_05240,055810,urban
zip_co_055817,l10n_co_base_location.city_co_05240,055817,rural
zip_co_055818,l10n_co_base_location.city_co_05240,055818,rural
zip_co_052437,l10n_co_base_location.city_co_05250,052437,rural
zip_co_052438,l10n_co_base_location.city_co_05250,052438,rural
zip_co_052430,l10n_co_base_location.city_co_05250,052430,urban
zip_co_054037,l10n_co_base_location.city_co_05148,054037,rural
zip_co_054030,l10n_co_base_location.city_co_05148,054030,urban
zip_co_054038,l10n_co_base_location.city_co_05148,054038,rural
zip_co_054450,l10n_co_base_location.city_co_05697,054450,urban
zip_co_054457,l10n_co_base_location.city_co_05697,054457,rural
zip_co_051430,l10n_co_base_location.city_co_05264,051430,urban
zip_co_051437,l10n_co_base_location.city_co_05264,051437,rural
zip_co_055428,l10n_co_base_location.city_co_05266,055428,rural
zip_co_055427,l10n_co_base_location.city_co_05266,055427,rural
zip_co_055421,l10n_co_base_location.city_co_05266,055421,urban
zip_co_055422,l10n_co_base_location.city_co_05266,055422,urban
zip_co_055420,l10n_co_base_location.city_co_05266,055420,urban
zip_co_055070,l10n_co_base_location.city_co_05282,055070,urban
zip_co_055077,l10n_co_base_location.city_co_05282,055077,rural
zip_co_055078,l10n_co_base_location.city_co_05282,055078,rural
zip_co_057450,l10n_co_base_location.city_co_05284,057450,urban
zip_co_057457,l10n_co_base_location.city_co_05284,057457,rural
zip_co_057458,l10n_co_base_location.city_co_05284,057458,rural
zip_co_057040,l10n_co_base_location.city_co_05306,057040,urban
zip_co_057047,l10n_co_base_location.city_co_05306,057047,rural
zip_co_051038,l10n_co_base_location.city_co_05308,051038,rural
zip_co_051037,l10n_co_base_location.city_co_05308,051037,rural
zip_co_051030,l10n_co_base_location.city_co_05308,051030,urban
zip_co_051830,l10n_co_base_location.city_co_05310,051830,urban
zip_co_051838,l10n_co_base_location.city_co_05310,051838,rural
zip_co_051837,l10n_co_base_location.city_co_05310,051837,rural
zip_co_054410,l10n_co_base_location.city_co_05313,054410,urban
zip_co_054417,l10n_co_base_location.city_co_05313,054417,rural
zip_co_051820,l10n_co_base_location.city_co_05315,051820,urban
zip_co_051827,l10n_co_base_location.city_co_05315,051827,rural
zip_co_054050,l10n_co_base_location.city_co_05318,054050,urban
zip_co_054058,l10n_co_base_location.city_co_05318,054058,rural
zip_co_054057,l10n_co_base_location.city_co_05318,054057,rural
zip_co_053840,l10n_co_base_location.city_co_05321,053840,urban
zip_co_053847,l10n_co_base_location.city_co_05321,053847,rural
zip_co_055820,l10n_co_base_location.city_co_05347,055820,urban
zip_co_055827,l10n_co_base_location.city_co_05347,055827,rural
zip_co_056450,l10n_co_base_location.city_co_05353,056450,urban
zip_co_056457,l10n_co_base_location.city_co_05353,056457,rural
zip_co_055411,l10n_co_base_location.city_co_05360,055411,urban
zip_co_055412,l10n_co_base_location.city_co_05360,055412,urban
zip_co_055410,l10n_co_base_location.city_co_05360,055410,urban
zip_co_055417,l10n_co_base_location.city_co_05360,055417,rural
zip_co_055413,l10n_co_base_location.city_co_05360,055413,urban
zip_co_052070,l10n_co_base_location.city_co_05361,052070,urban
zip_co_052079,l10n_co_base_location.city_co_05361,052079,rural
zip_co_052078,l10n_co_base_location.city_co_05361,052078,rural
zip_co_052077,l10n_co_base_location.city_co_05361,052077,rural
zip_co_056050,l10n_co_base_location.city_co_05364,056050,urban
zip_co_056057,l10n_co_base_location.city_co_05364,056057,rural
zip_co_056010,l10n_co_base_location.city_co_05368,056010,urban
zip_co_056017,l10n_co_base_location.city_co_05368,056017,rural
zip_co_055017,l10n_co_base_location.city_co_05376,055017,rural
zip_co_055018,l10n_co_base_location.city_co_05376,055018,rural
zip_co_055010,l10n_co_base_location.city_co_05376,055010,urban
zip_co_055467,l10n_co_base_location.city_co_05380,055467,rural
zip_co_055460,l10n_co_base_location.city_co_05380,055460,urban
zip_co_055468,l10n_co_base_location.city_co_05380,055468,rural
zip_co_055060,l10n_co_base_location.city_co_05390,055060,urban
zip_co_055067,l10n_co_base_location.city_co_05390,055067,rural
zip_co_055068,l10n_co_base_location.city_co_05390,055068,rural
zip_co_055020,l10n_co_base_location.city_co_05400,055020,urban
zip_co_055027,l10n_co_base_location.city_co_05400,055027,rural
zip_co_055028,l10n_co_base_location.city_co_05400,055028,rural
zip_co_051460,l10n_co_base_location.city_co_05411,051460,urban
zip_co_051468,l10n_co_base_location.city_co_05411,051468,rural
zip_co_051467,l10n_co_base_location.city_co_05411,051467,rural
zip_co_053460,l10n_co_base_location.city_co_05425,053460,urban
zip_co_053467,l10n_co_base_location.city_co_05425,053467,rural
zip_co_054020,l10n_co_base_location.city_co_05440,054020,urban
zip_co_054027,l10n_co_base_location.city_co_05440,054027,rural
zip_co_054028,l10n_co_base_location.city_co_05440,054028,rural
zip_co_050013,l10n_co_base_location.city_co_05001,050013,urban
zip_co_050017,l10n_co_base_location.city_co_05001,050017,rural
zip_co_050002,l10n_co_base_location.city_co_05001,050002,urban
zip_co_050007,l10n_co_base_location.city_co_05001,050007,rural
zip_co_050041,l10n_co_base_location.city_co_05001,050041,urban
zip_co_050021,l10n_co_base_location.city_co_05001,050021,urban
zip_co_050024,l10n_co_base_location.city_co_05001,050024,urban
zip_co_050006,l10n_co_base_location.city_co_05001,050006,urban
zip_co_050020,l10n_co_base_location.city_co_05001,050020,urban
zip_co_050016,l10n_co_base_location.city_co_05001,050016,urban
zip_co_050014,l10n_co_base_location.city_co_05001,050014,urban
zip_co_050043,l10n_co_base_location.city_co_05001,050043,urban
zip_co_050037,l10n_co_base_location.city_co_05001,050037,rural
zip_co_050048,l10n_co_base_location.city_co_05001,050048,rural
zip_co_050031,l10n_co_base_location.city_co_05001,050031,urban
zip_co_050025,l10n_co_base_location.city_co_05001,050025,urban
zip_co_050030,l10n_co_base_location.city_co_05001,050030,urban
zip_co_050018,l10n_co_base_location.city_co_05001,050018,rural
zip_co_050015,l10n_co_base_location.city_co_05001,050015,urban
zip_co_050027,l10n_co_base_location.city_co_05001,050027,rural
zip_co_050044,l10n_co_base_location.city_co_05001,050044,urban
zip_co_050003,l10n_co_base_location.city_co_05001,050003,urban
zip_co_050004,l10n_co_base_location.city_co_05001,050004,urban
zip_co_050011,l10n_co_base_location.city_co_05001,050011,urban
zip_co_050047,l10n_co_base_location.city_co_05001,050047,rural
zip_co_050035,l10n_co_base_location.city_co_05001,050035,urban
zip_co_050036,l10n_co_base_location.city_co_05001,050036,urban
zip_co_050022,l10n_co_base_location.city_co_05001,050022,urban
zip_co_050040,l10n_co_base_location.city_co_05001,050040,urban
zip_co_050010,l10n_co_base_location.city_co_05001,050010,urban
zip_co_050001,l10n_co_base_location.city_co_05001,050001,urban
zip_co_050032,l10n_co_base_location.city_co_05001,050032,urban
zip_co_050028,l10n_co_base_location.city_co_05001,050028,rural
zip_co_050042,l10n_co_base_location.city_co_05001,050042,urban
zip_co_050023,l10n_co_base_location.city_co_05001,050023,urban
zip_co_050034,l10n_co_base_location.city_co_05001,050034,urban
zip_co_050029,l10n_co_base_location.city_co_05001,050029,rural
zip_co_050005,l10n_co_base_location.city_co_05001,050005,urban
zip_co_050033,l10n_co_base_location.city_co_05001,050033,urban
zip_co_050012,l10n_co_base_location.city_co_05001,050012,urban
zip_co_050026,l10n_co_base_location.city_co_05001,050026,urban
zip_co_055040,l10n_co_base_location.city_co_05467,055040,urban
zip_co_055047,l10n_co_base_location.city_co_05467,055047,rural
zip_co_055048,l10n_co_base_location.city_co_05467,055048,rural
zip_co_056810,l10n_co_base_location.city_co_05475,056810,urban
zip_co_056817,l10n_co_base_location.city_co_05475,056817,rural
zip_co_056818,l10n_co_base_location.city_co_05475,056818,rural
zip_co_057427,l10n_co_base_location.city_co_05480,057427,rural
zip_co_057420,l10n_co_base_location.city_co_05480,057420,urban
zip_co_057428,l10n_co_base_location.city_co_05480,057428,rural
zip_co_054840,l10n_co_base_location.city_co_05483,054840,urban
zip_co_054848,l10n_co_base_location.city_co_05483,054848,rural
zip_co_054847,l10n_co_base_location.city_co_05483,054847,rural
zip_co_052420,l10n_co_base_location.city_co_05495,052420,urban
zip_co_052427,l10n_co_base_location.city_co_05495,052427,rural
zip_co_052428,l10n_co_base_location.city_co_05495,052428,rural
zip_co_057870,l10n_co_base_location.city_co_05490,057870,urban
zip_co_057877,l10n_co_base_location.city_co_05490,057877,rural
zip_co_057878,l10n_co_base_location.city_co_05490,057878,rural
zip_co_051450,l10n_co_base_location.city_co_05501,051450,urban
zip_co_051457,l10n_co_base_location.city_co_05501,051457,rural
zip_co_053850,l10n_co_base_location.city_co_05541,053850,urban
zip_co_053857,l10n_co_base_location.city_co_05541,053857,rural
zip_co_057010,l10n_co_base_location.city_co_05543,057010,urban
zip_co_057017,l10n_co_base_location.city_co_05543,057017,rural
zip_co_057018,l10n_co_base_location.city_co_05543,057018,rural
zip_co_056440,l10n_co_base_location.city_co_05576,056440,urban
zip_co_056447,l10n_co_base_location.city_co_05576,056447,rural
zip_co_053420,l10n_co_base_location.city_co_05579,053420,urban
zip_co_053427,l10n_co_base_location.city_co_05579,053427,rural
zip_co_053428,l10n_co_base_location.city_co_05579,053428,rural
zip_co_053430,l10n_co_base_location.city_co_05585,053430,urban
zip_co_053437,l10n_co_base_location.city_co_05585,053437,rural
zip_co_053440,l10n_co_base_location.city_co_05591,053440,urban
zip_co_053448,l10n_co_base_location.city_co_05591,053448,rural
zip_co_053447,l10n_co_base_location.city_co_05591,053447,rural
zip_co_052820,l10n_co_base_location.city_co_05604,052820,urban
zip_co_052827,l10n_co_base_location.city_co_05604,052827,rural
zip_co_052828,l10n_co_base_location.city_co_05604,052828,rural
zip_co_055438,l10n_co_base_location.city_co_05607,055438,rural
zip_co_055437,l10n_co_base_location.city_co_05607,055437,rural
zip_co_055430,l10n_co_base_location.city_co_05607,055430,urban
zip_co_054040,l10n_co_base_location.city_co_05615,054040,urban
zip_co_054047,l10n_co_base_location.city_co_05615,054047,rural
zip_co_054048,l10n_co_base_location.city_co_05615,054048,rural
zip_co_057020,l10n_co_base_location.city_co_05628,057020,urban
zip_co_057028,l10n_co_base_location.city_co_05628,057028,rural
zip_co_057027,l10n_co_base_location.city_co_05628,057027,rural
zip_co_055450,l10n_co_base_location.city_co_05631,055450,urban
zip_co_055457,l10n_co_base_location.city_co_05631,055457,rural
zip_co_056478,l10n_co_base_location.city_co_05642,056478,rural
zip_co_056477,l10n_co_base_location.city_co_05642,056477,rural
zip_co_056470,l10n_co_base_location.city_co_05642,056470,urban
zip_co_052040,l10n_co_base_location.city_co_05647,052040,urban
zip_co_052047,l10n_co_base_location.city_co_05647,052047,rural
zip_co_054420,l10n_co_base_location.city_co_05649,054420,urban
zip_co_054427,l10n_co_base_location.city_co_05649,054427,rural
zip_co_054428,l10n_co_base_location.city_co_05649,054428,rural
zip_co_054810,l10n_co_base_location.city_co_05652,054810,urban
zip_co_054818,l10n_co_base_location.city_co_05652,054818,rural
zip_co_054817,l10n_co_base_location.city_co_05652,054817,rural
zip_co_051070,l10n_co_base_location.city_co_05656,051070,urban
zip_co_051077,l10n_co_base_location.city_co_05656,051077,rural
zip_co_051410,l10n_co_base_location.city_co_05658,051410,urban
zip_co_051417,l10n_co_base_location.city_co_05658,051417,rural
zip_co_057810,l10n_co_base_location.city_co_05659,057810,urban
zip_co_057817,l10n_co_base_location.city_co_05659,057817,rural
zip_co_054430,l10n_co_base_location.city_co_05660,054430,urban
zip_co_054437,l10n_co_base_location.city_co_05660,054437,rural
zip_co_054438,l10n_co_base_location.city_co_05660,054438,rural
zip_co_051010,l10n_co_base_location.city_co_05664,051010,urban
zip_co_051017,l10n_co_base_location.city_co_05664,051017,rural
zip_co_057830,l10n_co_base_location.city_co_05665,057830,urban
zip_co_057839,l10n_co_base_location.city_co_05665,057839,rural
zip_co_057838,l10n_co_base_location.city_co_05665,057838,rural
zip_co_057837,l10n_co_base_location.city_co_05665,057837,rural
zip_co_053838,l10n_co_base_location.city_co_05667,053838,rural
zip_co_053830,l10n_co_base_location.city_co_05667,053830,urban
zip_co_053837,l10n_co_base_location.city_co_05667,053837,rural
zip_co_053030,l10n_co_base_location.city_co_05670,053030,urban
zip_co_053037,l10n_co_base_location.city_co_05670,053037,rural
zip_co_054010,l10n_co_base_location.city_co_05674,054010,urban
zip_co_054017,l10n_co_base_location.city_co_05674,054017,rural
zip_co_054018,l10n_co_base_location.city_co_05674,054018,rural
zip_co_055050,l10n_co_base_location.city_co_05679,055050,urban
zip_co_055057,l10n_co_base_location.city_co_05679,055057,rural
zip_co_055058,l10n_co_base_location.city_co_05679,055058,rural
zip_co_051860,l10n_co_base_location.city_co_05686,051860,urban
zip_co_051868,l10n_co_base_location.city_co_05686,051868,rural
zip_co_051867,l10n_co_base_location.city_co_05686,051867,rural
zip_co_057050,l10n_co_base_location.city_co_05042,057050,urban
zip_co_057057,l10n_co_base_location.city_co_05042,057057,rural
zip_co_057058,l10n_co_base_location.city_co_05042,057058,rural
zip_co_053040,l10n_co_base_location.city_co_05690,053040,urban
zip_co_053048,l10n_co_base_location.city_co_05690,053048,rural
zip_co_053047,l10n_co_base_location.city_co_05690,053047,rural
zip_co_052810,l10n_co_base_location.city_co_05736,052810,urban
zip_co_052818,l10n_co_base_location.city_co_05736,052818,rural
zip_co_052817,l10n_co_base_location.city_co_05736,052817,rural
zip_co_054820,l10n_co_base_location.city_co_05756,054820,urban
zip_co_054827,l10n_co_base_location.city_co_05756,054827,rural
zip_co_054829,l10n_co_base_location.city_co_05756,054829,rural
zip_co_054828,l10n_co_base_location.city_co_05756,054828,rural
zip_co_051440,l10n_co_base_location.city_co_05761,051440,urban
zip_co_051448,l10n_co_base_location.city_co_05761,051448,rural
zip_co_051447,l10n_co_base_location.city_co_05761,051447,rural
zip_co_056020,l10n_co_base_location.city_co_05789,056020,urban
zip_co_056027,l10n_co_base_location.city_co_05789,056027,rural
zip_co_056028,l10n_co_base_location.city_co_05789,056028,rural
zip_co_052460,l10n_co_base_location.city_co_05790,052460,urban
zip_co_052467,l10n_co_base_location.city_co_05790,052467,rural
zip_co_052468,l10n_co_base_location.city_co_05790,052468,rural
zip_co_056430,l10n_co_base_location.city_co_05792,056430,urban
zip_co_056437,l10n_co_base_location.city_co_05792,056437,rural
zip_co_056438,l10n_co_base_location.city_co_05792,056438,rural
zip_co_055858,l10n_co_base_location.city_co_05809,055858,rural
zip_co_055850,l10n_co_base_location.city_co_05809,055850,urban
zip_co_055857,l10n_co_base_location.city_co_05809,055857,rural
zip_co_052050,l10n_co_base_location.city_co_05819,052050,urban
zip_co_052057,l10n_co_base_location.city_co_05819,052057,rural
zip_co_057860,l10n_co_base_location.city_co_05837,057860,urban
zip_co_057869,l10n_co_base_location.city_co_05837,057869,rural
zip_co_057868,l10n_co_base_location.city_co_05837,057868,rural
zip_co_057867,l10n_co_base_location.city_co_05837,057867,rural
zip_co_057440,l10n_co_base_location.city_co_05842,057440,urban
zip_co_057447,l10n_co_base_location.city_co_05842,057447,rural
zip_co_056830,l10n_co_base_location.city_co_05847,056830,urban
zip_co_056838,l10n_co_base_location.city_co_05847,056838,rural
zip_co_056837,l10n_co_base_location.city_co_05847,056837,rural
zip_co_052010,l10n_co_base_location.city_co_05854,052010,urban
zip_co_052018,l10n_co_base_location.city_co_05854,052018,rural
zip_co_052017,l10n_co_base_location.city_co_05854,052017,rural
zip_co_056030,l10n_co_base_location.city_co_05856,056030,urban
zip_co_056037,l10n_co_base_location.city_co_05856,056037,rural
zip_co_052830,l10n_co_base_location.city_co_05858,052830,urban
zip_co_052837,l10n_co_base_location.city_co_05858,052837,rural
zip_co_056420,l10n_co_base_location.city_co_05861,056420,urban
zip_co_056427,l10n_co_base_location.city_co_05861,056427,rural
zip_co_056820,l10n_co_base_location.city_co_05873,056820,urban
zip_co_056828,l10n_co_base_location.city_co_05873,056828,rural
zip_co_056827,l10n_co_base_location.city_co_05873,056827,rural
zip_co_053010,l10n_co_base_location.city_co_05885,053010,urban
zip_co_053017,l10n_co_base_location.city_co_05885,053017,rural
zip_co_052030,l10n_co_base_location.city_co_05887,052030,urban
zip_co_052037,l10n_co_base_location.city_co_05887,052037,rural
zip_co_052038,l10n_co_base_location.city_co_05887,052038,rural
zip_co_053020,l10n_co_base_location.city_co_05890,053020,urban
zip_co_053028,l10n_co_base_location.city_co_05890,053028,rural
zip_co_053027,l10n_co_base_location.city_co_05890,053027,rural
zip_co_053410,l10n_co_base_location.city_co_05893,053410,urban
zip_co_053417,l10n_co_base_location.city_co_05893,053417,rural
zip_co_053418,l10n_co_base_location.city_co_05893,053418,rural
zip_co_052440,l10n_co_base_location.city_co_05895,052440,urban
zip_co_052447,l10n_co_base_location.city_co_05895,052447,rural
zip_co_052448,l10n_co_base_location.city_co_05895,052448,rural
zip_co_810001,l10n_co_base_location.city_co_81001,810001,urban
zip_co_810007,l10n_co_base_location.city_co_81001,810007,rural
zip_co_810008,l10n_co_base_location.city_co_81001,810008,rural
zip_co_810009,l10n_co_base_location.city_co_81001,810009,rural
zip_co_816010,l10n_co_base_location.city_co_81065,816010,urban
zip_co_816017,l10n_co_base_location.city_co_81065,816017,rural
zip_co_816019,l10n_co_base_location.city_co_81065,816019,rural
zip_co_816018,l10n_co_base_location.city_co_81065,816018,rural
zip_co_812010,l10n_co_base_location.city_co_81220,812010,urban
zip_co_812018,l10n_co_base_location.city_co_81220,812018,rural
zip_co_812017,l10n_co_base_location.city_co_81220,812017,rural
zip_co_812019,l10n_co_base_location.city_co_81220,812019,rural
zip_co_814050,l10n_co_base_location.city_co_81300,814050,urban
zip_co_814057,l10n_co_base_location.city_co_81300,814057,rural
zip_co_814058,l10n_co_base_location.city_co_81300,814058,rural
zip_co_813010,l10n_co_base_location.city_co_81591,813010,urban
zip_co_813017,l10n_co_base_location.city_co_81591,813017,rural
zip_co_813018,l10n_co_base_location.city_co_81591,813018,rural
zip_co_815010,l10n_co_base_location.city_co_81736,815010,urban
zip_co_815018,l10n_co_base_location.city_co_81736,815018,rural
zip_co_815017,l10n_co_base_location.city_co_81736,815017,rural
zip_co_814018,l10n_co_base_location.city_co_81794,814018,rural
zip_co_814017,l10n_co_base_location.city_co_81794,814017,rural
zip_co_814010,l10n_co_base_location.city_co_81794,814010,urban
zip_co_880027,l10n_co_base_location.city_co_88564,880027,rural
zip_co_880020,l10n_co_base_location.city_co_88564,880020,urban
zip_co_880028,l10n_co_base_location.city_co_88564,880028,rural
zip_co_880008,l10n_co_base_location.city_co_88001,880008,rural
zip_co_880001,l10n_co_base_location.city_co_88001,880001,urban
zip_co_880007,l10n_co_base_location.city_co_88001,880007,rural
zip_co_082027,l10n_co_base_location.city_co_08078,082027,rural
zip_co_082028,l10n_co_base_location.city_co_08078,082028,rural
zip_co_082020,l10n_co_base_location.city_co_08078,082020,urban
zip_co_080010,l10n_co_base_location.city_co_08001,080010,urban
zip_co_080016,l10n_co_base_location.city_co_08001,080016,urban
zip_co_080004,l10n_co_base_location.city_co_08001,080004,urban
zip_co_080002,l10n_co_base_location.city_co_08001,080002,urban
zip_co_080007,l10n_co_base_location.city_co_08001,080007,rural
zip_co_080014,l10n_co_base_location.city_co_08001,080014,urban
zip_co_080012,l10n_co_base_location.city_co_08001,080012,urban
zip_co_080001,l10n_co_base_location.city_co_08001,080001,urban
zip_co_080005,l10n_co_base_location.city_co_08001,080005,urban
zip_co_080011,l10n_co_base_location.city_co_08001,080011,urban
zip_co_080013,l10n_co_base_location.city_co_08001,080013,urban
zip_co_080003,l10n_co_base_location.city_co_08001,080003,urban
zip_co_080015,l10n_co_base_location.city_co_08001,080015,urban
zip_co_080006,l10n_co_base_location.city_co_08001,080006,urban
zip_co_080020,l10n_co_base_location.city_co_08001,080020,urban
zip_co_084040,l10n_co_base_location.city_co_08137,084040,urban
zip_co_084047,l10n_co_base_location.city_co_08137,084047,rural
zip_co_084020,l10n_co_base_location.city_co_08141,084020,urban
zip_co_084027,l10n_co_base_location.city_co_08141,084027,rural
zip_co_082001,l10n_co_base_location.city_co_08296,082001,urban
zip_co_082007,l10n_co_base_location.city_co_08296,082007,rural
zip_co_081048,l10n_co_base_location.city_co_08372,081048,rural
zip_co_081047,l10n_co_base_location.city_co_08372,081047,rural
zip_co_081040,l10n_co_base_location.city_co_08372,081040,urban
zip_co_085060,l10n_co_base_location.city_co_08421,085060,urban
zip_co_085068,l10n_co_base_location.city_co_08421,085068,rural
zip_co_085067,l10n_co_base_location.city_co_08421,085067,rural
zip_co_083027,l10n_co_base_location.city_co_08433,083027,rural
zip_co_083028,l10n_co_base_location.city_co_08433,083028,rural
zip_co_083021,l10n_co_base_location.city_co_08433,083021,urban
zip_co_083020,l10n_co_base_location.city_co_08433,083020,urban
zip_co_085020,l10n_co_base_location.city_co_08436,085020,urban
zip_co_085027,l10n_co_base_location.city_co_08436,085027,rural
zip_co_083087,l10n_co_base_location.city_co_08520,083087,rural
zip_co_083080,l10n_co_base_location.city_co_08520,083080,urban
zip_co_081060,l10n_co_base_location.city_co_08549,081060,urban
zip_co_081067,l10n_co_base_location.city_co_08549,081067,rural
zip_co_082040,l10n_co_base_location.city_co_08558,082040,urban
zip_co_082047,l10n_co_base_location.city_co_08558,082047,rural
zip_co_084001,l10n_co_base_location.city_co_08560,084001,urban
zip_co_084007,l10n_co_base_location.city_co_08560,084007,rural
zip_co_084008,l10n_co_base_location.city_co_08560,084008,rural
zip_co_081008,l10n_co_base_location.city_co_08573,081008,rural
zip_co_081007,l10n_co_base_location.city_co_08573,081007,rural
zip_co_081001,l10n_co_base_location.city_co_08573,081001,urban
zip_co_085040,l10n_co_base_location.city_co_08606,085040,urban
zip_co_085048,l10n_co_base_location.city_co_08606,085048,rural
zip_co_085047,l10n_co_base_location.city_co_08606,085047,rural
zip_co_083040,l10n_co_base_location.city_co_08634,083040,urban
zip_co_083047,l10n_co_base_location.city_co_08634,083047,rural
zip_co_085001,l10n_co_base_location.city_co_08638,085001,urban
zip_co_085009,l10n_co_base_location.city_co_08638,085009,rural
zip_co_085007,l10n_co_base_location.city_co_08638,085007,rural
zip_co_085008,l10n_co_base_location.city_co_08638,085008,rural
zip_co_084080,l10n_co_base_location.city_co_08675,084080,urban
zip_co_084087,l10n_co_base_location.city_co_08675,084087,rural
zip_co_083067,l10n_co_base_location.city_co_08685,083067,rural
zip_co_083060,l10n_co_base_location.city_co_08685,083060,urban
zip_co_083007,l10n_co_base_location.city_co_08758,083007,rural
zip_co_083005,l10n_co_base_location.city_co_08758,083005,urban
zip_co_083003,l10n_co_base_location.city_co_08758,083003,urban
zip_co_083002,l10n_co_base_location.city_co_08758,083002,urban
zip_co_083004,l10n_co_base_location.city_co_08758,083004,urban
zip_co_083010,l10n_co_base_location.city_co_08758,083010,urban
zip_co_083001,l10n_co_base_location.city_co_08758,083001,urban
zip_co_083006,l10n_co_base_location.city_co_08758,083006,urban
zip_co_084060,l10n_co_base_location.city_co_08770,084060,urban
zip_co_084067,l10n_co_base_location.city_co_08770,084067,rural
zip_co_081027,l10n_co_base_location.city_co_08832,081027,rural
zip_co_081028,l10n_co_base_location.city_co_08832,081028,rural
zip_co_081020,l10n_co_base_location.city_co_08832,081020,urban
zip_co_082067,l10n_co_base_location.city_co_08849,082067,rural
zip_co_082060,l10n_co_base_location.city_co_08849,082060,urban
zip_co_111511,l10n_co_base_location.city_co_11001_01,111511,urban
zip_co_111221,l10n_co_base_location.city_co_11001_02,111221,urban
zip_co_111211,l10n_co_base_location.city_co_11001_02,111211,urban
zip_co_110721,l10n_co_base_location.city_co_11001_03,110721,urban
zip_co_110741,l10n_co_base_location.city_co_11001_03,110741,urban
zip_co_110711,l10n_co_base_location.city_co_11001_03,110711,urban
zip_co_110731,l10n_co_base_location.city_co_11001_03,110731,urban
zip_co_111711,l10n_co_base_location.city_co_11001_04,111711,urban
zip_co_110221,l10n_co_base_location.city_co_11001_05,110221,urban
zip_co_110211,l10n_co_base_location.city_co_11001_05,110211,urban
zip_co_110231,l10n_co_base_location.city_co_11001_05,110231,urban
zip_co_111971,l10n_co_base_location.city_co_11001_06,111971,rural
zip_co_111981,l10n_co_base_location.city_co_11001_06,111981,rural
zip_co_111961,l10n_co_base_location.city_co_11001_06,111961,urban
zip_co_111921,l10n_co_base_location.city_co_11001_06,111921,urban
zip_co_111911,l10n_co_base_location.city_co_11001_06,111911,urban
zip_co_111951,l10n_co_base_location.city_co_11001_06,111951,urban
zip_co_111931,l10n_co_base_location.city_co_11001_06,111931,urban
zip_co_111941,l10n_co_base_location.city_co_11001_06,111941,urban
zip_co_111041,l10n_co_base_location.city_co_11001_07,111041,urban
zip_co_111011,l10n_co_base_location.city_co_11001_07,111011,urban
zip_co_111021,l10n_co_base_location.city_co_11001_07,111021,urban
zip_co_111031,l10n_co_base_location.city_co_11001_07,111031,urban
zip_co_111061,l10n_co_base_location.city_co_11001_07,111061,urban
zip_co_111071,l10n_co_base_location.city_co_11001_07,111071,urban
zip_co_111051,l10n_co_base_location.city_co_11001_07,111051,urban
zip_co_110931,l10n_co_base_location.city_co_11001_08,110931,urban
zip_co_110911,l10n_co_base_location.city_co_11001_08,110911,urban
zip_co_110921,l10n_co_base_location.city_co_11001_08,110921,urban
zip_co_110831,l10n_co_base_location.city_co_11001_09,110831,urban
zip_co_110851,l10n_co_base_location.city_co_11001_09,110851,urban
zip_co_110841,l10n_co_base_location.city_co_11001_09,110841,urban
zip_co_110871,l10n_co_base_location.city_co_11001_09,110871,urban
zip_co_110821,l10n_co_base_location.city_co_11001_09,110821,urban
zip_co_110811,l10n_co_base_location.city_co_11001_09,110811,urban
zip_co_110861,l10n_co_base_location.city_co_11001_09,110861,urban
zip_co_110881,l10n_co_base_location.city_co_11001_09,110881,urban
zip_co_111411,l10n_co_base_location.city_co_11001_10,111411,urban
zip_co_111631,l10n_co_base_location.city_co_11001_11,111631,urban
zip_co_111621,l10n_co_base_location.city_co_11001_11,111621,urban
zip_co_111611,l10n_co_base_location.city_co_11001_11,111611,urban
zip_co_111841,l10n_co_base_location.city_co_11001_12,111841,urban
zip_co_111831,l10n_co_base_location.city_co_11001_12,111831,urban
zip_co_111811,l10n_co_base_location.city_co_11001_12,111811,urban
zip_co_111821,l10n_co_base_location.city_co_11001_12,111821,urban
zip_co_110441,l10n_co_base_location.city_co_11001_13,110441,urban
zip_co_110411,l10n_co_base_location.city_co_11001_13,110411,urban
zip_co_110431,l10n_co_base_location.city_co_11001_13,110431,urban
zip_co_110421,l10n_co_base_location.city_co_11001_13,110421,urban
zip_co_110311,l10n_co_base_location.city_co_11001_14,110311,urban
zip_co_110321,l10n_co_base_location.city_co_11001_14,110321,urban
zip_co_111166,l10n_co_base_location.city_co_11001_15,111166,urban
zip_co_111131,l10n_co_base_location.city_co_11001_15,111131,urban
zip_co_111161,l10n_co_base_location.city_co_11001_15,111161,urban
zip_co_111176,l10n_co_base_location.city_co_11001_15,111176,urban
zip_co_111141,l10n_co_base_location.city_co_11001_15,111141,urban
zip_co_111156,l10n_co_base_location.city_co_11001_15,111156,urban
zip_co_111121,l10n_co_base_location.city_co_11001_15,111121,urban
zip_co_111111,l10n_co_base_location.city_co_11001_15,111111,urban
zip_co_111171,l10n_co_base_location.city_co_11001_15,111171,urban
zip_co_111151,l10n_co_base_location.city_co_11001_15,111151,urban
zip_co_112041,l10n_co_base_location.city_co_11001_16,112041,rural
zip_co_112031,l10n_co_base_location.city_co_11001_16,112031,rural
zip_co_112021,l10n_co_base_location.city_co_11001_16,112021,rural
zip_co_112011,l10n_co_base_location.city_co_11001_16,112011,rural
zip_co_111321,l10n_co_base_location.city_co_11001_17,111321,urban
zip_co_111311,l10n_co_base_location.city_co_11001_17,111311,urban
zip_co_110621,l10n_co_base_location.city_co_11001_18,110621,urban
zip_co_110611,l10n_co_base_location.city_co_11001_18,110611,urban
zip_co_110151,l10n_co_base_location.city_co_11001_19,110151,urban
zip_co_110141,l10n_co_base_location.city_co_11001_19,110141,urban
zip_co_110121,l10n_co_base_location.city_co_11001_19,110121,urban
zip_co_110131,l10n_co_base_location.city_co_11001_19,110131,urban
zip_co_110111,l10n_co_base_location.city_co_11001_19,110111,urban
zip_co_110531,l10n_co_base_location.city_co_11001_20,110531,urban
zip_co_110561,l10n_co_base_location.city_co_11001_20,110561,rural
zip_co_110541,l10n_co_base_location.city_co_11001_20,110541,urban
zip_co_110571,l10n_co_base_location.city_co_11001_20,110571,rural
zip_co_110521,l10n_co_base_location.city_co_11001_20,110521,urban
zip_co_110511,l10n_co_base_location.city_co_11001_20,110511,urban
zip_co_110551,l10n_co_base_location.city_co_11001_20,110551,rural
zip_co_134020,l10n_co_base_location.city_co_13006,134020,urban
zip_co_134028,l10n_co_base_location.city_co_13006,134028,rural
zip_co_134027,l10n_co_base_location.city_co_13006,134027,rural
zip_co_133508,l10n_co_base_location.city_co_13030,133508,rural
zip_co_133501,l10n_co_base_location.city_co_13030,133501,urban
zip_co_133507,l10n_co_base_location.city_co_13030,133507,rural
zip_co_134520,l10n_co_base_location.city_co_13042,134520,urban
zip_co_134527,l10n_co_base_location.city_co_13042,134527,rural
zip_co_131028,l10n_co_base_location.city_co_13052,131028,rural
zip_co_131029,l10n_co_base_location.city_co_13052,131029,rural
zip_co_131020,l10n_co_base_location.city_co_13052,131020,urban
zip_co_131027,l10n_co_base_location.city_co_13052,131027,rural
zip_co_131560,l10n_co_base_location.city_co_13062,131560,urban
zip_co_131567,l10n_co_base_location.city_co_13062,131567,rural
zip_co_133517,l10n_co_base_location.city_co_13074,133517,rural
zip_co_133518,l10n_co_base_location.city_co_13074,133518,rural
zip_co_133510,l10n_co_base_location.city_co_13074,133510,urban
zip_co_131547,l10n_co_base_location.city_co_13140,131547,rural
zip_co_131540,l10n_co_base_location.city_co_13140,131540,urban
zip_co_131548,l10n_co_base_location.city_co_13140,131548,rural
zip_co_135060,l10n_co_base_location.city_co_13160,135060,urban
zip_co_135067,l10n_co_base_location.city_co_13160,135067,rural
zip_co_130019,l10n_co_base_location.city_co_13001,130019,rural
zip_co_130018,l10n_co_base_location.city_co_13001,130018,rural
zip_co_130005,l10n_co_base_location.city_co_13001,130005,urban
zip_co_130008,l10n_co_base_location.city_co_13001,130008,rural
zip_co_130027,l10n_co_base_location.city_co_13001,130027,rural
zip_co_130009,l10n_co_base_location.city_co_13001,130009,rural
zip_co_130017,l10n_co_base_location.city_co_13001,130017,rural
zip_co_130007,l10n_co_base_location.city_co_13001,130007,rural
zip_co_130001,l10n_co_base_location.city_co_13001,130001,urban
zip_co_130006,l10n_co_base_location.city_co_13001,130006,urban
zip_co_130012,l10n_co_base_location.city_co_13001,130012,urban
zip_co_130014,l10n_co_base_location.city_co_13001,130014,urban
zip_co_130004,l10n_co_base_location.city_co_13001,130004,urban
zip_co_130002,l10n_co_base_location.city_co_13001,130002,urban
zip_co_130013,l10n_co_base_location.city_co_13001,130013,urban
zip_co_130015,l10n_co_base_location.city_co_13001,130015,urban
zip_co_130010,l10n_co_base_location.city_co_13001,130010,urban
zip_co_130011,l10n_co_base_location.city_co_13001,130011,urban
zip_co_130003,l10n_co_base_location.city_co_13001,130003,urban
zip_co_132550,l10n_co_base_location.city_co_13188,132550,urban
zip_co_132557,l10n_co_base_location.city_co_13188,132557,rural
zip_co_130510,l10n_co_base_location.city_co_13222,130510,urban
zip_co_130517,l10n_co_base_location.city_co_13222,130517,rural
zip_co_132507,l10n_co_base_location.city_co_13212,132507,rural
zip_co_132508,l10n_co_base_location.city_co_13212,132508,rural
zip_co_132501,l10n_co_base_location.city_co_13212,132501,urban
zip_co_132058,l10n_co_base_location.city_co_13244,132058,rural
zip_co_132057,l10n_co_base_location.city_co_13244,132057,rural
zip_co_132050,l10n_co_base_location.city_co_13244,132050,urban
zip_co_132059,l10n_co_base_location.city_co_13244,132059,rural
zip_co_132007,l10n_co_base_location.city_co_13248,132007,rural
zip_co_132001,l10n_co_base_location.city_co_13248,132001,urban
zip_co_133550,l10n_co_base_location.city_co_13268,133550,urban
zip_co_133558,l10n_co_base_location.city_co_13268,133558,rural
zip_co_133557,l10n_co_base_location.city_co_13268,133557,rural
zip_co_133040,l10n_co_base_location.city_co_13300,133040,urban
zip_co_133048,l10n_co_base_location.city_co_13300,133048,rural
zip_co_133047,l10n_co_base_location.city_co_13300,133047,rural
zip_co_133049,l10n_co_base_location.city_co_13300,133049,rural
zip_co_132518,l10n_co_base_location.city_co_13430,132518,rural
zip_co_132519,l10n_co_base_location.city_co_13430,132519,rural
zip_co_132517,l10n_co_base_location.city_co_13430,132517,rural
zip_co_132512,l10n_co_base_location.city_co_13430,132512,urban
zip_co_132527,l10n_co_base_location.city_co_13430,132527,rural
zip_co_132511,l10n_co_base_location.city_co_13430,132511,urban
zip_co_131048,l10n_co_base_location.city_co_13433,131048,rural
zip_co_131047,l10n_co_base_location.city_co_13433,131047,rural
zip_co_131040,l10n_co_base_location.city_co_13433,131040,urban
zip_co_133020,l10n_co_base_location.city_co_13440,133020,urban
zip_co_133027,l10n_co_base_location.city_co_13440,133027,rural
zip_co_133028,l10n_co_base_location.city_co_13440,133028,rural
zip_co_131060,l10n_co_base_location.city_co_13442,131060,urban
zip_co_131077,l10n_co_base_location.city_co_13442,131077,rural
zip_co_131069,l10n_co_base_location.city_co_13442,131069,rural
zip_co_131068,l10n_co_base_location.city_co_13442,131068,rural
zip_co_131067,l10n_co_base_location.city_co_13442,131067,rural
zip_co_132560,l10n_co_base_location.city_co_13468,132560,urban
zip_co_132568,l10n_co_base_location.city_co_13468,132568,rural
zip_co_132567,l10n_co_base_location.city_co_13468,132567,rural
zip_co_134070,l10n_co_base_location.city_co_13458,134070,urban
zip_co_134077,l10n_co_base_location.city_co_13458,134077,rural
zip_co_134540,l10n_co_base_location.city_co_13473,134540,urban
zip_co_134548,l10n_co_base_location.city_co_13473,134548,rural
zip_co_134547,l10n_co_base_location.city_co_13473,134547,rural
zip_co_134510,l10n_co_base_location.city_co_13490,134510,urban
zip_co_134517,l10n_co_base_location.city_co_13490,134517,rural
zip_co_134001,l10n_co_base_location.city_co_13549,134001,urban
zip_co_134007,l10n_co_base_location.city_co_13549,134007,rural
zip_co_134008,l10n_co_base_location.city_co_13549,134008,rural
zip_co_133560,l10n_co_base_location.city_co_13580,133560,urban
zip_co_133567,l10n_co_base_location.city_co_13580,133567,rural
zip_co_134501,l10n_co_base_location.city_co_13600,134501,urban
zip_co_134507,l10n_co_base_location.city_co_13600,134507,rural
zip_co_131520,l10n_co_base_location.city_co_13620,131520,urban
zip_co_131527,l10n_co_base_location.city_co_13620,131527,rural
zip_co_130540,l10n_co_base_location.city_co_13647,130540,urban
zip_co_130547,l10n_co_base_location.city_co_13647,130547,rural
zip_co_133007,l10n_co_base_location.city_co_13650,133007,rural
zip_co_133001,l10n_co_base_location.city_co_13650,133001,urban
zip_co_133008,l10n_co_base_location.city_co_13650,133008,rural
zip_co_132030,l10n_co_base_location.city_co_13654,132030,urban
zip_co_132037,l10n_co_base_location.city_co_13654,132037,rural
zip_co_134060,l10n_co_base_location.city_co_13655,134060,urban
zip_co_134068,l10n_co_base_location.city_co_13655,134068,rural
zip_co_134067,l10n_co_base_location.city_co_13655,134067,rural
zip_co_132010,l10n_co_base_location.city_co_13657,132010,urban
zip_co_132017,l10n_co_base_location.city_co_13657,132017,rural
zip_co_132018,l10n_co_base_location.city_co_13657,132018,rural
zip_co_133530,l10n_co_base_location.city_co_13667,133530,urban
zip_co_133538,l10n_co_base_location.city_co_13667,133538,rural
zip_co_133537,l10n_co_base_location.city_co_13667,133537,rural
zip_co_135040,l10n_co_base_location.city_co_13670,135040,urban
zip_co_135047,l10n_co_base_location.city_co_13670,135047,rural
zip_co_135048,l10n_co_base_location.city_co_13670,135048,rural
zip_co_130501,l10n_co_base_location.city_co_13673,130501,urban
zip_co_130507,l10n_co_base_location.city_co_13673,130507,rural
zip_co_130508,l10n_co_base_location.city_co_13673,130508,rural
zip_co_130527,l10n_co_base_location.city_co_13683,130527,rural
zip_co_130520,l10n_co_base_location.city_co_13683,130520,urban
zip_co_130528,l10n_co_base_location.city_co_13683,130528,rural
zip_co_135001,l10n_co_base_location.city_co_13688,135001,urban
zip_co_135007,l10n_co_base_location.city_co_13688,135007,rural
zip_co_135008,l10n_co_base_location.city_co_13688,135008,rural
zip_co_135020,l10n_co_base_location.city_co_13744,135020,urban
zip_co_135028,l10n_co_base_location.city_co_13744,135028,rural
zip_co_135027,l10n_co_base_location.city_co_13744,135027,rural
zip_co_131501,l10n_co_base_location.city_co_13760,131501,urban
zip_co_131507,l10n_co_base_location.city_co_13760,131507,rural
zip_co_132540,l10n_co_base_location.city_co_13780,132540,urban
zip_co_132548,l10n_co_base_location.city_co_13780,132548,rural
zip_co_132547,l10n_co_base_location.city_co_13780,132547,rural
zip_co_134040,l10n_co_base_location.city_co_13810,134040,urban
zip_co_134048,l10n_co_base_location.city_co_13810,134048,rural
zip_co_134047,l10n_co_base_location.city_co_13810,134047,rural
zip_co_131007,l10n_co_base_location.city_co_13836,131007,rural
zip_co_131008,l10n_co_base_location.city_co_13836,131008,rural
zip_co_131001,l10n_co_base_location.city_co_13836,131001,urban
zip_co_131010,l10n_co_base_location.city_co_13838,131010,urban
zip_co_131017,l10n_co_base_location.city_co_13838,131017,rural
zip_co_130530,l10n_co_base_location.city_co_13873,130530,urban
zip_co_130537,l10n_co_base_location.city_co_13873,130537,rural
zip_co_132047,l10n_co_base_location.city_co_13894,132047,rural
zip_co_132040,l10n_co_base_location.city_co_13894,132040,urban
zip_co_153020,l10n_co_base_location.city_co_15022,153020,urban
zip_co_153027,l10n_co_base_location.city_co_15022,153027,rural
zip_co_152420,l10n_co_base_location.city_co_15047,152420,urban
zip_co_152429,l10n_co_base_location.city_co_15047,152429,rural
zip_co_152427,l10n_co_base_location.city_co_15047,152427,rural
zip_co_152428,l10n_co_base_location.city_co_15047,152428,rural
zip_co_154201,l10n_co_base_location.city_co_15051,154201,urban
zip_co_154207,l10n_co_base_location.city_co_15051,154207,rural
zip_co_150640,l10n_co_base_location.city_co_15087,150640,urban
zip_co_150647,l10n_co_base_location.city_co_15087,150647,rural
zip_co_152617,l10n_co_base_location.city_co_15090,152617,rural
zip_co_152610,l10n_co_base_location.city_co_15090,152610,urban
zip_co_150610,l10n_co_base_location.city_co_15092,150610,urban
zip_co_150617,l10n_co_base_location.city_co_15092,150617,rural
zip_co_151060,l10n_co_base_location.city_co_15097,151060,urban
zip_co_151067,l10n_co_base_location.city_co_15097,151067,rural
zip_co_153610,l10n_co_base_location.city_co_15104,153610,urban
zip_co_153617,l10n_co_base_location.city_co_15104,153617,rural
zip_co_154670,l10n_co_base_location.city_co_15106,154670,urban
zip_co_154677,l10n_co_base_location.city_co_15106,154677,rural
zip_co_154840,l10n_co_base_location.city_co_15109,154840,urban
zip_co_154847,l10n_co_base_location.city_co_15109,154847,rural
zip_co_154848,l10n_co_base_location.city_co_15109,154848,rural
zip_co_152087,l10n_co_base_location.city_co_15114,152087,rural
zip_co_152080,l10n_co_base_location.city_co_15114,152080,urban
zip_co_154660,l10n_co_base_location.city_co_15131,154660,urban
zip_co_154667,l10n_co_base_location.city_co_15131,154667,rural
zip_co_152640,l10n_co_base_location.city_co_15135,152640,urban
zip_co_152647,l10n_co_base_location.city_co_15135,152647,rural
zip_co_150627,l10n_co_base_location.city_co_15162,150627,rural
zip_co_150620,l10n_co_base_location.city_co_15162,150620,urban
zip_co_153287,l10n_co_base_location.city_co_15172,153287,rural
zip_co_153280,l10n_co_base_location.city_co_15172,153280,urban
zip_co_154640,l10n_co_base_location.city_co_15176,154640,urban
zip_co_154647,l10n_co_base_location.city_co_15176,154647,rural
zip_co_154648,l10n_co_base_location.city_co_15176,154648,rural
zip_co_154020,l10n_co_base_location.city_co_15232,154020,urban
zip_co_154027,l10n_co_base_location.city_co_15232,154027,rural
zip_co_151401,l10n_co_base_location.city_co_15180,151401,urban
zip_co_151407,l10n_co_base_location.city_co_15180,151407,rural
zip_co_151601,l10n_co_base_location.city_co_15183,151601,urban
zip_co_151609,l10n_co_base_location.city_co_15183,151609,rural
zip_co_151608,l10n_co_base_location.city_co_15183,151608,rural
zip_co_151607,l10n_co_base_location.city_co_15183,151607,rural
zip_co_154420,l10n_co_base_location.city_co_15185,154420,urban
zip_co_154428,l10n_co_base_location.city_co_15185,154428,rural
zip_co_154427,l10n_co_base_location.city_co_15185,154427,rural
zip_co_150240,l10n_co_base_location.city_co_15187,150240,urban
zip_co_150247,l10n_co_base_location.city_co_15187,150247,rural
zip_co_153001,l10n_co_base_location.city_co_15236,153001,urban
zip_co_153007,l10n_co_base_location.city_co_15236,153007,rural
zip_co_153440,l10n_co_base_location.city_co_15189,153440,urban
zip_co_153447,l10n_co_base_location.city_co_15189,153447,rural
zip_co_150201,l10n_co_base_location.city_co_15204,150201,urban
zip_co_150208,l10n_co_base_location.city_co_15204,150208,rural
zip_co_150207,l10n_co_base_location.city_co_15204,150207,rural
zip_co_154860,l10n_co_base_location.city_co_15212,154860,urban
zip_co_154867,l10n_co_base_location.city_co_15212,154867,rural
zip_co_152060,l10n_co_base_location.city_co_15215,152060,urban
zip_co_152067,l10n_co_base_location.city_co_15215,152067,rural
zip_co_151040,l10n_co_base_location.city_co_15218,151040,urban
zip_co_151047,l10n_co_base_location.city_co_15218,151047,rural
zip_co_151420,l10n_co_base_location.city_co_15223,151420,urban
zip_co_151427,l10n_co_base_location.city_co_15223,151427,rural
zip_co_154060,l10n_co_base_location.city_co_15224,154060,urban
zip_co_154067,l10n_co_base_location.city_co_15224,154067,rural
zip_co_152230,l10n_co_base_location.city_co_15226,152230,urban
zip_co_152237,l10n_co_base_location.city_co_15226,152237,rural
zip_co_150467,l10n_co_base_location.city_co_15238,150467,rural
zip_co_150461,l10n_co_base_location.city_co_15238,150461,urban
zip_co_150468,l10n_co_base_location.city_co_15238,150468,rural
zip_co_150469,l10n_co_base_location.city_co_15238,150469,rural
zip_co_150462,l10n_co_base_location.city_co_15238,150462,urban
zip_co_150477,l10n_co_base_location.city_co_15238,150477,rural
zip_co_151280,l10n_co_base_location.city_co_15244,151280,urban
zip_co_151287,l10n_co_base_location.city_co_15244,151287,rural
zip_co_151240,l10n_co_base_location.city_co_15248,151240,urban
zip_co_151247,l10n_co_base_location.city_co_15248,151247,rural
zip_co_152250,l10n_co_base_location.city_co_15272,152250,urban
zip_co_152257,l10n_co_base_location.city_co_15272,152257,rural
zip_co_150601,l10n_co_base_location.city_co_15276,150601,urban
zip_co_150607,l10n_co_base_location.city_co_15276,150607,rural
zip_co_154220,l10n_co_base_location.city_co_15293,154220,urban
zip_co_154227,l10n_co_base_location.city_co_15293,154227,rural
zip_co_152020,l10n_co_base_location.city_co_15296,152020,urban
zip_co_152027,l10n_co_base_location.city_co_15296,152027,rural
zip_co_151440,l10n_co_base_location.city_co_15332,151440,urban
zip_co_151447,l10n_co_base_location.city_co_15332,151447,rural
zip_co_151448,l10n_co_base_location.city_co_15332,151448,rural
zip_co_152860,l10n_co_base_location.city_co_15299,152860,urban
zip_co_152867,l10n_co_base_location.city_co_15299,152867,rural
zip_co_151220,l10n_co_base_location.city_co_15317,151220,urban
zip_co_151227,l10n_co_base_location.city_co_15317,151227,rural
zip_co_153050,l10n_co_base_location.city_co_15322,153050,urban
zip_co_153057,l10n_co_base_location.city_co_15322,153057,rural
zip_co_153040,l10n_co_base_location.city_co_15325,153040,urban
zip_co_153047,l10n_co_base_location.city_co_15325,153047,rural
zip_co_152240,l10n_co_base_location.city_co_15362,152240,urban
zip_co_152247,l10n_co_base_location.city_co_15362,152247,rural
zip_co_153601,l10n_co_base_location.city_co_15367,153601,urban
zip_co_153608,l10n_co_base_location.city_co_15367,153608,rural
zip_co_153607,l10n_co_base_location.city_co_15367,153607,rural
zip_co_150840,l10n_co_base_location.city_co_15368,150840,urban
zip_co_150847,l10n_co_base_location.city_co_15368,150847,rural
zip_co_153220,l10n_co_base_location.city_co_15380,153220,urban
zip_co_153227,l10n_co_base_location.city_co_15380,153227,rural
zip_co_150860,l10n_co_base_location.city_co_15403,150860,urban
zip_co_150867,l10n_co_base_location.city_co_15403,150867,rural
zip_co_155001,l10n_co_base_location.city_co_15401,155001,urban
zip_co_155007,l10n_co_base_location.city_co_15401,155007,rural
zip_co_151840,l10n_co_base_location.city_co_15377,151840,urban
zip_co_151847,l10n_co_base_location.city_co_15377,151847,rural
zip_co_152840,l10n_co_base_location.city_co_15425,152840,urban
zip_co_152847,l10n_co_base_location.city_co_15425,152847,rural
zip_co_154820,l10n_co_base_location.city_co_15442,154820,urban
zip_co_154827,l10n_co_base_location.city_co_15442,154827,rural
zip_co_154828,l10n_co_base_location.city_co_15442,154828,rural
zip_co_152667,l10n_co_base_location.city_co_15455,152667,rural
zip_co_152660,l10n_co_base_location.city_co_15455,152660,urban
zip_co_152001,l10n_co_base_location.city_co_15464,152001,urban
zip_co_152007,l10n_co_base_location.city_co_15464,152007,rural
zip_co_152201,l10n_co_base_location.city_co_15466,152201,urban
zip_co_152207,l10n_co_base_location.city_co_15466,152207,rural
zip_co_154260,l10n_co_base_location.city_co_15469,154260,urban
zip_co_154267,l10n_co_base_location.city_co_15469,154267,rural
zip_co_154269,l10n_co_base_location.city_co_15469,154269,rural
zip_co_154268,l10n_co_base_location.city_co_15469,154268,rural
zip_co_154080,l10n_co_base_location.city_co_15476,154080,urban
zip_co_154087,l10n_co_base_location.city_co_15476,154087,rural
zip_co_154880,l10n_co_base_location.city_co_15480,154880,urban
zip_co_154887,l10n_co_base_location.city_co_15480,154887,rural
zip_co_152280,l10n_co_base_location.city_co_15491,152280,urban
zip_co_152287,l10n_co_base_location.city_co_15491,152287,rural
zip_co_152288,l10n_co_base_location.city_co_15491,152288,rural
zip_co_153620,l10n_co_base_location.city_co_15494,153620,urban
zip_co_153627,l10n_co_base_location.city_co_15494,153627,rural
zip_co_150220,l10n_co_base_location.city_co_15500,150220,urban
zip_co_150227,l10n_co_base_location.city_co_15500,150227,rural
zip_co_155060,l10n_co_base_location.city_co_15507,155060,urban
zip_co_155068,l10n_co_base_location.city_co_15507,155068,rural
zip_co_155067,l10n_co_base_location.city_co_15507,155067,rural
zip_co_153210,l10n_co_base_location.city_co_15511,153210,urban
zip_co_153217,l10n_co_base_location.city_co_15511,153217,rural
zip_co_152620,l10n_co_base_location.city_co_15514,152620,urban
zip_co_152627,l10n_co_base_location.city_co_15514,152627,rural
zip_co_150447,l10n_co_base_location.city_co_15516,150447,rural
zip_co_150449,l10n_co_base_location.city_co_15516,150449,rural
zip_co_150440,l10n_co_base_location.city_co_15516,150440,urban
zip_co_150448,l10n_co_base_location.city_co_15516,150448,rural
zip_co_152407,l10n_co_base_location.city_co_15518,152407,rural
zip_co_152401,l10n_co_base_location.city_co_15518,152401,urban
zip_co_151260,l10n_co_base_location.city_co_15522,151260,urban
zip_co_151267,l10n_co_base_location.city_co_15522,151267,rural
zip_co_154801,l10n_co_base_location.city_co_15531,154801,urban
zip_co_154807,l10n_co_base_location.city_co_15531,154807,rural
zip_co_154808,l10n_co_base_location.city_co_15531,154808,rural
zip_co_151827,l10n_co_base_location.city_co_15533,151827,rural
zip_co_151820,l10n_co_base_location.city_co_15533,151820,urban
zip_co_150680,l10n_co_base_location.city_co_15537,150680,urban
zip_co_150687,l10n_co_base_location.city_co_15537,150687,rural
zip_co_152460,l10n_co_base_location.city_co_15542,152460,urban
zip_co_152468,l10n_co_base_location.city_co_15542,152468,rural
zip_co_152469,l10n_co_base_location.city_co_15542,152469,rural
zip_co_152467,l10n_co_base_location.city_co_15542,152467,rural
zip_co_151801,l10n_co_base_location.city_co_15550,151801,urban
zip_co_151807,l10n_co_base_location.city_co_15550,151807,rural
zip_co_155208,l10n_co_base_location.city_co_15572,155208,rural
zip_co_155201,l10n_co_base_location.city_co_15572,155201,urban
zip_co_155209,l10n_co_base_location.city_co_15572,155209,rural
zip_co_155218,l10n_co_base_location.city_co_15572,155218,rural
zip_co_155207,l10n_co_base_location.city_co_15572,155207,rural
zip_co_155217,l10n_co_base_location.city_co_15572,155217,rural
zip_co_155219,l10n_co_base_location.city_co_15572,155219,rural
zip_co_155027,l10n_co_base_location.city_co_15580,155027,rural
zip_co_155020,l10n_co_base_location.city_co_15580,155020,urban
zip_co_155028,l10n_co_base_location.city_co_15580,155028,rural
zip_co_153407,l10n_co_base_location.city_co_15599,153407,rural
zip_co_153401,l10n_co_base_location.city_co_15599,153401,urban
zip_co_153408,l10n_co_base_location.city_co_15599,153408,rural
zip_co_153801,l10n_co_base_location.city_co_15600,153801,urban
zip_co_153807,l10n_co_base_location.city_co_15600,153807,rural
zip_co_153808,l10n_co_base_location.city_co_15600,153808,rural
zip_co_153809,l10n_co_base_location.city_co_15600,153809,rural
zip_co_153420,l10n_co_base_location.city_co_15621,153420,urban
zip_co_153427,l10n_co_base_location.city_co_15621,153427,rural
zip_co_154601,l10n_co_base_location.city_co_15632,154601,urban
zip_co_154617,l10n_co_base_location.city_co_15632,154617,rural
zip_co_154608,l10n_co_base_location.city_co_15632,154608,rural
zip_co_154609,l10n_co_base_location.city_co_15632,154609,rural
zip_co_154607,l10n_co_base_location.city_co_15632,154607,rural
zip_co_153887,l10n_co_base_location.city_co_15638,153887,rural
zip_co_153880,l10n_co_base_location.city_co_15638,153880,urban
zip_co_153660,l10n_co_base_location.city_co_15646,153660,urban
zip_co_153667,l10n_co_base_location.city_co_15646,153667,rural
zip_co_153668,l10n_co_base_location.city_co_15646,153668,rural
zip_co_152601,l10n_co_base_location.city_co_15660,152601,urban
zip_co_152607,l10n_co_base_location.city_co_15660,152607,rural
zip_co_154460,l10n_co_base_location.city_co_15664,154460,urban
zip_co_154467,l10n_co_base_location.city_co_15664,154467,rural
zip_co_152801,l10n_co_base_location.city_co_15667,152801,urban
zip_co_152807,l10n_co_base_location.city_co_15667,152807,rural
zip_co_151207,l10n_co_base_location.city_co_15673,151207,rural
zip_co_151201,l10n_co_base_location.city_co_15673,151201,urban
zip_co_153820,l10n_co_base_location.city_co_15676,153820,urban
zip_co_153827,l10n_co_base_location.city_co_15676,153827,rural
zip_co_155040,l10n_co_base_location.city_co_15681,155040,urban
zip_co_155047,l10n_co_base_location.city_co_15681,155047,rural
zip_co_155048,l10n_co_base_location.city_co_15681,155048,rural
zip_co_152820,l10n_co_base_location.city_co_15690,152820,urban
zip_co_152827,l10n_co_base_location.city_co_15690,152827,rural
zip_co_150480,l10n_co_base_location.city_co_15693,150480,urban
zip_co_150488,l10n_co_base_location.city_co_15693,150488,rural
zip_co_150487,l10n_co_base_location.city_co_15693,150487,rural
zip_co_154247,l10n_co_base_location.city_co_15696,154247,rural
zip_co_154240,l10n_co_base_location.city_co_15696,154240,urban
zip_co_154440,l10n_co_base_location.city_co_15686,154440,urban
zip_co_154448,l10n_co_base_location.city_co_15686,154448,rural
zip_co_154447,l10n_co_base_location.city_co_15686,154447,rural
zip_co_150820,l10n_co_base_location.city_co_15720,150820,urban
zip_co_150827,l10n_co_base_location.city_co_15720,150827,rural
zip_co_150801,l10n_co_base_location.city_co_15723,150801,urban
zip_co_150807,l10n_co_base_location.city_co_15723,150807,rural
zip_co_153460,l10n_co_base_location.city_co_15740,153460,urban
zip_co_153468,l10n_co_base_location.city_co_15740,153468,rural
zip_co_153467,l10n_co_base_location.city_co_15740,153467,rural
zip_co_151001,l10n_co_base_location.city_co_15753,151001,urban
zip_co_151007,l10n_co_base_location.city_co_15753,151007,rural
zip_co_151640,l10n_co_base_location.city_co_15757,151640,urban
zip_co_151647,l10n_co_base_location.city_co_15757,151647,rural
zip_co_151620,l10n_co_base_location.city_co_15755,151620,urban
zip_co_151628,l10n_co_base_location.city_co_15755,151628,rural
zip_co_151627,l10n_co_base_location.city_co_15755,151627,rural
zip_co_152217,l10n_co_base_location.city_co_15759,152217,rural
zip_co_152219,l10n_co_base_location.city_co_15759,152219,rural
zip_co_152218,l10n_co_base_location.city_co_15759,152218,rural
zip_co_152210,l10n_co_base_location.city_co_15759,152210,urban
zip_co_152211,l10n_co_base_location.city_co_15759,152211,urban
zip_co_153030,l10n_co_base_location.city_co_15761,153030,urban
zip_co_153037,l10n_co_base_location.city_co_15761,153037,rural
zip_co_154040,l10n_co_base_location.city_co_15762,154040,urban
zip_co_154047,l10n_co_base_location.city_co_15762,154047,rural
zip_co_153480,l10n_co_base_location.city_co_15764,153480,urban
zip_co_153487,l10n_co_base_location.city_co_15764,153487,rural
zip_co_150420,l10n_co_base_location.city_co_15763,150420,urban
zip_co_150428,l10n_co_base_location.city_co_15763,150428,rural
zip_co_150427,l10n_co_base_location.city_co_15763,150427,rural
zip_co_150880,l10n_co_base_location.city_co_15774,150880,urban
zip_co_150887,l10n_co_base_location.city_co_15774,150887,rural
zip_co_153867,l10n_co_base_location.city_co_15776,153867,rural
zip_co_153860,l10n_co_base_location.city_co_15776,153860,urban
zip_co_153067,l10n_co_base_location.city_co_15778,153067,rural
zip_co_153060,l10n_co_base_location.city_co_15778,153060,urban
zip_co_151660,l10n_co_base_location.city_co_15790,151660,urban
zip_co_151667,l10n_co_base_location.city_co_15790,151667,rural
zip_co_153207,l10n_co_base_location.city_co_15798,153207,rural
zip_co_153201,l10n_co_base_location.city_co_15798,153201,urban
zip_co_153260,l10n_co_base_location.city_co_15804,153260,urban
zip_co_153268,l10n_co_base_location.city_co_15804,153268,rural
zip_co_153267,l10n_co_base_location.city_co_15804,153267,rural
zip_co_152260,l10n_co_base_location.city_co_15806,152260,urban
zip_co_152268,l10n_co_base_location.city_co_15806,152268,rural
zip_co_152267,l10n_co_base_location.city_co_15806,152267,rural
zip_co_153840,l10n_co_base_location.city_co_15808,153840,urban
zip_co_153847,l10n_co_base_location.city_co_15808,153847,rural
zip_co_151020,l10n_co_base_location.city_co_15810,151020,urban
zip_co_151027,l10n_co_base_location.city_co_15810,151027,rural
zip_co_150260,l10n_co_base_location.city_co_15814,150260,urban
zip_co_150268,l10n_co_base_location.city_co_15814,150268,rural
zip_co_150267,l10n_co_base_location.city_co_15814,150267,rural
zip_co_154401,l10n_co_base_location.city_co_15816,154401,urban
zip_co_154407,l10n_co_base_location.city_co_15816,154407,rural
zip_co_152047,l10n_co_base_location.city_co_15820,152047,rural
zip_co_152040,l10n_co_base_location.city_co_15820,152040,urban
zip_co_152440,l10n_co_base_location.city_co_15822,152440,urban
zip_co_152447,l10n_co_base_location.city_co_15822,152447,rural
zip_co_152448,l10n_co_base_location.city_co_15822,152448,rural
zip_co_150003,l10n_co_base_location.city_co_15001,150003,urban
zip_co_150009,l10n_co_base_location.city_co_15001,150009,rural
zip_co_150007,l10n_co_base_location.city_co_15001,150007,rural
zip_co_150002,l10n_co_base_location.city_co_15001,150002,urban
zip_co_150001,l10n_co_base_location.city_co_15001,150001,urban
zip_co_150008,l10n_co_base_location.city_co_15001,150008,rural
zip_co_154687,l10n_co_base_location.city_co_15832,154687,rural
zip_co_154680,l10n_co_base_location.city_co_15832,154680,urban
zip_co_153630,l10n_co_base_location.city_co_15835,153630,urban
zip_co_153637,l10n_co_base_location.city_co_15835,153637,rural
zip_co_150401,l10n_co_base_location.city_co_15837,150401,urban
zip_co_150407,l10n_co_base_location.city_co_15837,150407,rural
zip_co_150408,l10n_co_base_location.city_co_15837,150408,rural
zip_co_150660,l10n_co_base_location.city_co_15839,150660,urban
zip_co_150667,l10n_co_base_location.city_co_15839,150667,rural
zip_co_153240,l10n_co_base_location.city_co_15842,153240,urban
zip_co_153247,l10n_co_base_location.city_co_15842,153247,rural
zip_co_153248,l10n_co_base_location.city_co_15842,153248,rural
zip_co_153640,l10n_co_base_location.city_co_15861,153640,urban
zip_co_153649,l10n_co_base_location.city_co_15861,153649,rural
zip_co_153648,l10n_co_base_location.city_co_15861,153648,rural
zip_co_153647,l10n_co_base_location.city_co_15861,153647,rural
zip_co_154001,l10n_co_base_location.city_co_15407,154001,urban
zip_co_154007,l10n_co_base_location.city_co_15407,154007,rural
zip_co_153450,l10n_co_base_location.city_co_15879,153450,urban
zip_co_153457,l10n_co_base_location.city_co_15879,153457,rural
zip_co_152680,l10n_co_base_location.city_co_15897,152680,urban
zip_co_152687,l10n_co_base_location.city_co_15897,152687,rural
zip_co_172020,l10n_co_base_location.city_co_17013,172020,urban
zip_co_172029,l10n_co_base_location.city_co_17013,172029,rural
zip_co_172027,l10n_co_base_location.city_co_17013,172027,rural
zip_co_172028,l10n_co_base_location.city_co_17013,172028,rural
zip_co_177080,l10n_co_base_location.city_co_17042,177080,urban
zip_co_177089,l10n_co_base_location.city_co_17042,177089,rural
zip_co_177088,l10n_co_base_location.city_co_17042,177088,rural
zip_co_177087,l10n_co_base_location.city_co_17042,177087,rural
zip_co_171040,l10n_co_base_location.city_co_17050,171040,urban
zip_co_171047,l10n_co_base_location.city_co_17050,171047,rural
zip_co_177001,l10n_co_base_location.city_co_17088,177001,urban
zip_co_177007,l10n_co_base_location.city_co_17088,177007,rural
zip_co_176020,l10n_co_base_location.city_co_17174,176020,urban
zip_co_176027,l10n_co_base_location.city_co_17174,176027,rural
zip_co_176028,l10n_co_base_location.city_co_17174,176028,rural
zip_co_171020,l10n_co_base_location.city_co_17272,171020,urban
zip_co_171027,l10n_co_base_location.city_co_17272,171027,rural
zip_co_171028,l10n_co_base_location.city_co_17272,171028,rural
zip_co_175038,l10n_co_base_location.city_co_17380,175038,rural
zip_co_175030,l10n_co_base_location.city_co_17380,175030,urban
zip_co_175037,l10n_co_base_location.city_co_17380,175037,rural
zip_co_175031,l10n_co_base_location.city_co_17380,175031,urban
zip_co_172067,l10n_co_base_location.city_co_17388,172067,rural
zip_co_172060,l10n_co_base_location.city_co_17388,172060,urban
zip_co_170007,l10n_co_base_location.city_co_17001,170007,rural
zip_co_170001,l10n_co_base_location.city_co_17001,170001,urban
zip_co_170004,l10n_co_base_location.city_co_17001,170004,urban
zip_co_170017,l10n_co_base_location.city_co_17001,170017,rural
zip_co_170003,l10n_co_base_location.city_co_17001,170003,urban
zip_co_170006,l10n_co_base_location.city_co_17001,170006,urban
zip_co_170008,l10n_co_base_location.city_co_17001,170008,rural
zip_co_170002,l10n_co_base_location.city_co_17001,170002,urban
zip_co_170009,l10n_co_base_location.city_co_17001,170009,rural
zip_co_173020,l10n_co_base_location.city_co_17433,173020,urban
zip_co_173028,l10n_co_base_location.city_co_17433,173028,rural
zip_co_173027,l10n_co_base_location.city_co_17433,173027,rural
zip_co_178007,l10n_co_base_location.city_co_17442,178007,rural
zip_co_178001,l10n_co_base_location.city_co_17442,178001,urban
zip_co_173040,l10n_co_base_location.city_co_17444,173040,urban
zip_co_173047,l10n_co_base_location.city_co_17444,173047,rural
zip_co_173048,l10n_co_base_location.city_co_17444,173048,rural
zip_co_173007,l10n_co_base_location.city_co_17446,173007,rural
zip_co_173001,l10n_co_base_location.city_co_17446,173001,urban
zip_co_171001,l10n_co_base_location.city_co_17486,171001,urban
zip_co_171008,l10n_co_base_location.city_co_17486,171008,rural
zip_co_171007,l10n_co_base_location.city_co_17486,171007,rural
zip_co_175001,l10n_co_base_location.city_co_17495,175001,urban
zip_co_175007,l10n_co_base_location.city_co_17495,175007,rural
zip_co_172040,l10n_co_base_location.city_co_17513,172040,urban
zip_co_172047,l10n_co_base_location.city_co_17513,172047,rural
zip_co_172048,l10n_co_base_location.city_co_17513,172048,rural
zip_co_176040,l10n_co_base_location.city_co_17524,176040,urban
zip_co_176048,l10n_co_base_location.city_co_17524,176048,rural
zip_co_176047,l10n_co_base_location.city_co_17524,176047,rural
zip_co_173060,l10n_co_base_location.city_co_17541,173060,urban
zip_co_173069,l10n_co_base_location.city_co_17541,173069,rural
zip_co_173068,l10n_co_base_location.city_co_17541,173068,rural
zip_co_173067,l10n_co_base_location.city_co_17541,173067,rural
zip_co_178057,l10n_co_base_location.city_co_17614,178057,rural
zip_co_178049,l10n_co_base_location.city_co_17614,178049,rural
zip_co_178048,l10n_co_base_location.city_co_17614,178048,rural
zip_co_178047,l10n_co_base_location.city_co_17614,178047,rural
zip_co_178040,l10n_co_base_location.city_co_17614,178040,urban
zip_co_177060,l10n_co_base_location.city_co_17616,177060,urban
zip_co_177068,l10n_co_base_location.city_co_17616,177068,rural
zip_co_177067,l10n_co_base_location.city_co_17616,177067,rural
zip_co_172001,l10n_co_base_location.city_co_17653,172001,urban
zip_co_172008,l10n_co_base_location.city_co_17653,172008,rural
zip_co_172007,l10n_co_base_location.city_co_17653,172007,rural
zip_co_172009,l10n_co_base_location.city_co_17653,172009,rural
zip_co_174001,l10n_co_base_location.city_co_17662,174001,urban
zip_co_174009,l10n_co_base_location.city_co_17662,174009,rural
zip_co_174008,l10n_co_base_location.city_co_17662,174008,rural
zip_co_174007,l10n_co_base_location.city_co_17662,174007,rural
zip_co_177040,l10n_co_base_location.city_co_17665,177040,urban
zip_co_177047,l10n_co_base_location.city_co_17665,177047,rural
zip_co_178020,l10n_co_base_location.city_co_17777,178020,urban
zip_co_178028,l10n_co_base_location.city_co_17777,178028,rural
zip_co_178027,l10n_co_base_location.city_co_17777,178027,rural
zip_co_174030,l10n_co_base_location.city_co_17867,174030,urban
zip_co_174038,l10n_co_base_location.city_co_17867,174038,rural
zip_co_174037,l10n_co_base_location.city_co_17867,174037,rural
zip_co_176001,l10n_co_base_location.city_co_17873,176001,urban
zip_co_176007,l10n_co_base_location.city_co_17873,176007,rural
zip_co_176008,l10n_co_base_location.city_co_17873,176008,rural
zip_co_177020,l10n_co_base_location.city_co_17877,177020,urban
zip_co_177027,l10n_co_base_location.city_co_17877,177027,rural
zip_co_186030,l10n_co_base_location.city_co_18029,186030,urban
zip_co_186038,l10n_co_base_location.city_co_18029,186038,rural
zip_co_186037,l10n_co_base_location.city_co_18029,186037,rural
zip_co_186010,l10n_co_base_location.city_co_18094,186010,urban
zip_co_186017,l10n_co_base_location.city_co_18094,186017,rural
zip_co_186018,l10n_co_base_location.city_co_18094,186018,rural
zip_co_183010,l10n_co_base_location.city_co_18150,183010,urban
zip_co_183027,l10n_co_base_location.city_co_18150,183027,rural
zip_co_183017,l10n_co_base_location.city_co_18150,183017,rural
zip_co_183018,l10n_co_base_location.city_co_18150,183018,rural
zip_co_183019,l10n_co_base_location.city_co_18150,183019,rural
zip_co_186050,l10n_co_base_location.city_co_18205,186050,urban
zip_co_186059,l10n_co_base_location.city_co_18205,186059,rural
zip_co_186057,l10n_co_base_location.city_co_18205,186057,rural
zip_co_186058,l10n_co_base_location.city_co_18205,186058,rural
zip_co_181010,l10n_co_base_location.city_co_18247,181010,urban
zip_co_181017,l10n_co_base_location.city_co_18247,181017,rural
zip_co_181018,l10n_co_base_location.city_co_18247,181018,rural
zip_co_181019,l10n_co_base_location.city_co_18247,181019,rural
zip_co_181030,l10n_co_base_location.city_co_18256,181030,urban
zip_co_181037,l10n_co_base_location.city_co_18256,181037,rural
zip_co_181039,l10n_co_base_location.city_co_18256,181039,rural
zip_co_181038,l10n_co_base_location.city_co_18256,181038,rural
zip_co_180009,l10n_co_base_location.city_co_18001,180009,rural
zip_co_180017,l10n_co_base_location.city_co_18001,180017,rural
zip_co_180002,l10n_co_base_location.city_co_18001,180002,urban
zip_co_180008,l10n_co_base_location.city_co_18001,180008,rural
zip_co_180001,l10n_co_base_location.city_co_18001,180001,urban
zip_co_180007,l10n_co_base_location.city_co_18001,180007,rural
zip_co_181059,l10n_co_base_location.city_co_18410,181059,rural
zip_co_181050,l10n_co_base_location.city_co_18410,181050,urban
zip_co_181067,l10n_co_base_location.city_co_18410,181067,rural
zip_co_181058,l10n_co_base_location.city_co_18410,181058,rural
zip_co_181057,l10n_co_base_location.city_co_18410,181057,rural
zip_co_185030,l10n_co_base_location.city_co_18460,185030,urban
zip_co_185037,l10n_co_base_location.city_co_18460,185037,rural
zip_co_185038,l10n_co_base_location.city_co_18460,185038,rural
zip_co_185010,l10n_co_base_location.city_co_18479,185010,urban
zip_co_185017,l10n_co_base_location.city_co_18479,185017,rural
zip_co_185018,l10n_co_base_location.city_co_18479,185018,rural
zip_co_182050,l10n_co_base_location.city_co_18592,182050,urban
zip_co_182057,l10n_co_base_location.city_co_18592,182057,rural
zip_co_182059,l10n_co_base_location.city_co_18592,182059,rural
zip_co_182058,l10n_co_base_location.city_co_18592,182058,rural
zip_co_186070,l10n_co_base_location.city_co_18610,186070,urban
zip_co_186077,l10n_co_base_location.city_co_18610,186077,rural
zip_co_186078,l10n_co_base_location.city_co_18610,186078,rural
zip_co_182010,l10n_co_base_location.city_co_18753,182010,urban
zip_co_182017,l10n_co_base_location.city_co_18753,182017,rural
zip_co_182018,l10n_co_base_location.city_co_18753,182018,rural
zip_co_182019,l10n_co_base_location.city_co_18753,182019,rural
zip_co_184010,l10n_co_base_location.city_co_18756,184010,urban
zip_co_184019,l10n_co_base_location.city_co_18756,184019,rural
zip_co_184018,l10n_co_base_location.city_co_18756,184018,rural
zip_co_184017,l10n_co_base_location.city_co_18756,184017,rural
zip_co_185070,l10n_co_base_location.city_co_18785,185070,urban
zip_co_185078,l10n_co_base_location.city_co_18785,185078,rural
zip_co_185077,l10n_co_base_location.city_co_18785,185077,rural
zip_co_185050,l10n_co_base_location.city_co_18860,185050,urban
zip_co_185058,l10n_co_base_location.city_co_18860,185058,rural
zip_co_185057,l10n_co_base_location.city_co_18860,185057,rural
zip_co_856010,l10n_co_base_location.city_co_85010,856010,urban
zip_co_856017,l10n_co_base_location.city_co_85010,856017,rural
zip_co_856018,l10n_co_base_location.city_co_85010,856018,rural
zip_co_856019,l10n_co_base_location.city_co_85010,856019,rural
zip_co_856030,l10n_co_base_location.city_co_85015,856030,urban
zip_co_856038,l10n_co_base_location.city_co_85015,856038,rural
zip_co_856037,l10n_co_base_location.city_co_85015,856037,rural
zip_co_852010,l10n_co_base_location.city_co_85125,852010,urban
zip_co_852017,l10n_co_base_location.city_co_85125,852017,rural
zip_co_852019,l10n_co_base_location.city_co_85125,852019,rural
zip_co_852018,l10n_co_base_location.city_co_85125,852018,rural
zip_co_851010,l10n_co_base_location.city_co_85136,851010,urban
zip_co_851017,l10n_co_base_location.city_co_85136,851017,rural
zip_co_854018,l10n_co_base_location.city_co_85139,854018,rural
zip_co_854010,l10n_co_base_location.city_co_85139,854010,urban
zip_co_854019,l10n_co_base_location.city_co_85139,854019,rural
zip_co_854017,l10n_co_base_location.city_co_85139,854017,rural
zip_co_855010,l10n_co_base_location.city_co_85162,855010,urban
zip_co_855017,l10n_co_base_location.city_co_85162,855017,rural
zip_co_855018,l10n_co_base_location.city_co_85162,855018,rural
zip_co_851070,l10n_co_base_location.city_co_85225,851070,urban
zip_co_851078,l10n_co_base_location.city_co_85225,851078,rural
zip_co_851077,l10n_co_base_location.city_co_85225,851077,rural
zip_co_853050,l10n_co_base_location.city_co_85230,853050,urban
zip_co_853059,l10n_co_base_location.city_co_85230,853059,rural
zip_co_853057,l10n_co_base_location.city_co_85230,853057,rural
zip_co_853058,l10n_co_base_location.city_co_85230,853058,rural
zip_co_852030,l10n_co_base_location.city_co_85250,852030,urban
zip_co_852037,l10n_co_base_location.city_co_85250,852037,rural
zip_co_852038,l10n_co_base_location.city_co_85250,852038,rural
zip_co_852039,l10n_co_base_location.city_co_85250,852039,rural
zip_co_852057,l10n_co_base_location.city_co_85263,852057,rural
zip_co_852058,l10n_co_base_location.city_co_85263,852058,rural
zip_co_852050,l10n_co_base_location.city_co_85263,852050,urban
zip_co_856050,l10n_co_base_location.city_co_85279,856050,urban
zip_co_856057,l10n_co_base_location.city_co_85279,856057,rural
zip_co_856058,l10n_co_base_location.city_co_85279,856058,rural
zip_co_855050,l10n_co_base_location.city_co_85300,855050,urban
zip_co_855058,l10n_co_base_location.city_co_85300,855058,rural
zip_co_855057,l10n_co_base_location.city_co_85300,855057,rural
zip_co_851038,l10n_co_base_location.city_co_85315,851038,rural
zip_co_851037,l10n_co_base_location.city_co_85315,851037,rural
zip_co_851030,l10n_co_base_location.city_co_85315,851030,urban
zip_co_853030,l10n_co_base_location.city_co_85325,853030,urban
zip_co_853037,l10n_co_base_location.city_co_85325,853037,rural
zip_co_853038,l10n_co_base_location.city_co_85325,853038,rural
zip_co_853039,l10n_co_base_location.city_co_85325,853039,rural
zip_co_851050,l10n_co_base_location.city_co_85400,851050,urban
zip_co_851057,l10n_co_base_location.city_co_85400,851057,rural
zip_co_851058,l10n_co_base_location.city_co_85400,851058,rural
zip_co_854030,l10n_co_base_location.city_co_85410,854030,urban
zip_co_854037,l10n_co_base_location.city_co_85410,854037,rural
zip_co_854038,l10n_co_base_location.city_co_85410,854038,rural
zip_co_854039,l10n_co_base_location.city_co_85410,854039,rural
zip_co_853019,l10n_co_base_location.city_co_85430,853019,rural
zip_co_853018,l10n_co_base_location.city_co_85430,853018,rural
zip_co_853010,l10n_co_base_location.city_co_85430,853010,urban
zip_co_853017,l10n_co_base_location.city_co_85430,853017,rural
zip_co_855039,l10n_co_base_location.city_co_85440,855039,rural
zip_co_855037,l10n_co_base_location.city_co_85440,855037,rural
zip_co_855038,l10n_co_base_location.city_co_85440,855038,rural
zip_co_855030,l10n_co_base_location.city_co_85440,855030,urban
zip_co_850009,l10n_co_base_location.city_co_85001,850009,rural
zip_co_850002,l10n_co_base_location.city_co_85001,850002,urban
zip_co_850008,l10n_co_base_location.city_co_85001,850008,rural
zip_co_850007,l10n_co_base_location.city_co_85001,850007,rural
zip_co_850001,l10n_co_base_location.city_co_85001,850001,urban
zip_co_194080,l10n_co_base_location.city_co_19022,194080,urban
zip_co_194088,l10n_co_base_location.city_co_19022,194088,rural
zip_co_194089,l10n_co_base_location.city_co_19022,194089,rural
zip_co_194087,l10n_co_base_location.city_co_19022,194087,rural
zip_co_195560,l10n_co_base_location.city_co_19050,195560,urban
zip_co_195567,l10n_co_base_location.city_co_19050,195567,rural
zip_co_195530,l10n_co_base_location.city_co_19075,195530,urban
zip_co_195539,l10n_co_base_location.city_co_19075,195539,rural
zip_co_195538,l10n_co_base_location.city_co_19075,195538,rural
zip_co_195537,l10n_co_base_location.city_co_19075,195537,rural
zip_co_195547,l10n_co_base_location.city_co_19075,195547,rural
zip_co_195001,l10n_co_base_location.city_co_19100,195001,urban
zip_co_195017,l10n_co_base_location.city_co_19100,195017,rural
zip_co_195007,l10n_co_base_location.city_co_19100,195007,rural
zip_co_195009,l10n_co_base_location.city_co_19100,195009,rural
zip_co_195019,l10n_co_base_location.city_co_19100,195019,rural
zip_co_195008,l10n_co_base_location.city_co_19100,195008,rural
zip_co_195018,l10n_co_base_location.city_co_19100,195018,rural
zip_co_191001,l10n_co_base_location.city_co_19110,191001,urban
zip_co_191008,l10n_co_base_location.city_co_19110,191008,rural
zip_co_191009,l10n_co_base_location.city_co_19110,191009,rural
zip_co_191017,l10n_co_base_location.city_co_19110,191017,rural
zip_co_191007,l10n_co_base_location.city_co_19110,191007,rural
zip_co_190501,l10n_co_base_location.city_co_19130,190501,urban
zip_co_190518,l10n_co_base_location.city_co_19130,190518,rural
zip_co_190517,l10n_co_base_location.city_co_19130,190517,rural
zip_co_190507,l10n_co_base_location.city_co_19130,190507,rural
zip_co_190509,l10n_co_base_location.city_co_19130,190509,rural
zip_co_190508,l10n_co_base_location.city_co_19130,190508,rural
zip_co_192040,l10n_co_base_location.city_co_19137,192040,urban
zip_co_192047,l10n_co_base_location.city_co_19137,192047,rural
zip_co_192057,l10n_co_base_location.city_co_19137,192057,rural
zip_co_192048,l10n_co_base_location.city_co_19137,192048,rural
zip_co_192049,l10n_co_base_location.city_co_19137,192049,rural
zip_co_191070,l10n_co_base_location.city_co_19142,191070,urban
zip_co_191078,l10n_co_base_location.city_co_19142,191078,rural
zip_co_191079,l10n_co_base_location.city_co_19142,191079,rural
zip_co_191088,l10n_co_base_location.city_co_19142,191088,rural
zip_co_191077,l10n_co_base_location.city_co_19142,191077,rural
zip_co_191087,l10n_co_base_location.city_co_19300,191087,rural
zip_co_191560,l10n_co_base_location.city_co_19212,191560,urban
zip_co_191568,l10n_co_base_location.city_co_19212,191568,rural
zip_co_191567,l10n_co_base_location.city_co_19212,191567,rural
zip_co_191569,l10n_co_base_location.city_co_19212,191569,rural
zip_co_193570,l10n_co_base_location.city_co_19256,193570,urban
zip_co_193588,l10n_co_base_location.city_co_19256,193588,rural
zip_co_193589,l10n_co_base_location.city_co_19256,193589,rural
zip_co_193597,l10n_co_base_location.city_co_19256,193597,rural
zip_co_193577,l10n_co_base_location.city_co_19256,193577,rural
zip_co_193579,l10n_co_base_location.city_co_19256,193579,rural
zip_co_193587,l10n_co_base_location.city_co_19256,193587,rural
zip_co_193578,l10n_co_base_location.city_co_19256,193578,rural
zip_co_195040,l10n_co_base_location.city_co_19290,195040,urban
zip_co_195047,l10n_co_base_location.city_co_19290,195047,rural
zip_co_196001,l10n_co_base_location.city_co_19318,196001,urban
zip_co_196007,l10n_co_base_location.city_co_19318,196007,rural
zip_co_196009,l10n_co_base_location.city_co_19318,196009,rural
zip_co_196008,l10n_co_base_location.city_co_19318,196008,rural
zip_co_192548,l10n_co_base_location.city_co_19355,192548,rural
zip_co_192539,l10n_co_base_location.city_co_19355,192539,rural
zip_co_192537,l10n_co_base_location.city_co_19355,192537,rural
zip_co_192531,l10n_co_base_location.city_co_19355,192531,urban
zip_co_192547,l10n_co_base_location.city_co_19355,192547,rural
zip_co_192538,l10n_co_base_location.city_co_19355,192538,rural
zip_co_192029,l10n_co_base_location.city_co_19364,192029,rural
zip_co_192020,l10n_co_base_location.city_co_19364,192020,urban
zip_co_192028,l10n_co_base_location.city_co_19364,192028,rural
zip_co_192027,l10n_co_base_location.city_co_19364,192027,rural
zip_co_194001,l10n_co_base_location.city_co_19392,194001,urban
zip_co_194007,l10n_co_base_location.city_co_19392,194007,rural
zip_co_194008,l10n_co_base_location.city_co_19392,194008,rural
zip_co_194020,l10n_co_base_location.city_co_19397,194020,urban
zip_co_194029,l10n_co_base_location.city_co_19397,194029,rural
zip_co_194027,l10n_co_base_location.city_co_19397,194027,rural
zip_co_194037,l10n_co_base_location.city_co_19397,194037,rural
zip_co_194038,l10n_co_base_location.city_co_19397,194038,rural
zip_co_194028,l10n_co_base_location.city_co_19397,194028,rural
zip_co_196060,l10n_co_base_location.city_co_19418,196060,urban
zip_co_196068,l10n_co_base_location.city_co_19418,196068,rural
zip_co_196067,l10n_co_base_location.city_co_19418,196067,rural
zip_co_195060,l10n_co_base_location.city_co_19450,195060,urban
zip_co_195067,l10n_co_base_location.city_co_19450,195067,rural
zip_co_195068,l10n_co_base_location.city_co_19450,195068,rural
zip_co_195069,l10n_co_base_location.city_co_19450,195069,rural
zip_co_191520,l10n_co_base_location.city_co_19455,191520,urban
zip_co_191528,l10n_co_base_location.city_co_19455,191528,rural
zip_co_191529,l10n_co_base_location.city_co_19455,191529,rural
zip_co_191527,l10n_co_base_location.city_co_19455,191527,rural
zip_co_190567,l10n_co_base_location.city_co_19473,190567,rural
zip_co_190557,l10n_co_base_location.city_co_19473,190557,rural
zip_co_190559,l10n_co_base_location.city_co_19473,190559,rural
zip_co_190558,l10n_co_base_location.city_co_19473,190558,rural
zip_co_190550,l10n_co_base_location.city_co_19473,190550,urban
zip_co_191540,l10n_co_base_location.city_co_19513,191540,urban
zip_co_191547,l10n_co_base_location.city_co_19513,191547,rural
zip_co_192501,l10n_co_base_location.city_co_19517,192501,urban
zip_co_192508,l10n_co_base_location.city_co_19517,192508,rural
zip_co_192518,l10n_co_base_location.city_co_19517,192518,rural
zip_co_192517,l10n_co_base_location.city_co_19517,192517,rural
zip_co_192507,l10n_co_base_location.city_co_19517,192507,rural
zip_co_192509,l10n_co_base_location.city_co_19517,192509,rural
zip_co_195501,l10n_co_base_location.city_co_19532,195501,urban
zip_co_195507,l10n_co_base_location.city_co_19532,195507,rural
zip_co_195508,l10n_co_base_location.city_co_19532,195508,rural
zip_co_195509,l10n_co_base_location.city_co_19532,195509,rural
zip_co_194550,l10n_co_base_location.city_co_19533,194550,urban
zip_co_194557,l10n_co_base_location.city_co_19533,194557,rural
zip_co_194558,l10n_co_base_location.city_co_19533,194558,rural
zip_co_190530,l10n_co_base_location.city_co_19548,190530,urban
zip_co_190548,l10n_co_base_location.city_co_19548,190548,rural
zip_co_190538,l10n_co_base_location.city_co_19548,190538,rural
zip_co_190547,l10n_co_base_location.city_co_19548,190547,rural
zip_co_190539,l10n_co_base_location.city_co_19548,190539,rural
zip_co_190537,l10n_co_base_location.city_co_19548,190537,rural
zip_co_190001,l10n_co_base_location.city_co_19001,190001,urban
zip_co_190008,l10n_co_base_location.city_co_19001,190008,rural
zip_co_190002,l10n_co_base_location.city_co_19001,190002,urban
zip_co_190009,l10n_co_base_location.city_co_19001,190009,rural
zip_co_190018,l10n_co_base_location.city_co_19001,190018,rural
zip_co_190007,l10n_co_base_location.city_co_19001,190007,rural
zip_co_190017,l10n_co_base_location.city_co_19001,190017,rural
zip_co_190004,l10n_co_base_location.city_co_19001,190004,urban
zip_co_190003,l10n_co_base_location.city_co_19001,190003,urban
zip_co_191501,l10n_co_base_location.city_co_19573,191501,urban
zip_co_191507,l10n_co_base_location.city_co_19573,191507,rural
zip_co_193001,l10n_co_base_location.city_co_19585,193001,urban
zip_co_193007,l10n_co_base_location.city_co_19585,193007,rural
zip_co_193008,l10n_co_base_location.city_co_19585,193008,rural
zip_co_193009,l10n_co_base_location.city_co_19585,193009,rural
zip_co_193550,l10n_co_base_location.city_co_19622,193550,urban
zip_co_193558,l10n_co_base_location.city_co_19622,193558,rural
zip_co_193557,l10n_co_base_location.city_co_19622,193557,rural
zip_co_194501,l10n_co_base_location.city_co_19693,194501,urban
zip_co_194508,l10n_co_base_location.city_co_19693,194508,rural
zip_co_194509,l10n_co_base_location.city_co_19693,194509,rural
zip_co_194507,l10n_co_base_location.city_co_19693,194507,rural
zip_co_194520,l10n_co_base_location.city_co_19701,194520,urban
zip_co_194528,l10n_co_base_location.city_co_19701,194528,rural
zip_co_194527,l10n_co_base_location.city_co_19701,194527,rural
zip_co_191030,l10n_co_base_location.city_co_19698,191030,urban
zip_co_191048,l10n_co_base_location.city_co_19698,191048,rural
zip_co_191049,l10n_co_base_location.city_co_19698,191049,rural
zip_co_191038,l10n_co_base_location.city_co_19698,191038,rural
zip_co_191037,l10n_co_base_location.city_co_19698,191037,rural
zip_co_191039,l10n_co_base_location.city_co_19698,191039,rural
zip_co_191047,l10n_co_base_location.city_co_19698,191047,rural
zip_co_192070,l10n_co_base_location.city_co_19743,192070,urban
zip_co_192078,l10n_co_base_location.city_co_19743,192078,rural
zip_co_192079,l10n_co_base_location.city_co_19743,192079,rural
zip_co_192077,l10n_co_base_location.city_co_19743,192077,rural
zip_co_192087,l10n_co_base_location.city_co_19743,192087,rural
zip_co_193501,l10n_co_base_location.city_co_19760,193501,urban
zip_co_193508,l10n_co_base_location.city_co_19760,193508,rural
zip_co_193507,l10n_co_base_location.city_co_19760,193507,rural
zip_co_190580,l10n_co_base_location.city_co_19780,190580,urban
zip_co_190597,l10n_co_base_location.city_co_19780,190597,rural
zip_co_190588,l10n_co_base_location.city_co_19780,190588,rural
zip_co_190589,l10n_co_base_location.city_co_19780,190589,rural
zip_co_190587,l10n_co_base_location.city_co_19780,190587,rural
zip_co_194060,l10n_co_base_location.city_co_19785,194060,urban
zip_co_194067,l10n_co_base_location.city_co_19785,194067,rural
zip_co_194068,l10n_co_base_location.city_co_19785,194068,rural
zip_co_193520,l10n_co_base_location.city_co_19807,193520,urban
zip_co_193527,l10n_co_base_location.city_co_19807,193527,rural
zip_co_193528,l10n_co_base_location.city_co_19807,193528,rural
zip_co_193537,l10n_co_base_location.city_co_19807,193537,rural
zip_co_193529,l10n_co_base_location.city_co_19807,193529,rural
zip_co_196030,l10n_co_base_location.city_co_19809,196030,urban
zip_co_196038,l10n_co_base_location.city_co_19809,196038,rural
zip_co_196037,l10n_co_base_location.city_co_19809,196037,rural
zip_co_192001,l10n_co_base_location.city_co_19821,192001,urban
zip_co_192008,l10n_co_base_location.city_co_19821,192008,rural
zip_co_192009,l10n_co_base_location.city_co_19821,192009,rural
zip_co_192007,l10n_co_base_location.city_co_19821,192007,rural
zip_co_192570,l10n_co_base_location.city_co_19824,192570,urban
zip_co_192577,l10n_co_base_location.city_co_19824,192577,rural
zip_co_192578,l10n_co_base_location.city_co_19824,192578,rural
zip_co_192579,l10n_co_base_location.city_co_19824,192579,rural
zip_co_191060,l10n_co_base_location.city_co_19845,191060,urban
zip_co_191067,l10n_co_base_location.city_co_19845,191067,rural
zip_co_205010,l10n_co_base_location.city_co_20011,205010,urban
zip_co_205018,l10n_co_base_location.city_co_20011,205018,rural
zip_co_205017,l10n_co_base_location.city_co_20011,205017,rural
zip_co_202050,l10n_co_base_location.city_co_20013,202050,urban
zip_co_202057,l10n_co_base_location.city_co_20013,202057,rural
zip_co_202058,l10n_co_base_location.city_co_20013,202058,rural
zip_co_201040,l10n_co_base_location.city_co_20032,201040,urban
zip_co_201047,l10n_co_base_location.city_co_20032,201047,rural
zip_co_201048,l10n_co_base_location.city_co_20032,201048,rural
zip_co_203001,l10n_co_base_location.city_co_20045,203001,urban
zip_co_203007,l10n_co_base_location.city_co_20045,203007,rural
zip_co_201027,l10n_co_base_location.city_co_20060,201027,rural
zip_co_201020,l10n_co_base_location.city_co_20060,201020,urban
zip_co_201050,l10n_co_base_location.city_co_20175,201050,urban
zip_co_201057,l10n_co_base_location.city_co_20175,201057,rural
zip_co_201058,l10n_co_base_location.city_co_20175,201058,rural
zip_co_203040,l10n_co_base_location.city_co_20178,203040,urban
zip_co_203048,l10n_co_base_location.city_co_20178,203048,rural
zip_co_203047,l10n_co_base_location.city_co_20178,203047,rural
zip_co_203060,l10n_co_base_location.city_co_20228,203060,urban
zip_co_203067,l10n_co_base_location.city_co_20228,203067,rural
zip_co_201010,l10n_co_base_location.city_co_20238,201010,urban
zip_co_201017,l10n_co_base_location.city_co_20238,201017,rural
zip_co_201018,l10n_co_base_location.city_co_20238,201018,rural
zip_co_201030,l10n_co_base_location.city_co_20250,201030,urban
zip_co_201037,l10n_co_base_location.city_co_20250,201037,rural
zip_co_201038,l10n_co_base_location.city_co_20250,201038,rural
zip_co_205001,l10n_co_base_location.city_co_20295,205001,urban
zip_co_205008,l10n_co_base_location.city_co_20295,205008,rural
zip_co_205007,l10n_co_base_location.city_co_20295,205007,rural
zip_co_205030,l10n_co_base_location.city_co_20310,205030,urban
zip_co_205037,l10n_co_base_location.city_co_20310,205037,rural
zip_co_204060,l10n_co_base_location.city_co_20383,204060,urban
zip_co_204068,l10n_co_base_location.city_co_20383,204068,rural
zip_co_204067,l10n_co_base_location.city_co_20383,204067,rural
zip_co_203020,l10n_co_base_location.city_co_20400,203020,urban
zip_co_203027,l10n_co_base_location.city_co_20400,203027,rural
zip_co_202010,l10n_co_base_location.city_co_20621,202010,urban
zip_co_202018,l10n_co_base_location.city_co_20621,202018,rural
zip_co_202017,l10n_co_base_location.city_co_20621,202017,rural
zip_co_202001,l10n_co_base_location.city_co_20443,202001,urban
zip_co_202007,l10n_co_base_location.city_co_20443,202007,rural
zip_co_204001,l10n_co_base_location.city_co_20517,204001,urban
zip_co_204007,l10n_co_base_location.city_co_20517,204007,rural
zip_co_204047,l10n_co_base_location.city_co_20550,204047,rural
zip_co_204040,l10n_co_base_location.city_co_20550,204040,urban
zip_co_201001,l10n_co_base_location.city_co_20570,201001,urban
zip_co_201007,l10n_co_base_location.city_co_20570,201007,rural
zip_co_201008,l10n_co_base_location.city_co_20570,201008,rural
zip_co_205040,l10n_co_base_location.city_co_20614,205040,urban
zip_co_205047,l10n_co_base_location.city_co_20614,205047,rural
zip_co_205048,l10n_co_base_location.city_co_20614,205048,rural
zip_co_205070,l10n_co_base_location.city_co_20710,205070,urban
zip_co_205077,l10n_co_base_location.city_co_20710,205077,rural
zip_co_205078,l10n_co_base_location.city_co_20710,205078,rural
zip_co_202030,l10n_co_base_location.city_co_20750,202030,urban
zip_co_202038,l10n_co_base_location.city_co_20750,202038,rural
zip_co_202037,l10n_co_base_location.city_co_20750,202037,rural
zip_co_205050,l10n_co_base_location.city_co_20770,205050,urban
zip_co_205057,l10n_co_base_location.city_co_20770,205057,rural
zip_co_205058,l10n_co_base_location.city_co_20770,205058,rural
zip_co_205059,l10n_co_base_location.city_co_20770,205059,rural
zip_co_204020,l10n_co_base_location.city_co_20787,204020,urban
zip_co_204027,l10n_co_base_location.city_co_20787,204027,rural
zip_co_204028,l10n_co_base_location.city_co_20787,204028,rural
zip_co_200018,l10n_co_base_location.city_co_20001,200018,rural
zip_co_200009,l10n_co_base_location.city_co_20001,200009,rural
zip_co_200017,l10n_co_base_location.city_co_20001,200017,rural
zip_co_200004,l10n_co_base_location.city_co_20001,200004,urban
zip_co_200008,l10n_co_base_location.city_co_20001,200008,rural
zip_co_200005,l10n_co_base_location.city_co_20001,200005,urban
zip_co_200001,l10n_co_base_location.city_co_20001,200001,urban
zip_co_200002,l10n_co_base_location.city_co_20001,200002,urban
zip_co_200003,l10n_co_base_location.city_co_20001,200003,urban
zip_co_200007,l10n_co_base_location.city_co_20001,200007,rural
zip_co_278010,l10n_co_base_location.city_co_27006,278010,urban
zip_co_278017,l10n_co_base_location.city_co_27006,278017,rural
zip_co_278018,l10n_co_base_location.city_co_27006,278018,rural
zip_co_276070,l10n_co_base_location.city_co_27025,276070,urban
zip_co_276078,l10n_co_base_location.city_co_27025,276078,rural
zip_co_276077,l10n_co_base_location.city_co_27025,276077,rural
zip_co_272010,l10n_co_base_location.city_co_27050,272010,urban
zip_co_272017,l10n_co_base_location.city_co_27050,272017,rural
zip_co_272018,l10n_co_base_location.city_co_27050,272018,rural
zip_co_271050,l10n_co_base_location.city_co_27073,271050,urban
zip_co_271057,l10n_co_base_location.city_co_27073,271057,rural
zip_co_271058,l10n_co_base_location.city_co_27073,271058,rural
zip_co_276030,l10n_co_base_location.city_co_27075,276030,urban
zip_co_276037,l10n_co_base_location.city_co_27075,276037,rural
zip_co_276038,l10n_co_base_location.city_co_27075,276038,rural
zip_co_275030,l10n_co_base_location.city_co_27077,275030,urban
zip_co_275037,l10n_co_base_location.city_co_27077,275037,rural
zip_co_275038,l10n_co_base_location.city_co_27077,275038,rural
zip_co_277050,l10n_co_base_location.city_co_27099,277050,urban
zip_co_277057,l10n_co_base_location.city_co_27099,277057,rural
zip_co_277030,l10n_co_base_location.city_co_27150,277030,urban
zip_co_277037,l10n_co_base_location.city_co_27150,277037,rural
zip_co_277038,l10n_co_base_location.city_co_27150,277038,rural
zip_co_272020,l10n_co_base_location.city_co_27160,272020,urban
zip_co_272027,l10n_co_base_location.city_co_27160,272027,rural
zip_co_273030,l10n_co_base_location.city_co_27205,273030,urban
zip_co_273037,l10n_co_base_location.city_co_27205,273037,rural
zip_co_273038,l10n_co_base_location.city_co_27205,273038,rural
zip_co_272040,l10n_co_base_location.city_co_27135,272040,urban
zip_co_272048,l10n_co_base_location.city_co_27135,272048,rural
zip_co_272047,l10n_co_base_location.city_co_27135,272047,rural
zip_co_271010,l10n_co_base_location.city_co_27245,271010,urban
zip_co_271018,l10n_co_base_location.city_co_27245,271018,rural
zip_co_271017,l10n_co_base_location.city_co_27245,271017,rural
zip_co_275050,l10n_co_base_location.city_co_27250,275050,urban
zip_co_275057,l10n_co_base_location.city_co_27250,275057,rural
zip_co_275058,l10n_co_base_location.city_co_27250,275058,rural
zip_co_274010,l10n_co_base_location.city_co_27361,274010,urban
zip_co_274018,l10n_co_base_location.city_co_27361,274018,rural
zip_co_274017,l10n_co_base_location.city_co_27361,274017,rural
zip_co_274019,l10n_co_base_location.city_co_27361,274019,rural
zip_co_276010,l10n_co_base_location.city_co_27372,276010,urban
zip_co_276019,l10n_co_base_location.city_co_27372,276019,rural
zip_co_276017,l10n_co_base_location.city_co_27372,276017,rural
zip_co_276018,l10n_co_base_location.city_co_27372,276018,rural
zip_co_271030,l10n_co_base_location.city_co_27413,271030,urban
zip_co_271037,l10n_co_base_location.city_co_27413,271037,rural
zip_co_270070,l10n_co_base_location.city_co_27425,270070,urban
zip_co_270078,l10n_co_base_location.city_co_27425,270078,rural
zip_co_270077,l10n_co_base_location.city_co_27425,270077,rural
zip_co_275010,l10n_co_base_location.city_co_27430,275010,urban
zip_co_275017,l10n_co_base_location.city_co_27430,275017,rural
zip_co_275018,l10n_co_base_location.city_co_27430,275018,rural
zip_co_274030,l10n_co_base_location.city_co_27450,274030,urban
zip_co_274038,l10n_co_base_location.city_co_27450,274038,rural
zip_co_274037,l10n_co_base_location.city_co_27450,274037,rural
zip_co_274039,l10n_co_base_location.city_co_27450,274039,rural
zip_co_273050,l10n_co_base_location.city_co_27491,273050,urban
zip_co_273058,l10n_co_base_location.city_co_27491,273058,rural
zip_co_273057,l10n_co_base_location.city_co_27491,273057,rural
zip_co_276050,l10n_co_base_location.city_co_27495,276050,urban
zip_co_276057,l10n_co_base_location.city_co_27495,276057,rural
zip_co_276058,l10n_co_base_location.city_co_27495,276058,rural
zip_co_270002,l10n_co_base_location.city_co_27001,270002,urban
zip_co_270001,l10n_co_base_location.city_co_27001,270001,urban
zip_co_270008,l10n_co_base_location.city_co_27001,270008,rural
zip_co_270007,l10n_co_base_location.city_co_27001,270007,rural
zip_co_270009,l10n_co_base_location.city_co_27001,270009,rural
zip_co_273010,l10n_co_base_location.city_co_27580,273010,urban
zip_co_273017,l10n_co_base_location.city_co_27580,273017,rural
zip_co_272050,l10n_co_base_location.city_co_27600,272050,urban
zip_co_272058,l10n_co_base_location.city_co_27600,272058,rural
zip_co_272057,l10n_co_base_location.city_co_27600,272057,rural
zip_co_278050,l10n_co_base_location.city_co_27615,278050,urban
zip_co_277010,l10n_co_base_location.city_co_27615,277010,urban
zip_co_278057,l10n_co_base_location.city_co_27615,278057,rural
zip_co_278058,l10n_co_base_location.city_co_27615,278058,rural
zip_co_277017,l10n_co_base_location.city_co_27615,277017,rural
zip_co_277018,l10n_co_base_location.city_co_27615,277018,rural
zip_co_273070,l10n_co_base_location.city_co_27660,273070,urban
zip_co_273077,l10n_co_base_location.city_co_27660,273077,rural
zip_co_273078,l10n_co_base_location.city_co_27660,273078,rural
zip_co_274050,l10n_co_base_location.city_co_27745,274050,urban
zip_co_274058,l10n_co_base_location.city_co_27745,274058,rural
zip_co_274057,l10n_co_base_location.city_co_27745,274057,rural
zip_co_271070,l10n_co_base_location.city_co_27787,271070,urban
zip_co_271077,l10n_co_base_location.city_co_27787,271077,rural
zip_co_278030,l10n_co_base_location.city_co_27800,278030,urban
zip_co_278038,l10n_co_base_location.city_co_27800,278038,rural
zip_co_278037,l10n_co_base_location.city_co_27800,278037,rural
zip_co_272030,l10n_co_base_location.city_co_27810,272030,urban
zip_co_272037,l10n_co_base_location.city_co_27810,272037,rural
zip_co_233530,l10n_co_base_location.city_co_23068,233530,urban
zip_co_233538,l10n_co_base_location.city_co_23068,233538,rural
zip_co_233539,l10n_co_base_location.city_co_23068,233539,rural
zip_co_233537,l10n_co_base_location.city_co_23068,233537,rural
zip_co_233028,l10n_co_base_location.city_co_23079,233028,rural
zip_co_233027,l10n_co_base_location.city_co_23079,233027,rural
zip_co_233020,l10n_co_base_location.city_co_23079,233020,urban
zip_co_235040,l10n_co_base_location.city_co_23090,235040,urban
zip_co_235047,l10n_co_base_location.city_co_23090,235047,rural
zip_co_235048,l10n_co_base_location.city_co_23090,235048,rural
zip_co_230550,l10n_co_base_location.city_co_23162,230550,urban
zip_co_230557,l10n_co_base_location.city_co_23162,230557,rural
zip_co_230558,l10n_co_base_location.city_co_23162,230558,rural
zip_co_230559,l10n_co_base_location.city_co_23162,230559,rural
zip_co_232010,l10n_co_base_location.city_co_23168,232010,urban
zip_co_232017,l10n_co_base_location.city_co_23168,232017,rural
zip_co_232018,l10n_co_base_location.city_co_23168,232018,rural
zip_co_232050,l10n_co_base_location.city_co_23182,232050,urban
zip_co_232058,l10n_co_base_location.city_co_23182,232058,rural
zip_co_232059,l10n_co_base_location.city_co_23182,232059,rural
zip_co_232057,l10n_co_base_location.city_co_23182,232057,rural
zip_co_232520,l10n_co_base_location.city_co_23189,232520,urban
zip_co_232538,l10n_co_base_location.city_co_23189,232538,rural
zip_co_232527,l10n_co_base_location.city_co_23189,232527,rural
zip_co_232528,l10n_co_base_location.city_co_23189,232528,rural
zip_co_232537,l10n_co_base_location.city_co_23189,232537,rural
zip_co_232529,l10n_co_base_location.city_co_23189,232529,rural
zip_co_230501,l10n_co_base_location.city_co_23300,230501,urban
zip_co_230507,l10n_co_base_location.city_co_23300,230507,rural
zip_co_233507,l10n_co_base_location.city_co_23350,233507,rural
zip_co_233501,l10n_co_base_location.city_co_23350,233501,urban
zip_co_231029,l10n_co_base_location.city_co_23417,231029,rural
zip_co_231039,l10n_co_base_location.city_co_23417,231039,rural
zip_co_231027,l10n_co_base_location.city_co_23417,231027,rural
zip_co_231047,l10n_co_base_location.city_co_23417,231047,rural
zip_co_231020,l10n_co_base_location.city_co_23417,231020,urban
zip_co_231028,l10n_co_base_location.city_co_23417,231028,rural
zip_co_231038,l10n_co_base_location.city_co_23417,231038,rural
zip_co_231037,l10n_co_base_location.city_co_23417,231037,rural
zip_co_231048,l10n_co_base_location.city_co_23417,231048,rural
zip_co_235020,l10n_co_base_location.city_co_23419,235020,urban
zip_co_235028,l10n_co_base_location.city_co_23419,235028,rural
zip_co_235027,l10n_co_base_location.city_co_23419,235027,rural
zip_co_231007,l10n_co_base_location.city_co_23500,231007,rural
zip_co_231001,l10n_co_base_location.city_co_23500,231001,urban
zip_co_231008,l10n_co_base_location.city_co_23500,231008,rural
zip_co_232008,l10n_co_base_location.city_co_23464,232008,rural
zip_co_232001,l10n_co_base_location.city_co_23464,232001,urban
zip_co_232007,l10n_co_base_location.city_co_23464,232007,rural
zip_co_234007,l10n_co_base_location.city_co_23466,234007,rural
zip_co_234001,l10n_co_base_location.city_co_23466,234001,urban
zip_co_234008,l10n_co_base_location.city_co_23466,234008,rural
zip_co_230017,l10n_co_base_location.city_co_23001,230017,rural
zip_co_230004,l10n_co_base_location.city_co_23001,230004,urban
zip_co_230007,l10n_co_base_location.city_co_23001,230007,rural
zip_co_230002,l10n_co_base_location.city_co_23001,230002,urban
zip_co_230001,l10n_co_base_location.city_co_23001,230001,urban
zip_co_230029,l10n_co_base_location.city_co_23001,230029,rural
zip_co_230003,l10n_co_base_location.city_co_23001,230003,urban
zip_co_230009,l10n_co_base_location.city_co_23001,230009,rural
zip_co_230027,l10n_co_base_location.city_co_23001,230027,rural
zip_co_230008,l10n_co_base_location.city_co_23001,230008,rural
zip_co_230019,l10n_co_base_location.city_co_23001,230019,rural
zip_co_230028,l10n_co_base_location.city_co_23001,230028,rural
zip_co_230018,l10n_co_base_location.city_co_23001,230018,rural
zip_co_233040,l10n_co_base_location.city_co_23555,233040,urban
zip_co_233047,l10n_co_base_location.city_co_23555,233047,rural
zip_co_233049,l10n_co_base_location.city_co_23555,233049,rural
zip_co_233057,l10n_co_base_location.city_co_23555,233057,rural
zip_co_233048,l10n_co_base_location.city_co_23555,233048,rural
zip_co_233001,l10n_co_base_location.city_co_23570,233001,urban
zip_co_233008,l10n_co_base_location.city_co_23570,233008,rural
zip_co_233007,l10n_co_base_location.city_co_23570,233007,rural
zip_co_233009,l10n_co_base_location.city_co_23570,233009,rural
zip_co_235001,l10n_co_base_location.city_co_23574,235001,urban
zip_co_235008,l10n_co_base_location.city_co_23574,235008,rural
zip_co_235007,l10n_co_base_location.city_co_23574,235007,rural
zip_co_234038,l10n_co_base_location.city_co_23580,234038,rural
zip_co_234030,l10n_co_base_location.city_co_23580,234030,urban
zip_co_234037,l10n_co_base_location.city_co_23580,234037,rural
zip_co_234039,l10n_co_base_location.city_co_23580,234039,rural
zip_co_231540,l10n_co_base_location.city_co_23586,231540,urban
zip_co_231547,l10n_co_base_location.city_co_23586,231547,rural
zip_co_232549,l10n_co_base_location.city_co_23660,232549,rural
zip_co_232540,l10n_co_base_location.city_co_23660,232540,urban
zip_co_232558,l10n_co_base_location.city_co_23660,232558,rural
zip_co_232547,l10n_co_base_location.city_co_23660,232547,rural
zip_co_232548,l10n_co_base_location.city_co_23660,232548,rural
zip_co_232559,l10n_co_base_location.city_co_23660,232559,rural
zip_co_232557,l10n_co_base_location.city_co_23660,232557,rural
zip_co_232030,l10n_co_base_location.city_co_23670,232030,urban
zip_co_232038,l10n_co_base_location.city_co_23670,232038,rural
zip_co_232039,l10n_co_base_location.city_co_23670,232039,rural
zip_co_231520,l10n_co_base_location.city_co_23672,231520,urban
zip_co_231528,l10n_co_base_location.city_co_23672,231528,rural
zip_co_231527,l10n_co_base_location.city_co_23672,231527,rural
zip_co_231501,l10n_co_base_location.city_co_23675,231501,urban
zip_co_231509,l10n_co_base_location.city_co_23675,231509,rural
zip_co_231508,l10n_co_base_location.city_co_23675,231508,rural
zip_co_231507,l10n_co_base_location.city_co_23675,231507,rural
zip_co_232501,l10n_co_base_location.city_co_23678,232501,urban
zip_co_232508,l10n_co_base_location.city_co_23678,232508,rural
zip_co_232517,l10n_co_base_location.city_co_23678,232517,rural
zip_co_232509,l10n_co_base_location.city_co_23678,232509,rural
zip_co_232507,l10n_co_base_location.city_co_23678,232507,rural
zip_co_234010,l10n_co_base_location.city_co_23682,234010,urban
zip_co_234017,l10n_co_base_location.city_co_23682,234017,rural
zip_co_230538,l10n_co_base_location.city_co_23686,230538,rural
zip_co_230527,l10n_co_base_location.city_co_23686,230527,rural
zip_co_230520,l10n_co_base_location.city_co_23686,230520,urban
zip_co_230529,l10n_co_base_location.city_co_23686,230529,rural
zip_co_230528,l10n_co_base_location.city_co_23686,230528,rural
zip_co_230537,l10n_co_base_location.city_co_23686,230537,rural
zip_co_234517,l10n_co_base_location.city_co_23807,234517,rural
zip_co_234507,l10n_co_base_location.city_co_23807,234507,rural
zip_co_234509,l10n_co_base_location.city_co_23807,234509,rural
zip_co_234518,l10n_co_base_location.city_co_23807,234518,rural
zip_co_234508,l10n_co_base_location.city_co_23807,234508,rural
zip_co_234501,l10n_co_base_location.city_co_23807,234501,urban
zip_co_232027,l10n_co_base_location.city_co_23815,232027,rural
zip_co_232020,l10n_co_base_location.city_co_23815,232020,urban
zip_co_234539,l10n_co_base_location.city_co_23855,234539,rural
zip_co_234530,l10n_co_base_location.city_co_23855,234530,urban
zip_co_234537,l10n_co_base_location.city_co_23855,234537,rural
zip_co_234538,l10n_co_base_location.city_co_23855,234538,rural
zip_co_252850,l10n_co_base_location.city_co_25001,252850,urban
zip_co_252857,l10n_co_base_location.city_co_25001,252857,rural
zip_co_253207,l10n_co_base_location.city_co_25019,253207,rural
zip_co_253201,l10n_co_base_location.city_co_25019,253201,urban
zip_co_252647,l10n_co_base_location.city_co_25035,252647,rural
zip_co_252640,l10n_co_base_location.city_co_25035,252640,urban
zip_co_252648,l10n_co_base_location.city_co_25035,252648,rural
zip_co_253048,l10n_co_base_location.city_co_25040,253048,rural
zip_co_253040,l10n_co_base_location.city_co_25040,253040,urban
zip_co_253047,l10n_co_base_location.city_co_25040,253047,rural
zip_co_252650,l10n_co_base_location.city_co_25599,252650,urban
zip_co_252657,l10n_co_base_location.city_co_25599,252657,rural
zip_co_252001,l10n_co_base_location.city_co_25053,252001,urban
zip_co_252007,l10n_co_base_location.city_co_25053,252007,rural
zip_co_252008,l10n_co_base_location.city_co_25053,252008,rural
zip_co_253260,l10n_co_base_location.city_co_25086,253260,urban
zip_co_253267,l10n_co_base_location.city_co_25086,253267,rural
zip_co_253220,l10n_co_base_location.city_co_25095,253220,urban
zip_co_253227,l10n_co_base_location.city_co_25095,253227,rural
zip_co_253001,l10n_co_base_location.city_co_25099,253001,urban
zip_co_253007,l10n_co_base_location.city_co_25099,253007,rural
zip_co_252040,l10n_co_base_location.city_co_25120,252040,urban
zip_co_252047,l10n_co_base_location.city_co_25120,252047,rural
zip_co_253020,l10n_co_base_location.city_co_25123,253020,urban
zip_co_253027,l10n_co_base_location.city_co_25123,253027,rural
zip_co_250240,l10n_co_base_location.city_co_25126,250240,urban
zip_co_250247,l10n_co_base_location.city_co_25126,250247,rural
zip_co_253460,l10n_co_base_location.city_co_25148,253460,urban
zip_co_253468,l10n_co_base_location.city_co_25148,253468,rural
zip_co_253467,l10n_co_base_location.city_co_25148,253467,rural
zip_co_251827,l10n_co_base_location.city_co_25151,251827,rural
zip_co_251820,l10n_co_base_location.city_co_25151,251820,urban
zip_co_250420,l10n_co_base_location.city_co_25154,250420,urban
zip_co_250428,l10n_co_base_location.city_co_25154,250428,rural
zip_co_250427,l10n_co_base_location.city_co_25154,250427,rural
zip_co_253240,l10n_co_base_location.city_co_25168,253240,urban
zip_co_253247,l10n_co_base_location.city_co_25168,253247,rural
zip_co_250001,l10n_co_base_location.city_co_25175,250001,urban
zip_co_250002,l10n_co_base_location.city_co_25175,250002,urban
zip_co_250007,l10n_co_base_location.city_co_25175,250007,rural
zip_co_250008,l10n_co_base_location.city_co_25175,250008,rural
zip_co_251801,l10n_co_base_location.city_co_25178,251801,urban
zip_co_251807,l10n_co_base_location.city_co_25178,251807,rural
zip_co_251808,l10n_co_base_location.city_co_25178,251808,rural
zip_co_251620,l10n_co_base_location.city_co_25181,251620,urban
zip_co_251627,l10n_co_base_location.city_co_25181,251627,rural
zip_co_251628,l10n_co_base_location.city_co_25181,251628,rural
zip_co_250801,l10n_co_base_location.city_co_25183,250801,urban
zip_co_250808,l10n_co_base_location.city_co_25183,250808,rural
zip_co_250807,l10n_co_base_location.city_co_25183,250807,rural
zip_co_250408,l10n_co_base_location.city_co_25200,250408,rural
zip_co_250401,l10n_co_base_location.city_co_25200,250401,urban
zip_co_250407,l10n_co_base_location.city_co_25200,250407,rural
zip_co_250010,l10n_co_base_location.city_co_25214,250010,urban
zip_co_250017,l10n_co_base_location.city_co_25214,250017,rural
zip_co_250450,l10n_co_base_location.city_co_25224,250450,urban
zip_co_250457,l10n_co_base_location.city_co_25224,250457,rural
zip_co_252630,l10n_co_base_location.city_co_25245,252630,urban
zip_co_252637,l10n_co_base_location.city_co_25245,252637,rural
zip_co_252638,l10n_co_base_location.city_co_25245,252638,rural
zip_co_254027,l10n_co_base_location.city_co_25258,254027,rural
zip_co_254020,l10n_co_base_location.city_co_25258,254020,urban
zip_co_250210,l10n_co_base_location.city_co_25260,250210,urban
zip_co_250217,l10n_co_base_location.city_co_25260,250217,rural
zip_co_253058,l10n_co_base_location.city_co_25269,253058,rural
zip_co_253052,l10n_co_base_location.city_co_25269,253052,urban
zip_co_253051,l10n_co_base_location.city_co_25269,253051,urban
zip_co_253057,l10n_co_base_location.city_co_25269,253057,rural
zip_co_251640,l10n_co_base_location.city_co_25279,251640,urban
zip_co_251648,l10n_co_base_location.city_co_25279,251648,rural
zip_co_251647,l10n_co_base_location.city_co_25279,251647,rural
zip_co_251830,l10n_co_base_location.city_co_25281,251830,urban
zip_co_251837,l10n_co_base_location.city_co_25281,251837,rural
zip_co_250020,l10n_co_base_location.city_co_25286,250020,urban
zip_co_250027,l10n_co_base_location.city_co_25286,250027,rural
zip_co_250620,l10n_co_base_location.city_co_25288,250620,urban
zip_co_250627,l10n_co_base_location.city_co_25288,250627,rural
zip_co_252219,l10n_co_base_location.city_co_25290,252219,rural
zip_co_252218,l10n_co_base_location.city_co_25290,252218,rural
zip_co_252211,l10n_co_base_location.city_co_25290,252211,urban
zip_co_252217,l10n_co_base_location.city_co_25290,252217,rural
zip_co_252212,l10n_co_base_location.city_co_25290,252212,urban
zip_co_251250,l10n_co_base_location.city_co_25293,251250,urban
zip_co_251257,l10n_co_base_location.city_co_25293,251257,rural
zip_co_251020,l10n_co_base_location.city_co_25295,251020,urban
zip_co_251027,l10n_co_base_location.city_co_25295,251027,rural
zip_co_251230,l10n_co_base_location.city_co_25297,251230,urban
zip_co_251237,l10n_co_base_location.city_co_25297,251237,rural
zip_co_251238,l10n_co_base_location.city_co_25297,251238,rural
zip_co_251240,l10n_co_base_location.city_co_25299,251240,urban
zip_co_251247,l10n_co_base_location.city_co_25299,251247,rural
zip_co_252431,l10n_co_base_location.city_co_25307,252431,urban
zip_co_252437,l10n_co_base_location.city_co_25307,252437,rural
zip_co_252432,l10n_co_base_location.city_co_25307,252432,urban
zip_co_252257,l10n_co_base_location.city_co_25312,252257,rural
zip_co_252250,l10n_co_base_location.city_co_25312,252250,urban
zip_co_250610,l10n_co_base_location.city_co_25317,250610,urban
zip_co_250617,l10n_co_base_location.city_co_25317,250617,rural
zip_co_250618,l10n_co_base_location.city_co_25317,250618,rural
zip_co_253448,l10n_co_base_location.city_co_25320,253448,rural
zip_co_253449,l10n_co_base_location.city_co_25320,253449,rural
zip_co_253440,l10n_co_base_location.city_co_25320,253440,urban
zip_co_253447,l10n_co_base_location.city_co_25320,253447,rural
zip_co_251210,l10n_co_base_location.city_co_25322,251210,urban
zip_co_251218,l10n_co_base_location.city_co_25322,251218,rural
zip_co_251217,l10n_co_base_location.city_co_25322,251217,rural
zip_co_252820,l10n_co_base_location.city_co_25324,252820,urban
zip_co_252827,l10n_co_base_location.city_co_25324,252827,rural
zip_co_251060,l10n_co_base_location.city_co_25326,251060,urban
zip_co_251067,l10n_co_base_location.city_co_25326,251067,rural
zip_co_253210,l10n_co_base_location.city_co_25328,253210,urban
zip_co_253217,l10n_co_base_location.city_co_25328,253217,rural
zip_co_251850,l10n_co_base_location.city_co_25335,251850,urban
zip_co_251857,l10n_co_base_location.city_co_25335,251857,rural
zip_co_251860,l10n_co_base_location.city_co_25339,251860,urban
zip_co_251867,l10n_co_base_location.city_co_25339,251867,rural
zip_co_252810,l10n_co_base_location.city_co_25368,252810,urban
zip_co_252817,l10n_co_base_location.city_co_25368,252817,rural
zip_co_251220,l10n_co_base_location.city_co_25372,251220,urban
zip_co_251227,l10n_co_base_location.city_co_25372,251227,rural
zip_co_251201,l10n_co_base_location.city_co_25377,251201,urban
zip_co_251208,l10n_co_base_location.city_co_25377,251208,rural
zip_co_251207,l10n_co_base_location.city_co_25377,251207,rural
zip_co_252601,l10n_co_base_location.city_co_25386,252601,urban
zip_co_252607,l10n_co_base_location.city_co_25386,252607,rural
zip_co_252608,l10n_co_base_location.city_co_25386,252608,rural
zip_co_253808,l10n_co_base_location.city_co_25394,253808,rural
zip_co_253807,l10n_co_base_location.city_co_25394,253807,rural
zip_co_253801,l10n_co_base_location.city_co_25394,253801,urban
zip_co_253640,l10n_co_base_location.city_co_25398,253640,urban
zip_co_253647,l10n_co_base_location.city_co_25398,253647,rural
zip_co_253648,l10n_co_base_location.city_co_25398,253648,rural
zip_co_253610,l10n_co_base_location.city_co_25402,253610,urban
zip_co_253618,l10n_co_base_location.city_co_25402,253618,rural
zip_co_253617,l10n_co_base_location.city_co_25402,253617,rural
zip_co_250601,l10n_co_base_location.city_co_25407,250601,urban
zip_co_250607,l10n_co_base_location.city_co_25407,250607,rural
zip_co_250608,l10n_co_base_location.city_co_25407,250608,rural
zip_co_250840,l10n_co_base_location.city_co_25426,250840,urban
zip_co_250847,l10n_co_base_location.city_co_25426,250847,rural
zip_co_250848,l10n_co_base_location.city_co_25426,250848,rural
zip_co_250038,l10n_co_base_location.city_co_25430,250038,rural
zip_co_250037,l10n_co_base_location.city_co_25430,250037,rural
zip_co_250030,l10n_co_base_location.city_co_25430,250030,urban
zip_co_250830,l10n_co_base_location.city_co_25436,250830,urban
zip_co_250837,l10n_co_base_location.city_co_25436,250837,rural
zip_co_251420,l10n_co_base_location.city_co_25438,251420,urban
zip_co_251427,l10n_co_base_location.city_co_25438,251427,rural
zip_co_251428,l10n_co_base_location.city_co_25438,251428,rural
zip_co_250040,l10n_co_base_location.city_co_25473,250040,urban
zip_co_250047,l10n_co_base_location.city_co_25473,250047,rural
zip_co_252837,l10n_co_base_location.city_co_25483,252837,rural
zip_co_252830,l10n_co_base_location.city_co_25483,252830,urban
zip_co_251030,l10n_co_base_location.city_co_25486,251030,urban
zip_co_251038,l10n_co_base_location.city_co_25486,251038,rural
zip_co_251037,l10n_co_base_location.city_co_25486,251037,rural
zip_co_252401,l10n_co_base_location.city_co_25488,252401,urban
zip_co_252407,l10n_co_base_location.city_co_25488,252407,rural
zip_co_252408,l10n_co_base_location.city_co_25488,252408,rural
zip_co_253630,l10n_co_base_location.city_co_25489,253630,urban
zip_co_253637,l10n_co_base_location.city_co_25489,253637,rural
zip_co_253620,l10n_co_base_location.city_co_25491,253620,urban
zip_co_253627,l10n_co_base_location.city_co_25491,253627,rural
zip_co_254001,l10n_co_base_location.city_co_25513,254001,urban
zip_co_254007,l10n_co_base_location.city_co_25513,254007,rural
zip_co_254008,l10n_co_base_location.city_co_25513,254008,rural
zip_co_254040,l10n_co_base_location.city_co_25518,254040,urban
zip_co_254047,l10n_co_base_location.city_co_25518,254047,rural
zip_co_252010,l10n_co_base_location.city_co_25524,252010,urban
zip_co_252017,l10n_co_base_location.city_co_25524,252017,rural
zip_co_251401,l10n_co_base_location.city_co_25530,251401,urban
zip_co_251407,l10n_co_base_location.city_co_25530,251407,rural
zip_co_252201,l10n_co_base_location.city_co_25535,252201,urban
zip_co_252207,l10n_co_base_location.city_co_25535,252207,rural
zip_co_252208,l10n_co_base_location.city_co_25535,252208,rural
zip_co_253480,l10n_co_base_location.city_co_25572,253480,urban
zip_co_253487,l10n_co_base_location.city_co_25572,253487,rural
zip_co_252801,l10n_co_base_location.city_co_25580,252801,urban
zip_co_252807,l10n_co_base_location.city_co_25580,252807,rural
zip_co_253427,l10n_co_base_location.city_co_25592,253427,rural
zip_co_253420,l10n_co_base_location.city_co_25592,253420,urban
zip_co_251840,l10n_co_base_location.city_co_25594,251840,urban
zip_co_251847,l10n_co_base_location.city_co_25594,251847,rural
zip_co_253030,l10n_co_base_location.city_co_25596,253030,urban
zip_co_253037,l10n_co_base_location.city_co_25596,253037,rural
zip_co_252417,l10n_co_base_location.city_co_25612,252417,rural
zip_co_252410,l10n_co_base_location.city_co_25612,252410,urban
zip_co_252620,l10n_co_base_location.city_co_25645,252620,urban
zip_co_252627,l10n_co_base_location.city_co_25645,252627,rural
zip_co_252020,l10n_co_base_location.city_co_25649,252020,urban
zip_co_252028,l10n_co_base_location.city_co_25649,252028,rural
zip_co_252027,l10n_co_base_location.city_co_25649,252027,rural
zip_co_254050,l10n_co_base_location.city_co_25653,254050,urban
zip_co_254057,l10n_co_base_location.city_co_25653,254057,rural
zip_co_253601,l10n_co_base_location.city_co_25658,253601,urban
zip_co_253607,l10n_co_base_location.city_co_25658,253607,rural
zip_co_253608,l10n_co_base_location.city_co_25658,253608,rural
zip_co_253250,l10n_co_base_location.city_co_25662,253250,urban
zip_co_253257,l10n_co_base_location.city_co_25662,253257,rural
zip_co_253258,l10n_co_base_location.city_co_25662,253258,rural
zip_co_253401,l10n_co_base_location.city_co_25718,253401,urban
zip_co_253407,l10n_co_base_location.city_co_25718,253407,rural
zip_co_253408,l10n_co_base_location.city_co_25718,253408,rural
zip_co_251050,l10n_co_base_location.city_co_25736,251050,urban
zip_co_251058,l10n_co_base_location.city_co_25736,251058,rural
zip_co_251057,l10n_co_base_location.city_co_25736,251057,rural
zip_co_250077,l10n_co_base_location.city_co_25740,250077,rural
zip_co_250078,l10n_co_base_location.city_co_25740,250078,rural
zip_co_250070,l10n_co_base_location.city_co_25740,250070,urban
zip_co_252240,l10n_co_base_location.city_co_25743,252240,urban
zip_co_252248,l10n_co_base_location.city_co_25743,252248,rural
zip_co_252247,l10n_co_base_location.city_co_25743,252247,rural
zip_co_250647,l10n_co_base_location.city_co_25745,250647,rural
zip_co_250640,l10n_co_base_location.city_co_25745,250640,urban
zip_co_250051,l10n_co_base_location.city_co_25754,250051,urban
zip_co_250057,l10n_co_base_location.city_co_25754,250057,rural
zip_co_250052,l10n_co_base_location.city_co_25754,250052,urban
zip_co_250054,l10n_co_base_location.city_co_25754,250054,urban
zip_co_250055,l10n_co_base_location.city_co_25754,250055,urban
zip_co_250053,l10n_co_base_location.city_co_25754,250053,urban
zip_co_250058,l10n_co_base_location.city_co_25754,250058,rural
zip_co_251001,l10n_co_base_location.city_co_25758,251001,urban
zip_co_251007,l10n_co_base_location.city_co_25758,251007,rural
zip_co_251008,l10n_co_base_location.city_co_25758,251008,rural
zip_co_250228,l10n_co_base_location.city_co_25769,250228,rural
zip_co_250220,l10n_co_base_location.city_co_25769,250220,urban
zip_co_250227,l10n_co_base_location.city_co_25769,250227,rural
zip_co_251040,l10n_co_base_location.city_co_25772,251040,urban
zip_co_251047,l10n_co_base_location.city_co_25772,251047,rural
zip_co_251048,l10n_co_base_location.city_co_25772,251048,rural
zip_co_253660,l10n_co_base_location.city_co_25777,253660,urban
zip_co_253667,l10n_co_base_location.city_co_25777,253667,rural
zip_co_250630,l10n_co_base_location.city_co_25779,250630,urban
zip_co_250637,l10n_co_base_location.city_co_25779,250637,rural
zip_co_250440,l10n_co_base_location.city_co_25781,250440,urban
zip_co_250447,l10n_co_base_location.city_co_25781,250447,rural
zip_co_250237,l10n_co_base_location.city_co_25785,250237,rural
zip_co_250230,l10n_co_base_location.city_co_25785,250230,urban
zip_co_250410,l10n_co_base_location.city_co_25793,250410,urban
zip_co_250418,l10n_co_base_location.city_co_25793,250418,rural
zip_co_250417,l10n_co_base_location.city_co_25793,250417,rural
zip_co_252610,l10n_co_base_location.city_co_25797,252610,urban
zip_co_252617,l10n_co_base_location.city_co_25797,252617,rural
zip_co_250201,l10n_co_base_location.city_co_25799,250201,urban
zip_co_250207,l10n_co_base_location.city_co_25799,250207,rural
zip_co_250208,l10n_co_base_location.city_co_25799,250208,rural
zip_co_252230,l10n_co_base_location.city_co_25805,252230,urban
zip_co_252237,l10n_co_base_location.city_co_25805,252237,rural
zip_co_250820,l10n_co_base_location.city_co_25807,250820,urban
zip_co_250827,l10n_co_base_location.city_co_25807,250827,rural
zip_co_252840,l10n_co_base_location.city_co_25815,252840,urban
zip_co_252847,l10n_co_base_location.city_co_25815,252847,rural
zip_co_252848,l10n_co_base_location.city_co_25815,252848,rural
zip_co_251010,l10n_co_base_location.city_co_25817,251010,urban
zip_co_251017,l10n_co_base_location.city_co_25817,251017,rural
zip_co_253820,l10n_co_base_location.city_co_25823,253820,urban
zip_co_253827,l10n_co_base_location.city_co_25823,253827,rural
zip_co_251260,l10n_co_base_location.city_co_25839,251260,urban
zip_co_251267,l10n_co_base_location.city_co_25839,251267,rural
zip_co_251268,l10n_co_base_location.city_co_25839,251268,rural
zip_co_251601,l10n_co_base_location.city_co_25841,251601,urban
zip_co_251607,l10n_co_base_location.city_co_25841,251607,rural
zip_co_251810,l10n_co_base_location.city_co_25845,251810,urban
zip_co_251817,l10n_co_base_location.city_co_25845,251817,rural
zip_co_253430,l10n_co_base_location.city_co_25851,253430,urban
zip_co_253437,l10n_co_base_location.city_co_25851,253437,rural
zip_co_252037,l10n_co_base_location.city_co_25506,252037,rural
zip_co_252030,l10n_co_base_location.city_co_25506,252030,urban
zip_co_253650,l10n_co_base_location.city_co_25862,253650,urban
zip_co_253658,l10n_co_base_location.city_co_25862,253658,rural
zip_co_253657,l10n_co_base_location.city_co_25862,253657,rural
zip_co_253230,l10n_co_base_location.city_co_25867,253230,urban
zip_co_253237,l10n_co_base_location.city_co_25867,253237,rural
zip_co_250430,l10n_co_base_location.city_co_25843,250430,urban
zip_co_250437,l10n_co_base_location.city_co_25843,250437,rural
zip_co_254030,l10n_co_base_location.city_co_25871,254030,urban
zip_co_254037,l10n_co_base_location.city_co_25871,254037,rural
zip_co_250810,l10n_co_base_location.city_co_25873,250810,urban
zip_co_250817,l10n_co_base_location.city_co_25873,250817,rural
zip_co_250818,l10n_co_base_location.city_co_25873,250818,rural
zip_co_253418,l10n_co_base_location.city_co_25875,253418,rural
zip_co_253410,l10n_co_base_location.city_co_25875,253410,urban
zip_co_253417,l10n_co_base_location.city_co_25875,253417,rural
zip_co_252660,l10n_co_base_location.city_co_25878,252660,urban
zip_co_252667,l10n_co_base_location.city_co_25878,252667,rural
zip_co_252668,l10n_co_base_location.city_co_25878,252668,rural
zip_co_253840,l10n_co_base_location.city_co_25885,253840,urban
zip_co_253848,l10n_co_base_location.city_co_25885,253848,rural
zip_co_253847,l10n_co_base_location.city_co_25885,253847,rural
zip_co_253010,l10n_co_base_location.city_co_25898,253010,urban
zip_co_253017,l10n_co_base_location.city_co_25898,253017,rural
zip_co_250251,l10n_co_base_location.city_co_25899,250251,urban
zip_co_250258,l10n_co_base_location.city_co_25899,250258,rural
zip_co_250252,l10n_co_base_location.city_co_25899,250252,urban
zip_co_250257,l10n_co_base_location.city_co_25899,250257,rural
zip_co_944010,l10n_co_base_location.city_co_94343,944010,urban
zip_co_944019,l10n_co_base_location.city_co_94343,944019,rural
zip_co_944018,l10n_co_base_location.city_co_94343,944018,rural
zip_co_944017,l10n_co_base_location.city_co_94343,944017,rural
zip_co_941010,l10n_co_base_location.city_co_94886,941010,urban
zip_co_941017,l10n_co_base_location.city_co_94886,941017,rural
zip_co_941018,l10n_co_base_location.city_co_94886,941018,rural
zip_co_942057,l10n_co_base_location.city_co_94885,942057,rural
zip_co_940017,l10n_co_base_location.city_co_94001,940017,rural
zip_co_940009,l10n_co_base_location.city_co_94001,940009,rural
zip_co_940027,l10n_co_base_location.city_co_94001,940027,rural
zip_co_940001,l10n_co_base_location.city_co_94001,940001,urban
zip_co_940007,l10n_co_base_location.city_co_94001,940007,rural
zip_co_940019,l10n_co_base_location.city_co_94001,940019,rural
zip_co_940018,l10n_co_base_location.city_co_94001,940018,rural
zip_co_940008,l10n_co_base_location.city_co_94001,940008,rural
zip_co_940028,l10n_co_base_location.city_co_94001,940028,rural
zip_co_944058,l10n_co_base_location.city_co_94663,944058,rural
zip_co_944057,l10n_co_base_location.city_co_94663,944057,rural
zip_co_944059,l10n_co_base_location.city_co_94663,944059,rural
zip_co_943059,l10n_co_base_location.city_co_94888,943059,rural
zip_co_943067,l10n_co_base_location.city_co_94888,943067,rural
zip_co_943057,l10n_co_base_location.city_co_94888,943057,rural
zip_co_943058,l10n_co_base_location.city_co_94888,943058,rural
zip_co_943018,l10n_co_base_location.city_co_94887,943018,rural
zip_co_943019,l10n_co_base_location.city_co_94887,943019,rural
zip_co_943017,l10n_co_base_location.city_co_94887,943017,rural
zip_co_941039,l10n_co_base_location.city_co_94884,941039,rural
zip_co_941038,l10n_co_base_location.city_co_94884,941038,rural
zip_co_941037,l10n_co_base_location.city_co_94884,941037,rural
zip_co_941047,l10n_co_base_location.city_co_94884,941047,rural
zip_co_942010,l10n_co_base_location.city_co_94883,942010,urban
zip_co_942017,l10n_co_base_location.city_co_94883,942017,rural
zip_co_942018,l10n_co_base_location.city_co_94883,942018,rural
zip_co_953001,l10n_co_base_location.city_co_95015,953001,urban
zip_co_953009,l10n_co_base_location.city_co_95015,953009,rural
zip_co_953018,l10n_co_base_location.city_co_95015,953018,rural
zip_co_953007,l10n_co_base_location.city_co_95015,953007,rural
zip_co_953008,l10n_co_base_location.city_co_95015,953008,rural
zip_co_953017,l10n_co_base_location.city_co_95015,953017,rural
zip_co_951001,l10n_co_base_location.city_co_95025,951001,urban
zip_co_951008,l10n_co_base_location.city_co_95025,951008,rural
zip_co_951007,l10n_co_base_location.city_co_95025,951007,rural
zip_co_951017,l10n_co_base_location.city_co_95025,951017,rural
zip_co_951009,l10n_co_base_location.city_co_95025,951009,rural
zip_co_952001,l10n_co_base_location.city_co_95200,952001,urban
zip_co_952007,l10n_co_base_location.city_co_95200,952007,rural
zip_co_952017,l10n_co_base_location.city_co_95200,952017,rural
zip_co_952008,l10n_co_base_location.city_co_95200,952008,rural
zip_co_952009,l10n_co_base_location.city_co_95200,952009,rural
zip_co_950001,l10n_co_base_location.city_co_95001,950001,urban
zip_co_950007,l10n_co_base_location.city_co_95001,950007,rural
zip_co_950009,l10n_co_base_location.city_co_95001,950009,rural
zip_co_950008,l10n_co_base_location.city_co_95001,950008,rural
zip_co_417079,l10n_co_base_location.city_co_41006,417079,rural
zip_co_417087,l10n_co_base_location.city_co_41006,417087,rural
zip_co_417078,l10n_co_base_location.city_co_41006,417078,rural
zip_co_417070,l10n_co_base_location.city_co_41006,417070,urban
zip_co_417077,l10n_co_base_location.city_co_41006,417077,rural
zip_co_417088,l10n_co_base_location.city_co_41006,417088,rural
zip_co_414040,l10n_co_base_location.city_co_41013,414040,urban
zip_co_414047,l10n_co_base_location.city_co_41013,414047,rural
zip_co_411001,l10n_co_base_location.city_co_41016,411001,urban
zip_co_411007,l10n_co_base_location.city_co_41016,411007,rural
zip_co_411008,l10n_co_base_location.city_co_41016,411008,rural
zip_co_413040,l10n_co_base_location.city_co_41020,413040,urban
zip_co_413047,l10n_co_base_location.city_co_41020,413047,rural
zip_co_413048,l10n_co_base_location.city_co_41020,413048,rural
zip_co_416020,l10n_co_base_location.city_co_41026,416020,urban
zip_co_416027,l10n_co_base_location.city_co_41026,416027,rural
zip_co_411060,l10n_co_base_location.city_co_41078,411060,urban
zip_co_411067,l10n_co_base_location.city_co_41078,411067,rural
zip_co_413020,l10n_co_base_location.city_co_41132,413020,urban
zip_co_413028,l10n_co_base_location.city_co_41132,413028,rural
zip_co_413027,l10n_co_base_location.city_co_41132,413027,rural
zip_co_411080,l10n_co_base_location.city_co_41206,411080,urban
zip_co_411088,l10n_co_base_location.city_co_41206,411088,rural
zip_co_411087,l10n_co_base_location.city_co_41206,411087,rural
zip_co_417001,l10n_co_base_location.city_co_41244,417001,urban
zip_co_417007,l10n_co_base_location.city_co_41244,417007,rural
zip_co_414027,l10n_co_base_location.city_co_41298,414027,rural
zip_co_414028,l10n_co_base_location.city_co_41298,414028,rural
zip_co_414029,l10n_co_base_location.city_co_41298,414029,rural
zip_co_414020,l10n_co_base_location.city_co_41298,414020,urban
zip_co_414001,l10n_co_base_location.city_co_41306,414001,urban
zip_co_414008,l10n_co_base_location.city_co_41306,414008,rural
zip_co_414007,l10n_co_base_location.city_co_41306,414007,rural
zip_co_414009,l10n_co_base_location.city_co_41306,414009,rural
zip_co_416040,l10n_co_base_location.city_co_41319,416040,urban
zip_co_416047,l10n_co_base_location.city_co_41319,416047,rural
zip_co_416048,l10n_co_base_location.city_co_41319,416048,rural
zip_co_413060,l10n_co_base_location.city_co_41349,413060,urban
zip_co_413067,l10n_co_base_location.city_co_41349,413067,rural
zip_co_412060,l10n_co_base_location.city_co_41357,412060,urban
zip_co_412067,l10n_co_base_location.city_co_41357,412067,rural
zip_co_412068,l10n_co_base_location.city_co_41357,412068,rural
zip_co_418048,l10n_co_base_location.city_co_41359,418048,rural
zip_co_418049,l10n_co_base_location.city_co_41359,418049,rural
zip_co_418040,l10n_co_base_location.city_co_41359,418040,urban
zip_co_418047,l10n_co_base_location.city_co_41359,418047,rural
zip_co_415080,l10n_co_base_location.city_co_41378,415080,urban
zip_co_415088,l10n_co_base_location.city_co_41378,415088,rural
zip_co_415087,l10n_co_base_location.city_co_41378,415087,rural
zip_co_415078,l10n_co_base_location.city_co_41396,415078,rural
zip_co_415077,l10n_co_base_location.city_co_41396,415077,rural
zip_co_415068,l10n_co_base_location.city_co_41396,415068,rural
zip_co_415060,l10n_co_base_location.city_co_41396,415060,urban
zip_co_416067,l10n_co_base_location.city_co_41396,416067,rural
zip_co_415069,l10n_co_base_location.city_co_41396,415069,rural
zip_co_415020,l10n_co_base_location.city_co_41483,415020,urban
zip_co_415027,l10n_co_base_location.city_co_41483,415027,rural
zip_co_410010,l10n_co_base_location.city_co_41001,410010,urban
zip_co_410004,l10n_co_base_location.city_co_41001,410004,urban
zip_co_410005,l10n_co_base_location.city_co_41001,410005,urban
zip_co_410003,l10n_co_base_location.city_co_41001,410003,urban
zip_co_410009,l10n_co_base_location.city_co_41001,410009,rural
zip_co_410017,l10n_co_base_location.city_co_41001,410017,rural
zip_co_410006,l10n_co_base_location.city_co_41001,410006,urban
zip_co_410018,l10n_co_base_location.city_co_41001,410018,rural
zip_co_410007,l10n_co_base_location.city_co_41001,410007,rural
zip_co_410002,l10n_co_base_location.city_co_41001,410002,urban
zip_co_410001,l10n_co_base_location.city_co_41001,410001,urban
zip_co_410008,l10n_co_base_location.city_co_41001,410008,rural
zip_co_418001,l10n_co_base_location.city_co_41503,418001,urban
zip_co_418007,l10n_co_base_location.city_co_41503,418007,rural
zip_co_418008,l10n_co_base_location.city_co_41503,418008,rural
zip_co_415040,l10n_co_base_location.city_co_41518,415040,urban
zip_co_415047,l10n_co_base_location.city_co_41518,415047,rural
zip_co_412001,l10n_co_base_location.city_co_41524,412001,urban
zip_co_412008,l10n_co_base_location.city_co_41524,412008,rural
zip_co_412007,l10n_co_base_location.city_co_41524,412007,rural
zip_co_417067,l10n_co_base_location.city_co_41530,417067,rural
zip_co_417060,l10n_co_base_location.city_co_41530,417060,urban
zip_co_414060,l10n_co_base_location.city_co_41548,414060,urban
zip_co_414067,l10n_co_base_location.city_co_41548,414067,rural
zip_co_414068,l10n_co_base_location.city_co_41548,414068,rural
zip_co_417038,l10n_co_base_location.city_co_41551,417038,rural
zip_co_417048,l10n_co_base_location.city_co_41551,417048,rural
zip_co_417037,l10n_co_base_location.city_co_41551,417037,rural
zip_co_417047,l10n_co_base_location.city_co_41551,417047,rural
zip_co_417039,l10n_co_base_location.city_co_41551,417039,rural
zip_co_417030,l10n_co_base_location.city_co_41551,417030,urban
zip_co_413001,l10n_co_base_location.city_co_41615,413001,urban
zip_co_413008,l10n_co_base_location.city_co_41615,413008,rural
zip_co_413007,l10n_co_base_location.city_co_41615,413007,rural
zip_co_418020,l10n_co_base_location.city_co_41660,418020,urban
zip_co_418028,l10n_co_base_location.city_co_41660,418028,rural
zip_co_418027,l10n_co_base_location.city_co_41660,418027,rural
zip_co_418060,l10n_co_base_location.city_co_41668,418060,urban
zip_co_418068,l10n_co_base_location.city_co_41668,418068,rural
zip_co_418077,l10n_co_base_location.city_co_41668,418077,rural
zip_co_418069,l10n_co_base_location.city_co_41668,418069,rural
zip_co_418067,l10n_co_base_location.city_co_41668,418067,rural
zip_co_412020,l10n_co_base_location.city_co_41676,412020,urban
zip_co_412027,l10n_co_base_location.city_co_41676,412027,rural
zip_co_416080,l10n_co_base_location.city_co_41770,416080,urban
zip_co_416089,l10n_co_base_location.city_co_41770,416089,rural
zip_co_416088,l10n_co_base_location.city_co_41770,416088,rural
zip_co_416087,l10n_co_base_location.city_co_41770,416087,rural
zip_co_416001,l10n_co_base_location.city_co_41791,416001,urban
zip_co_416007,l10n_co_base_location.city_co_41791,416007,rural
zip_co_411040,l10n_co_base_location.city_co_41799,411040,urban
zip_co_411048,l10n_co_base_location.city_co_41799,411048,rural
zip_co_411047,l10n_co_base_location.city_co_41799,411047,rural
zip_co_412040,l10n_co_base_location.city_co_41801,412040,urban
zip_co_412047,l10n_co_base_location.city_co_41801,412047,rural
zip_co_415001,l10n_co_base_location.city_co_41797,415001,urban
zip_co_415007,l10n_co_base_location.city_co_41797,415007,rural
zip_co_415008,l10n_co_base_location.city_co_41797,415008,rural
zip_co_417010,l10n_co_base_location.city_co_41807,417010,urban
zip_co_417017,l10n_co_base_location.city_co_41807,417017,rural
zip_co_417018,l10n_co_base_location.city_co_41807,417018,rural
zip_co_411020,l10n_co_base_location.city_co_41872,411020,urban
zip_co_411027,l10n_co_base_location.city_co_41872,411027,rural
zip_co_411028,l10n_co_base_location.city_co_41872,411028,rural
zip_co_412087,l10n_co_base_location.city_co_41885,412087,rural
zip_co_412080,l10n_co_base_location.city_co_41885,412080,urban
zip_co_443001,l10n_co_base_location.city_co_44035,443001,urban
zip_co_443007,l10n_co_base_location.city_co_44035,443007,rural
zip_co_443008,l10n_co_base_location.city_co_44035,443008,rural
zip_co_443009,l10n_co_base_location.city_co_44035,443009,rural
zip_co_443040,l10n_co_base_location.city_co_44078,443040,urban
zip_co_443048,l10n_co_base_location.city_co_44078,443048,rural
zip_co_443049,l10n_co_base_location.city_co_44078,443049,rural
zip_co_443047,l10n_co_base_location.city_co_44078,443047,rural
zip_co_446001,l10n_co_base_location.city_co_44090,446001,urban
zip_co_446008,l10n_co_base_location.city_co_44090,446008,rural
zip_co_446017,l10n_co_base_location.city_co_44090,446017,rural
zip_co_446007,l10n_co_base_location.city_co_44090,446007,rural
zip_co_446009,l10n_co_base_location.city_co_44090,446009,rural
zip_co_444001,l10n_co_base_location.city_co_44098,444001,urban
zip_co_444007,l10n_co_base_location.city_co_44098,444007,rural
zip_co_444008,l10n_co_base_location.city_co_44098,444008,rural
zip_co_444050,l10n_co_base_location.city_co_44110,444050,urban
zip_co_444057,l10n_co_base_location.city_co_44110,444057,rural
zip_co_444010,l10n_co_base_location.city_co_44279,444010,urban
zip_co_444017,l10n_co_base_location.city_co_44279,444017,rural
zip_co_444018,l10n_co_base_location.city_co_44279,444018,rural
zip_co_443020,l10n_co_base_location.city_co_44378,443020,urban
zip_co_443028,l10n_co_base_location.city_co_44378,443028,rural
zip_co_443027,l10n_co_base_location.city_co_44378,443027,rural
zip_co_445040,l10n_co_base_location.city_co_44420,445040,urban
zip_co_445047,l10n_co_base_location.city_co_44420,445047,rural
zip_co_442001,l10n_co_base_location.city_co_44430,442001,urban
zip_co_442007,l10n_co_base_location.city_co_44430,442007,rural
zip_co_442009,l10n_co_base_location.city_co_44430,442009,rural
zip_co_442008,l10n_co_base_location.city_co_44430,442008,rural
zip_co_441001,l10n_co_base_location.city_co_44560,441001,urban
zip_co_441008,l10n_co_base_location.city_co_44560,441008,rural
zip_co_441018,l10n_co_base_location.city_co_44560,441018,rural
zip_co_441017,l10n_co_base_location.city_co_44560,441017,rural
zip_co_441009,l10n_co_base_location.city_co_44560,441009,rural
zip_co_441007,l10n_co_base_location.city_co_44560,441007,rural
zip_co_440001,l10n_co_base_location.city_co_44001,440001,urban
zip_co_440002,l10n_co_base_location.city_co_44001,440002,urban
zip_co_440003,l10n_co_base_location.city_co_44001,440003,urban
zip_co_440017,l10n_co_base_location.city_co_44001,440017,rural
zip_co_440008,l10n_co_base_location.city_co_44001,440008,rural
zip_co_440009,l10n_co_base_location.city_co_44001,440009,rural
zip_co_440007,l10n_co_base_location.city_co_44001,440007,rural
zip_co_444037,l10n_co_base_location.city_co_44650,444037,rural
zip_co_444030,l10n_co_base_location.city_co_44650,444030,urban
zip_co_444038,l10n_co_base_location.city_co_44650,444038,rural
zip_co_441020,l10n_co_base_location.city_co_44847,441020,urban
zip_co_441037,l10n_co_base_location.city_co_44847,441037,rural
zip_co_441048,l10n_co_base_location.city_co_44847,441048,rural
zip_co_441039,l10n_co_base_location.city_co_44847,441039,rural
zip_co_441058,l10n_co_base_location.city_co_44847,441058,rural
zip_co_441027,l10n_co_base_location.city_co_44847,441027,rural
zip_co_441029,l10n_co_base_location.city_co_44847,441029,rural
zip_co_441049,l10n_co_base_location.city_co_44847,441049,rural
zip_co_441047,l10n_co_base_location.city_co_44847,441047,rural
zip_co_441059,l10n_co_base_location.city_co_44847,441059,rural
zip_co_441057,l10n_co_base_location.city_co_44847,441057,rural
zip_co_441028,l10n_co_base_location.city_co_44847,441028,rural
zip_co_441038,l10n_co_base_location.city_co_44847,441038,rural
zip_co_445020,l10n_co_base_location.city_co_44855,445020,urban
zip_co_445027,l10n_co_base_location.city_co_44855,445027,rural
zip_co_445008,l10n_co_base_location.city_co_44874,445008,rural
zip_co_445007,l10n_co_base_location.city_co_44874,445007,rural
zip_co_445001,l10n_co_base_location.city_co_44874,445001,urban
zip_co_472040,l10n_co_base_location.city_co_47030,472040,urban
zip_co_472047,l10n_co_base_location.city_co_47030,472047,rural
zip_co_472007,l10n_co_base_location.city_co_47053,472007,rural
zip_co_472008,l10n_co_base_location.city_co_47053,472008,rural
zip_co_472001,l10n_co_base_location.city_co_47053,472001,urban
zip_co_475010,l10n_co_base_location.city_co_47058,475010,urban
zip_co_475017,l10n_co_base_location.city_co_47058,475017,rural
zip_co_475018,l10n_co_base_location.city_co_47058,475018,rural
zip_co_475019,l10n_co_base_location.city_co_47058,475019,rural
zip_co_476020,l10n_co_base_location.city_co_47161,476020,urban
zip_co_476027,l10n_co_base_location.city_co_47161,476027,rural
zip_co_476060,l10n_co_base_location.city_co_47170,476060,urban
zip_co_476068,l10n_co_base_location.city_co_47170,476068,rural
zip_co_476067,l10n_co_base_location.city_co_47170,476067,rural
zip_co_478002,l10n_co_base_location.city_co_47189,478002,urban
zip_co_478007,l10n_co_base_location.city_co_47189,478007,rural
zip_co_478008,l10n_co_base_location.city_co_47189,478008,rural
zip_co_478001,l10n_co_base_location.city_co_47189,478001,urban
zip_co_476030,l10n_co_base_location.city_co_47205,476030,urban
zip_co_476037,l10n_co_base_location.city_co_47205,476037,rural
zip_co_473040,l10n_co_base_location.city_co_47245,473040,urban
zip_co_473048,l10n_co_base_location.city_co_47245,473048,rural
zip_co_473049,l10n_co_base_location.city_co_47245,473049,rural
zip_co_473047,l10n_co_base_location.city_co_47245,473047,rural
zip_co_476007,l10n_co_base_location.city_co_47258,476007,rural
zip_co_476008,l10n_co_base_location.city_co_47258,476008,rural
zip_co_476001,l10n_co_base_location.city_co_47258,476001,urban
zip_co_478060,l10n_co_base_location.city_co_47268,478060,urban
zip_co_478067,l10n_co_base_location.city_co_47268,478067,rural
zip_co_472020,l10n_co_base_location.city_co_47288,472020,urban
zip_co_472028,l10n_co_base_location.city_co_47288,472028,rural
zip_co_472027,l10n_co_base_location.city_co_47288,472027,rural
zip_co_473020,l10n_co_base_location.city_co_47318,473020,urban
zip_co_473029,l10n_co_base_location.city_co_47318,473029,rural
zip_co_473028,l10n_co_base_location.city_co_47318,473028,rural
zip_co_473027,l10n_co_base_location.city_co_47318,473027,rural
zip_co_475020,l10n_co_base_location.city_co_47460,475020,urban
zip_co_475028,l10n_co_base_location.city_co_47460,475028,rural
zip_co_475027,l10n_co_base_location.city_co_47460,475027,rural
zip_co_476040,l10n_co_base_location.city_co_47541,476040,urban
zip_co_476047,l10n_co_base_location.city_co_47541,476047,rural
zip_co_476048,l10n_co_base_location.city_co_47541,476048,rural
zip_co_474047,l10n_co_base_location.city_co_47545,474047,rural
zip_co_474048,l10n_co_base_location.city_co_47545,474048,rural
zip_co_474040,l10n_co_base_location.city_co_47545,474040,urban
zip_co_477050,l10n_co_base_location.city_co_47551,477050,urban
zip_co_477057,l10n_co_base_location.city_co_47551,477057,rural
zip_co_477058,l10n_co_base_location.city_co_47551,477058,rural
zip_co_475030,l10n_co_base_location.city_co_47555,475030,urban
zip_co_475038,l10n_co_base_location.city_co_47555,475038,rural
zip_co_475037,l10n_co_base_location.city_co_47555,475037,rural
zip_co_478048,l10n_co_base_location.city_co_47570,478048,rural
zip_co_478040,l10n_co_base_location.city_co_47570,478040,urban
zip_co_478047,l10n_co_base_location.city_co_47570,478047,rural
zip_co_477020,l10n_co_base_location.city_co_47605,477020,urban
zip_co_477027,l10n_co_base_location.city_co_47605,477027,rural
zip_co_475001,l10n_co_base_location.city_co_47660,475001,urban
zip_co_475007,l10n_co_base_location.city_co_47660,475007,rural
zip_co_475008,l10n_co_base_location.city_co_47660,475008,rural
zip_co_477040,l10n_co_base_location.city_co_47675,477040,urban
zip_co_477047,l10n_co_base_location.city_co_47675,477047,rural
zip_co_473007,l10n_co_base_location.city_co_47692,473007,rural
zip_co_473008,l10n_co_base_location.city_co_47692,473008,rural
zip_co_473001,l10n_co_base_location.city_co_47692,473001,urban
zip_co_474060,l10n_co_base_location.city_co_47703,474060,urban
zip_co_474068,l10n_co_base_location.city_co_47703,474068,rural
zip_co_474067,l10n_co_base_location.city_co_47703,474067,rural
zip_co_474020,l10n_co_base_location.city_co_47707,474020,urban
zip_co_474028,l10n_co_base_location.city_co_47707,474028,rural
zip_co_474027,l10n_co_base_location.city_co_47707,474027,rural
zip_co_474001,l10n_co_base_location.city_co_47720,474001,urban
zip_co_474007,l10n_co_base_location.city_co_47720,474007,rural
zip_co_470009,l10n_co_base_location.city_co_47001,470009,rural
zip_co_470001,l10n_co_base_location.city_co_47001,470001,urban
zip_co_470005,l10n_co_base_location.city_co_47001,470005,urban
zip_co_470007,l10n_co_base_location.city_co_47001,470007,rural
zip_co_470002,l10n_co_base_location.city_co_47001,470002,urban
zip_co_470003,l10n_co_base_location.city_co_47001,470003,urban
zip_co_470004,l10n_co_base_location.city_co_47001,470004,urban
zip_co_470017,l10n_co_base_location.city_co_47001,470017,rural
zip_co_470008,l10n_co_base_location.city_co_47001,470008,rural
zip_co_470006,l10n_co_base_location.city_co_47001,470006,urban
zip_co_477001,l10n_co_base_location.city_co_47745,477001,urban
zip_co_477007,l10n_co_base_location.city_co_47745,477007,rural
zip_co_477009,l10n_co_base_location.city_co_47745,477009,rural
zip_co_477008,l10n_co_base_location.city_co_47745,477008,rural
zip_co_475057,l10n_co_base_location.city_co_47798,475057,rural
zip_co_475050,l10n_co_base_location.city_co_47798,475050,urban
zip_co_476050,l10n_co_base_location.city_co_47960,476050,urban
zip_co_476058,l10n_co_base_location.city_co_47960,476058,rural
zip_co_476057,l10n_co_base_location.city_co_47960,476057,rural
zip_co_478020,l10n_co_base_location.city_co_47980,478020,urban
zip_co_478027,l10n_co_base_location.city_co_47980,478027,rural
zip_co_478037,l10n_co_base_location.city_co_47980,478037,rural
zip_co_478029,l10n_co_base_location.city_co_47980,478029,rural
zip_co_478028,l10n_co_base_location.city_co_47980,478028,rural
zip_co_507008,l10n_co_base_location.city_co_50006,507008,rural
zip_co_507017,l10n_co_base_location.city_co_50006,507017,rural
zip_co_507007,l10n_co_base_location.city_co_50006,507007,rural
zip_co_507001,l10n_co_base_location.city_co_50006,507001,urban
zip_co_507009,l10n_co_base_location.city_co_50006,507009,rural
zip_co_501007,l10n_co_base_location.city_co_50110,501007,rural
zip_co_501001,l10n_co_base_location.city_co_50110,501001,urban
zip_co_501011,l10n_co_base_location.city_co_50124,501011,urban
zip_co_501018,l10n_co_base_location.city_co_50124,501018,rural
zip_co_501017,l10n_co_base_location.city_co_50124,501017,rural
zip_co_507041,l10n_co_base_location.city_co_50150,507041,urban
zip_co_507048,l10n_co_base_location.city_co_50150,507048,rural
zip_co_507047,l10n_co_base_location.city_co_50150,507047,rural
zip_co_506001,l10n_co_base_location.city_co_50223,506001,urban
zip_co_506007,l10n_co_base_location.city_co_50223,506007,rural
zip_co_506008,l10n_co_base_location.city_co_50223,506008,rural
zip_co_501021,l10n_co_base_location.city_co_50226,501021,urban
zip_co_501028,l10n_co_base_location.city_co_50226,501028,rural
zip_co_501027,l10n_co_base_location.city_co_50226,501027,rural
zip_co_501041,l10n_co_base_location.city_co_50245,501041,urban
zip_co_501047,l10n_co_base_location.city_co_50245,501047,rural
zip_co_506047,l10n_co_base_location.city_co_50251,506047,rural
zip_co_506048,l10n_co_base_location.city_co_50251,506048,rural
zip_co_506041,l10n_co_base_location.city_co_50251,506041,urban
zip_co_506021,l10n_co_base_location.city_co_50270,506021,urban
zip_co_506027,l10n_co_base_location.city_co_50270,506027,rural
zip_co_504021,l10n_co_base_location.city_co_50287,504021,urban
zip_co_504027,l10n_co_base_location.city_co_50287,504027,rural
zip_co_504028,l10n_co_base_location.city_co_50287,504028,rural
zip_co_504001,l10n_co_base_location.city_co_50313,504001,urban
zip_co_504007,l10n_co_base_location.city_co_50313,504007,rural
zip_co_504008,l10n_co_base_location.city_co_50313,504008,rural
zip_co_507051,l10n_co_base_location.city_co_50318,507051,urban
zip_co_507057,l10n_co_base_location.city_co_50318,507057,rural
zip_co_507058,l10n_co_base_location.city_co_50318,507058,rural
zip_co_505021,l10n_co_base_location.city_co_50350,505021,urban
zip_co_505027,l10n_co_base_location.city_co_50350,505027,rural
zip_co_505028,l10n_co_base_location.city_co_50350,505028,rural
zip_co_506067,l10n_co_base_location.city_co_50400,506067,rural
zip_co_506068,l10n_co_base_location.city_co_50400,506068,rural
zip_co_506061,l10n_co_base_location.city_co_50400,506061,urban
zip_co_503021,l10n_co_base_location.city_co_50325,503021,urban
zip_co_503028,l10n_co_base_location.city_co_50325,503028,rural
zip_co_503027,l10n_co_base_location.city_co_50325,503027,rural
zip_co_503037,l10n_co_base_location.city_co_50325,503037,rural
zip_co_503029,l10n_co_base_location.city_co_50325,503029,rural
zip_co_505001,l10n_co_base_location.city_co_50330,505001,urban
zip_co_505007,l10n_co_base_location.city_co_50330,505007,rural
zip_co_505008,l10n_co_base_location.city_co_50330,505008,rural
zip_co_503041,l10n_co_base_location.city_co_50450,503041,urban
zip_co_503047,l10n_co_base_location.city_co_50450,503047,rural
zip_co_502058,l10n_co_base_location.city_co_50568,502058,rural
zip_co_502041,l10n_co_base_location.city_co_50568,502041,urban
zip_co_502057,l10n_co_base_location.city_co_50568,502057,rural
zip_co_502047,l10n_co_base_location.city_co_50568,502047,rural
zip_co_502048,l10n_co_base_location.city_co_50568,502048,rural
zip_co_502059,l10n_co_base_location.city_co_50568,502059,rural
zip_co_502049,l10n_co_base_location.city_co_50568,502049,rural
zip_co_503001,l10n_co_base_location.city_co_50577,503001,urban
zip_co_503008,l10n_co_base_location.city_co_50577,503008,rural
zip_co_503007,l10n_co_base_location.city_co_50577,503007,rural
zip_co_502001,l10n_co_base_location.city_co_50573,502001,urban
zip_co_502008,l10n_co_base_location.city_co_50573,502008,rural
zip_co_502009,l10n_co_base_location.city_co_50573,502009,rural
zip_co_502007,l10n_co_base_location.city_co_50573,502007,rural
zip_co_503061,l10n_co_base_location.city_co_50590,503061,urban
zip_co_503068,l10n_co_base_location.city_co_50590,503068,rural
zip_co_503067,l10n_co_base_location.city_co_50590,503067,rural
zip_co_501031,l10n_co_base_location.city_co_50606,501031,urban
zip_co_501038,l10n_co_base_location.city_co_50606,501038,rural
zip_co_501037,l10n_co_base_location.city_co_50606,501037,rural
zip_co_507011,l10n_co_base_location.city_co_50680,507011,urban
zip_co_507019,l10n_co_base_location.city_co_50680,507019,rural
zip_co_504047,l10n_co_base_location.city_co_50683,504047,rural
zip_co_504048,l10n_co_base_location.city_co_50683,504048,rural
zip_co_504041,l10n_co_base_location.city_co_50683,504041,urban
zip_co_501051,l10n_co_base_location.city_co_50686,501051,urban
zip_co_501057,l10n_co_base_location.city_co_50686,501057,rural
zip_co_507037,l10n_co_base_location.city_co_50689,507037,rural
zip_co_507027,l10n_co_base_location.city_co_50689,507027,rural
zip_co_507029,l10n_co_base_location.city_co_50689,507029,rural
zip_co_507028,l10n_co_base_location.city_co_50689,507028,rural
zip_co_507021,l10n_co_base_location.city_co_50689,507021,urban
zip_co_505041,l10n_co_base_location.city_co_50370,505041,urban
zip_co_505048,l10n_co_base_location.city_co_50370,505048,rural
zip_co_505047,l10n_co_base_location.city_co_50370,505047,rural
zip_co_500004,l10n_co_base_location.city_co_50001,500004,urban
zip_co_500009,l10n_co_base_location.city_co_50001,500009,rural
zip_co_500001,l10n_co_base_location.city_co_50001,500001,urban
zip_co_500003,l10n_co_base_location.city_co_50001,500003,urban
zip_co_500017,l10n_co_base_location.city_co_50001,500017,rural
zip_co_500002,l10n_co_base_location.city_co_50001,500002,urban
zip_co_500008,l10n_co_base_location.city_co_50001,500008,rural
zip_co_500005,l10n_co_base_location.city_co_50001,500005,urban
zip_co_500007,l10n_co_base_location.city_co_50001,500007,rural
zip_co_504061,l10n_co_base_location.city_co_50711,504061,urban
zip_co_504068,l10n_co_base_location.city_co_50711,504068,rural
zip_co_504067,l10n_co_base_location.city_co_50711,504067,rural
zip_co_524540,l10n_co_base_location.city_co_52022,524540,urban
zip_co_524547,l10n_co_base_location.city_co_52022,524547,rural
zip_co_526007,l10n_co_base_location.city_co_52036,526007,rural
zip_co_526001,l10n_co_base_location.city_co_52036,526001,urban
zip_co_520578,l10n_co_base_location.city_co_52051,520578,rural
zip_co_520577,l10n_co_base_location.city_co_52051,520577,rural
zip_co_520570,l10n_co_base_location.city_co_52051,520570,urban
zip_co_528069,l10n_co_base_location.city_co_52079,528069,rural
zip_co_528068,l10n_co_base_location.city_co_52079,528068,rural
zip_co_528078,l10n_co_base_location.city_co_52079,528078,rural
zip_co_528077,l10n_co_base_location.city_co_52079,528077,rural
zip_co_528060,l10n_co_base_location.city_co_52079,528060,urban
zip_co_528067,l10n_co_base_location.city_co_52079,528067,rural
zip_co_521087,l10n_co_base_location.city_co_52083,521087,rural
zip_co_521080,l10n_co_base_location.city_co_52083,521080,urban
zip_co_520501,l10n_co_base_location.city_co_52110,520501,urban
zip_co_520509,l10n_co_base_location.city_co_52110,520509,rural
zip_co_520507,l10n_co_base_location.city_co_52110,520507,rural
zip_co_520517,l10n_co_base_location.city_co_52110,520517,rural
zip_co_520518,l10n_co_base_location.city_co_52110,520518,rural
zip_co_520508,l10n_co_base_location.city_co_52110,520508,rural
zip_co_522001,l10n_co_base_location.city_co_52240,522001,urban
zip_co_522007,l10n_co_base_location.city_co_52240,522007,rural
zip_co_521067,l10n_co_base_location.city_co_52203,521067,rural
zip_co_521060,l10n_co_base_location.city_co_52203,521060,urban
zip_co_522548,l10n_co_base_location.city_co_52207,522548,rural
zip_co_522540,l10n_co_base_location.city_co_52207,522540,urban
zip_co_522547,l10n_co_base_location.city_co_52207,522547,rural
zip_co_523087,l10n_co_base_location.city_co_52210,523087,rural
zip_co_523080,l10n_co_base_location.city_co_52210,523080,urban
zip_co_524009,l10n_co_base_location.city_co_52215,524009,rural
zip_co_524007,l10n_co_base_location.city_co_52215,524007,rural
zip_co_524001,l10n_co_base_location.city_co_52215,524001,urban
zip_co_524008,l10n_co_base_location.city_co_52215,524008,rural
zip_co_524560,l10n_co_base_location.city_co_52224,524560,urban
zip_co_524567,l10n_co_base_location.city_co_52224,524567,rural
zip_co_525007,l10n_co_base_location.city_co_52227,525007,rural
zip_co_525008,l10n_co_base_location.city_co_52227,525008,rural
zip_co_525009,l10n_co_base_location.city_co_52227,525009,rural
zip_co_525001,l10n_co_base_location.city_co_52227,525001,urban
zip_co_526567,l10n_co_base_location.city_co_52233,526567,rural
zip_co_526568,l10n_co_base_location.city_co_52233,526568,rural
zip_co_526560,l10n_co_base_location.city_co_52233,526560,urban
zip_co_527537,l10n_co_base_location.city_co_52250,527537,rural
zip_co_527520,l10n_co_base_location.city_co_52250,527520,urban
zip_co_527528,l10n_co_base_location.city_co_52250,527528,rural
zip_co_527529,l10n_co_base_location.city_co_52250,527529,rural
zip_co_527527,l10n_co_base_location.city_co_52250,527527,rural
zip_co_522088,l10n_co_base_location.city_co_52254,522088,rural
zip_co_522087,l10n_co_base_location.city_co_52254,522087,rural
zip_co_522080,l10n_co_base_location.city_co_52254,522080,urban
zip_co_527037,l10n_co_base_location.city_co_52256,527037,rural
zip_co_527038,l10n_co_base_location.city_co_52256,527038,rural
zip_co_527030,l10n_co_base_location.city_co_52256,527030,urban
zip_co_527039,l10n_co_base_location.city_co_52256,527039,rural
zip_co_520539,l10n_co_base_location.city_co_52258,520539,rural
zip_co_520537,l10n_co_base_location.city_co_52258,520537,rural
zip_co_520530,l10n_co_base_location.city_co_52258,520530,urban
zip_co_520538,l10n_co_base_location.city_co_52258,520538,rural
zip_co_522060,l10n_co_base_location.city_co_52260,522060,urban
zip_co_522067,l10n_co_base_location.city_co_52260,522067,rural
zip_co_522068,l10n_co_base_location.city_co_52260,522068,rural
zip_co_528560,l10n_co_base_location.city_co_52520,528560,urban
zip_co_528567,l10n_co_base_location.city_co_52520,528567,rural
zip_co_528568,l10n_co_base_location.city_co_52520,528568,rural
zip_co_523520,l10n_co_base_location.city_co_52287,523520,urban
zip_co_523527,l10n_co_base_location.city_co_52287,523527,rural
zip_co_523528,l10n_co_base_location.city_co_52287,523528,rural
zip_co_524588,l10n_co_base_location.city_co_52317,524588,rural
zip_co_524587,l10n_co_base_location.city_co_52317,524587,rural
zip_co_524580,l10n_co_base_location.city_co_52317,524580,urban
zip_co_525508,l10n_co_base_location.city_co_52320,525508,rural
zip_co_525507,l10n_co_base_location.city_co_52320,525507,rural
zip_co_525501,l10n_co_base_location.city_co_52320,525501,urban
zip_co_524501,l10n_co_base_location.city_co_52323,524501,urban
zip_co_524507,l10n_co_base_location.city_co_52323,524507,rural
zip_co_523060,l10n_co_base_location.city_co_52352,523060,urban
zip_co_523067,l10n_co_base_location.city_co_52352,523067,rural
zip_co_523068,l10n_co_base_location.city_co_52352,523068,rural
zip_co_523028,l10n_co_base_location.city_co_52354,523028,rural
zip_co_523020,l10n_co_base_location.city_co_52354,523020,urban
zip_co_523027,l10n_co_base_location.city_co_52354,523027,rural
zip_co_524060,l10n_co_base_location.city_co_52356,524060,urban
zip_co_524068,l10n_co_base_location.city_co_52356,524068,rural
zip_co_524061,l10n_co_base_location.city_co_52356,524061,urban
zip_co_524069,l10n_co_base_location.city_co_52356,524069,rural
zip_co_524078,l10n_co_base_location.city_co_52356,524078,rural
zip_co_524077,l10n_co_base_location.city_co_52356,524077,rural
zip_co_524067,l10n_co_base_location.city_co_52356,524067,rural
zip_co_521028,l10n_co_base_location.city_co_52378,521028,rural
zip_co_521027,l10n_co_base_location.city_co_52378,521027,rural
zip_co_521020,l10n_co_base_location.city_co_52378,521020,urban
zip_co_522048,l10n_co_base_location.city_co_52381,522048,rural
zip_co_522040,l10n_co_base_location.city_co_52381,522040,urban
zip_co_522047,l10n_co_base_location.city_co_52381,522047,rural
zip_co_526507,l10n_co_base_location.city_co_52385,526507,rural
zip_co_526501,l10n_co_base_location.city_co_52385,526501,urban
zip_co_527547,l10n_co_base_location.city_co_52390,527547,rural
zip_co_527540,l10n_co_base_location.city_co_52390,527540,urban
zip_co_527548,l10n_co_base_location.city_co_52390,527548,rural
zip_co_521528,l10n_co_base_location.city_co_52399,521528,rural
zip_co_521527,l10n_co_base_location.city_co_52399,521527,rural
zip_co_521529,l10n_co_base_location.city_co_52399,521529,rural
zip_co_521520,l10n_co_base_location.city_co_52399,521520,urban
zip_co_527067,l10n_co_base_location.city_co_52405,527067,rural
zip_co_527068,l10n_co_base_location.city_co_52405,527068,rural
zip_co_527060,l10n_co_base_location.city_co_52405,527060,urban
zip_co_522508,l10n_co_base_location.city_co_52411,522508,rural
zip_co_522501,l10n_co_base_location.city_co_52411,522501,urban
zip_co_522507,l10n_co_base_location.city_co_52411,522507,rural
zip_co_526527,l10n_co_base_location.city_co_52418,526527,rural
zip_co_526520,l10n_co_base_location.city_co_52418,526520,urban
zip_co_526529,l10n_co_base_location.city_co_52418,526529,rural
zip_co_526528,l10n_co_base_location.city_co_52418,526528,rural
zip_co_528001,l10n_co_base_location.city_co_52427,528001,urban
zip_co_528017,l10n_co_base_location.city_co_52427,528017,rural
zip_co_528009,l10n_co_base_location.city_co_52427,528009,rural
zip_co_528007,l10n_co_base_location.city_co_52427,528007,rural
zip_co_528008,l10n_co_base_location.city_co_52427,528008,rural
zip_co_525068,l10n_co_base_location.city_co_52435,525068,rural
zip_co_525060,l10n_co_base_location.city_co_52435,525060,urban
zip_co_525067,l10n_co_base_location.city_co_52435,525067,rural
zip_co_525069,l10n_co_base_location.city_co_52435,525069,rural
zip_co_527580,l10n_co_base_location.city_co_52473,527580,urban
zip_co_527588,l10n_co_base_location.city_co_52473,527588,rural
zip_co_527589,l10n_co_base_location.city_co_52473,527589,rural
zip_co_527587,l10n_co_base_location.city_co_52473,527587,rural
zip_co_522027,l10n_co_base_location.city_co_52480,522027,rural
zip_co_522020,l10n_co_base_location.city_co_52480,522020,urban
zip_co_527569,l10n_co_base_location.city_co_52490,527569,rural
zip_co_527567,l10n_co_base_location.city_co_52490,527567,rural
zip_co_527568,l10n_co_base_location.city_co_52490,527568,rural
zip_co_527560,l10n_co_base_location.city_co_52490,527560,urban
zip_co_523047,l10n_co_base_location.city_co_52506,523047,rural
zip_co_523040,l10n_co_base_location.city_co_52506,523040,urban
zip_co_520038,l10n_co_base_location.city_co_52001,520038,rural
zip_co_520018,l10n_co_base_location.city_co_52001,520018,rural
zip_co_520002,l10n_co_base_location.city_co_52001,520002,urban
zip_co_520029,l10n_co_base_location.city_co_52001,520029,rural
zip_co_520039,l10n_co_base_location.city_co_52001,520039,rural
zip_co_520006,l10n_co_base_location.city_co_52001,520006,urban
zip_co_520027,l10n_co_base_location.city_co_52001,520027,rural
zip_co_520003,l10n_co_base_location.city_co_52001,520003,urban
zip_co_520007,l10n_co_base_location.city_co_52001,520007,rural
zip_co_520019,l10n_co_base_location.city_co_52001,520019,rural
zip_co_520001,l10n_co_base_location.city_co_52001,520001,urban
zip_co_520017,l10n_co_base_location.city_co_52001,520017,rural
zip_co_520009,l10n_co_base_location.city_co_52001,520009,rural
zip_co_520028,l10n_co_base_location.city_co_52001,520028,rural
zip_co_520010,l10n_co_base_location.city_co_52001,520010,urban
zip_co_520037,l10n_co_base_location.city_co_52001,520037,rural
zip_co_520004,l10n_co_base_location.city_co_52001,520004,urban
zip_co_520008,l10n_co_base_location.city_co_52001,520008,rural
zip_co_527001,l10n_co_base_location.city_co_52540,527001,urban
zip_co_527007,l10n_co_base_location.city_co_52540,527007,rural
zip_co_527009,l10n_co_base_location.city_co_52540,527009,rural
zip_co_527008,l10n_co_base_location.city_co_52540,527008,rural
zip_co_524039,l10n_co_base_location.city_co_52560,524039,rural
zip_co_524038,l10n_co_base_location.city_co_52560,524038,rural
zip_co_524030,l10n_co_base_location.city_co_52560,524030,urban
zip_co_524037,l10n_co_base_location.city_co_52560,524037,rural
zip_co_526020,l10n_co_base_location.city_co_52565,526020,urban
zip_co_526027,l10n_co_base_location.city_co_52565,526027,rural
zip_co_523548,l10n_co_base_location.city_co_52573,523548,rural
zip_co_523547,l10n_co_base_location.city_co_52573,523547,rural
zip_co_523540,l10n_co_base_location.city_co_52573,523540,urban
zip_co_524527,l10n_co_base_location.city_co_52585,524527,rural
zip_co_524520,l10n_co_base_location.city_co_52585,524520,urban
zip_co_524528,l10n_co_base_location.city_co_52585,524528,rural
zip_co_525039,l10n_co_base_location.city_co_52612,525039,rural
zip_co_525047,l10n_co_base_location.city_co_52612,525047,rural
zip_co_525037,l10n_co_base_location.city_co_52612,525037,rural
zip_co_525038,l10n_co_base_location.city_co_52612,525038,rural
zip_co_525030,l10n_co_base_location.city_co_52612,525030,urban
zip_co_528037,l10n_co_base_location.city_co_52621,528037,rural
zip_co_528030,l10n_co_base_location.city_co_52621,528030,urban
zip_co_528039,l10n_co_base_location.city_co_52621,528039,rural
zip_co_528038,l10n_co_base_location.city_co_52621,528038,rural
zip_co_528047,l10n_co_base_location.city_co_52621,528047,rural
zip_co_526049,l10n_co_base_location.city_co_52678,526049,rural
zip_co_526057,l10n_co_base_location.city_co_52678,526057,rural
zip_co_526047,l10n_co_base_location.city_co_52678,526047,rural
zip_co_526058,l10n_co_base_location.city_co_52678,526058,rural
zip_co_526048,l10n_co_base_location.city_co_52678,526048,rural
zip_co_526040,l10n_co_base_location.city_co_52678,526040,urban
zip_co_528528,l10n_co_base_location.city_co_52835,528528,rural
zip_co_528537,l10n_co_base_location.city_co_52835,528537,rural
zip_co_528519,l10n_co_base_location.city_co_52835,528519,rural
zip_co_528518,l10n_co_base_location.city_co_52835,528518,rural
zip_co_528527,l10n_co_base_location.city_co_52835,528527,rural
zip_co_528538,l10n_co_base_location.city_co_52835,528538,rural
zip_co_528539,l10n_co_base_location.city_co_52835,528539,rural
zip_co_528501,l10n_co_base_location.city_co_52835,528501,urban
zip_co_528508,l10n_co_base_location.city_co_52835,528508,rural
zip_co_528502,l10n_co_base_location.city_co_52835,528502,urban
zip_co_528517,l10n_co_base_location.city_co_52835,528517,rural
zip_co_528529,l10n_co_base_location.city_co_52835,528529,rural
zip_co_528507,l10n_co_base_location.city_co_52835,528507,rural
zip_co_528503,l10n_co_base_location.city_co_52835,528503,urban
zip_co_528509,l10n_co_base_location.city_co_52835,528509,rural
zip_co_521007,l10n_co_base_location.city_co_52685,521007,rural
zip_co_521001,l10n_co_base_location.city_co_52685,521001,urban
zip_co_521050,l10n_co_base_location.city_co_52019,521050,urban
zip_co_520557,l10n_co_base_location.city_co_52019,520557,rural
zip_co_521548,l10n_co_base_location.city_co_52687,521548,rural
zip_co_521547,l10n_co_base_location.city_co_52687,521547,rural
zip_co_521549,l10n_co_base_location.city_co_52687,521549,rural
zip_co_521540,l10n_co_base_location.city_co_52687,521540,urban
zip_co_521047,l10n_co_base_location.city_co_52693,521047,rural
zip_co_521048,l10n_co_base_location.city_co_52693,521048,rural
zip_co_521040,l10n_co_base_location.city_co_52693,521040,urban
zip_co_521508,l10n_co_base_location.city_co_52694,521508,rural
zip_co_521507,l10n_co_base_location.city_co_52694,521507,rural
zip_co_521501,l10n_co_base_location.city_co_52694,521501,urban
zip_co_522527,l10n_co_base_location.city_co_52683,522527,rural
zip_co_522520,l10n_co_base_location.city_co_52683,522520,urban
zip_co_527507,l10n_co_base_location.city_co_52696,527507,rural
zip_co_527508,l10n_co_base_location.city_co_52696,527508,rural
zip_co_527501,l10n_co_base_location.city_co_52696,527501,urban
zip_co_525579,l10n_co_base_location.city_co_52699,525579,rural
zip_co_525570,l10n_co_base_location.city_co_52699,525570,urban
zip_co_525577,l10n_co_base_location.city_co_52699,525577,rural
zip_co_525578,l10n_co_base_location.city_co_52699,525578,rural
zip_co_525558,l10n_co_base_location.city_co_52720,525558,rural
zip_co_525557,l10n_co_base_location.city_co_52720,525557,rural
zip_co_525550,l10n_co_base_location.city_co_52720,525550,urban
zip_co_521567,l10n_co_base_location.city_co_52786,521567,rural
zip_co_521569,l10n_co_base_location.city_co_52786,521569,rural
zip_co_521560,l10n_co_base_location.city_co_52786,521560,urban
zip_co_521568,l10n_co_base_location.city_co_52786,521568,rural
zip_co_523507,l10n_co_base_location.city_co_52788,523507,rural
zip_co_523501,l10n_co_base_location.city_co_52788,523501,urban
zip_co_523508,l10n_co_base_location.city_co_52788,523508,rural
zip_co_525537,l10n_co_base_location.city_co_52838,525537,rural
zip_co_525528,l10n_co_base_location.city_co_52838,525528,rural
zip_co_525520,l10n_co_base_location.city_co_52838,525520,urban
zip_co_525529,l10n_co_base_location.city_co_52838,525529,rural
zip_co_525527,l10n_co_base_location.city_co_52838,525527,rural
zip_co_523008,l10n_co_base_location.city_co_52885,523008,rural
zip_co_523007,l10n_co_base_location.city_co_52885,523007,rural
zip_co_523001,l10n_co_base_location.city_co_52885,523001,urban
zip_co_546070,l10n_co_base_location.city_co_54003,546070,urban
zip_co_546078,l10n_co_base_location.city_co_54003,546078,rural
zip_co_546077,l10n_co_base_location.city_co_54003,546077,rural
zip_co_546079,l10n_co_base_location.city_co_54003,546079,rural
zip_co_544550,l10n_co_base_location.city_co_54051,544550,urban
zip_co_544557,l10n_co_base_location.city_co_54051,544557,rural
zip_co_544558,l10n_co_base_location.city_co_54051,544558,rural
zip_co_543010,l10n_co_base_location.city_co_54099,543010,urban
zip_co_543018,l10n_co_base_location.city_co_54099,543018,rural
zip_co_543017,l10n_co_base_location.city_co_54099,543017,rural
zip_co_545557,l10n_co_base_location.city_co_54109,545557,rural
zip_co_545550,l10n_co_base_location.city_co_54109,545550,urban
zip_co_545558,l10n_co_base_location.city_co_54109,545558,rural
zip_co_546030,l10n_co_base_location.city_co_54128,546030,urban
zip_co_546037,l10n_co_base_location.city_co_54128,546037,rural
zip_co_546038,l10n_co_base_location.city_co_54128,546038,rural
zip_co_544010,l10n_co_base_location.city_co_54125,544010,urban
zip_co_544017,l10n_co_base_location.city_co_54125,544017,rural
zip_co_541070,l10n_co_base_location.city_co_54172,541070,urban
zip_co_541077,l10n_co_base_location.city_co_54172,541077,rural
zip_co_544030,l10n_co_base_location.city_co_54174,544030,urban
zip_co_544037,l10n_co_base_location.city_co_54174,544037,rural
zip_co_544038,l10n_co_base_location.city_co_54174,544038,rural
zip_co_547050,l10n_co_base_location.city_co_54206,547050,urban
zip_co_547057,l10n_co_base_location.city_co_54206,547057,rural
zip_co_547058,l10n_co_base_location.city_co_54206,547058,rural
zip_co_547059,l10n_co_base_location.city_co_54206,547059,rural
zip_co_540019,l10n_co_base_location.city_co_54001,540019,rural
zip_co_540018,l10n_co_base_location.city_co_54001,540018,rural
zip_co_540011,l10n_co_base_location.city_co_54001,540011,urban
zip_co_540006,l10n_co_base_location.city_co_54001,540006,urban
zip_co_540005,l10n_co_base_location.city_co_54001,540005,urban
zip_co_540013,l10n_co_base_location.city_co_54001,540013,urban
zip_co_540002,l10n_co_base_location.city_co_54001,540002,urban
zip_co_540004,l10n_co_base_location.city_co_54001,540004,urban
zip_co_540008,l10n_co_base_location.city_co_54001,540008,rural
zip_co_540017,l10n_co_base_location.city_co_54001,540017,rural
zip_co_540003,l10n_co_base_location.city_co_54001,540003,urban
zip_co_540001,l10n_co_base_location.city_co_54001,540001,urban
zip_co_540010,l10n_co_base_location.city_co_54001,540010,urban
zip_co_540007,l10n_co_base_location.city_co_54001,540007,rural
zip_co_544520,l10n_co_base_location.city_co_54223,544520,urban
zip_co_544528,l10n_co_base_location.city_co_54223,544528,rural
zip_co_544529,l10n_co_base_location.city_co_54223,544529,rural
zip_co_544527,l10n_co_base_location.city_co_54223,544527,rural
zip_co_544517,l10n_co_base_location.city_co_54239,544517,rural
zip_co_544510,l10n_co_base_location.city_co_54239,544510,urban
zip_co_547070,l10n_co_base_location.city_co_54245,547070,urban
zip_co_547078,l10n_co_base_location.city_co_54245,547078,rural
zip_co_547077,l10n_co_base_location.city_co_54245,547077,rural
zip_co_547079,l10n_co_base_location.city_co_54245,547079,rural
zip_co_548050,l10n_co_base_location.city_co_54250,548050,urban
zip_co_548058,l10n_co_base_location.city_co_54250,548058,rural
zip_co_548057,l10n_co_base_location.city_co_54250,548057,rural
zip_co_545510,l10n_co_base_location.city_co_54261,545510,urban
zip_co_545518,l10n_co_base_location.city_co_54261,545518,rural
zip_co_545517,l10n_co_base_location.city_co_54261,545517,rural
zip_co_545050,l10n_co_base_location.city_co_54313,545050,urban
zip_co_545057,l10n_co_base_location.city_co_54313,545057,rural
zip_co_546510,l10n_co_base_location.city_co_54344,546510,urban
zip_co_546517,l10n_co_base_location.city_co_54344,546517,rural
zip_co_542017,l10n_co_base_location.city_co_54347,542017,rural
zip_co_542018,l10n_co_base_location.city_co_54347,542018,rural
zip_co_542010,l10n_co_base_location.city_co_54347,542010,urban
zip_co_546050,l10n_co_base_location.city_co_54385,546050,urban
zip_co_546058,l10n_co_base_location.city_co_54385,546058,rural
zip_co_546057,l10n_co_base_location.city_co_54385,546057,rural
zip_co_546530,l10n_co_base_location.city_co_54398,546530,urban
zip_co_546537,l10n_co_base_location.city_co_54398,546537,rural
zip_co_542050,l10n_co_base_location.city_co_54377,542050,urban
zip_co_542058,l10n_co_base_location.city_co_54377,542058,rural
zip_co_542057,l10n_co_base_location.city_co_54377,542057,rural
zip_co_541010,l10n_co_base_location.city_co_54405,541010,urban
zip_co_541017,l10n_co_base_location.city_co_54405,541017,rural
zip_co_541018,l10n_co_base_location.city_co_54405,541018,rural
zip_co_545070,l10n_co_base_location.city_co_54418,545070,urban
zip_co_545077,l10n_co_base_location.city_co_54418,545077,rural
zip_co_544070,l10n_co_base_location.city_co_54480,544070,urban
zip_co_544077,l10n_co_base_location.city_co_54480,544077,rural
zip_co_546552,l10n_co_base_location.city_co_54498,546552,urban
zip_co_546559,l10n_co_base_location.city_co_54498,546559,rural
zip_co_546551,l10n_co_base_location.city_co_54498,546551,urban
zip_co_546558,l10n_co_base_location.city_co_54498,546558,rural
zip_co_546557,l10n_co_base_location.city_co_54498,546557,rural
zip_co_543050,l10n_co_base_location.city_co_54518,543050,urban
zip_co_543057,l10n_co_base_location.city_co_54518,543057,rural
zip_co_543058,l10n_co_base_location.city_co_54518,543058,rural
zip_co_543030,l10n_co_base_location.city_co_54520,543030,urban
zip_co_543038,l10n_co_base_location.city_co_54520,543038,rural
zip_co_543037,l10n_co_base_location.city_co_54520,543037,rural
zip_co_548030,l10n_co_base_location.city_co_54553,548030,urban
zip_co_548037,l10n_co_base_location.city_co_54553,548037,rural
zip_co_541050,l10n_co_base_location.city_co_54599,541050,urban
zip_co_541057,l10n_co_base_location.city_co_54599,541057,rural
zip_co_544570,l10n_co_base_location.city_co_54660,544570,urban
zip_co_544577,l10n_co_base_location.city_co_54660,544577,rural
zip_co_544578,l10n_co_base_location.city_co_54660,544578,rural
zip_co_547010,l10n_co_base_location.city_co_54670,547010,urban
zip_co_547018,l10n_co_base_location.city_co_54670,547018,rural
zip_co_547017,l10n_co_base_location.city_co_54670,547017,rural
zip_co_545010,l10n_co_base_location.city_co_54673,545010,urban
zip_co_545017,l10n_co_base_location.city_co_54673,545017,rural
zip_co_545030,l10n_co_base_location.city_co_54680,545030,urban
zip_co_545037,l10n_co_base_location.city_co_54680,545037,rural
zip_co_545530,l10n_co_base_location.city_co_54720,545530,urban
zip_co_545538,l10n_co_base_location.city_co_54720,545538,rural
zip_co_545539,l10n_co_base_location.city_co_54720,545539,rural
zip_co_545537,l10n_co_base_location.city_co_54720,545537,rural
zip_co_544050,l10n_co_base_location.city_co_54743,544050,urban
zip_co_544057,l10n_co_base_location.city_co_54743,544057,rural
zip_co_544058,l10n_co_base_location.city_co_54743,544058,rural
zip_co_547030,l10n_co_base_location.city_co_54800,547030,urban
zip_co_547038,l10n_co_base_location.city_co_54800,547038,rural
zip_co_547037,l10n_co_base_location.city_co_54800,547037,rural
zip_co_547039,l10n_co_base_location.city_co_54800,547039,rural
zip_co_548010,l10n_co_base_location.city_co_54810,548010,urban
zip_co_548017,l10n_co_base_location.city_co_54810,548017,rural
zip_co_548018,l10n_co_base_location.city_co_54810,548018,rural
zip_co_542030,l10n_co_base_location.city_co_54820,542030,urban
zip_co_542038,l10n_co_base_location.city_co_54820,542038,rural
zip_co_542037,l10n_co_base_location.city_co_54820,542037,rural
zip_co_546010,l10n_co_base_location.city_co_54871,546010,urban
zip_co_546017,l10n_co_base_location.city_co_54871,546017,rural
zip_co_541030,l10n_co_base_location.city_co_54874,541030,urban
zip_co_541038,l10n_co_base_location.city_co_54874,541038,rural
zip_co_861040,l10n_co_base_location.city_co_86219,861040,urban
zip_co_861047,l10n_co_base_location.city_co_86219,861047,rural
zip_co_864001,l10n_co_base_location.city_co_86573,864001,urban
zip_co_864009,l10n_co_base_location.city_co_86573,864009,rural
zip_co_864008,l10n_co_base_location.city_co_86573,864008,rural
zip_co_864007,l10n_co_base_location.city_co_86573,864007,rural
zip_co_860001,l10n_co_base_location.city_co_86001,860001,urban
zip_co_860007,l10n_co_base_location.city_co_86001,860007,rural
zip_co_860008,l10n_co_base_location.city_co_86001,860008,rural
zip_co_862001,l10n_co_base_location.city_co_86320,862001,urban
zip_co_862007,l10n_co_base_location.city_co_86320,862007,rural
zip_co_862008,l10n_co_base_location.city_co_86320,862008,rural
zip_co_862060,l10n_co_base_location.city_co_86568,862060,urban
zip_co_862068,l10n_co_base_location.city_co_86568,862068,rural
zip_co_862067,l10n_co_base_location.city_co_86568,862067,rural
zip_co_862069,l10n_co_base_location.city_co_86568,862069,rural
zip_co_862080,l10n_co_base_location.city_co_86569,862080,urban
zip_co_862087,l10n_co_base_location.city_co_86569,862087,rural
zip_co_863001,l10n_co_base_location.city_co_86571,863001,urban
zip_co_863008,l10n_co_base_location.city_co_86571,863008,rural
zip_co_863007,l10n_co_base_location.city_co_86571,863007,rural
zip_co_861001,l10n_co_base_location.city_co_86755,861001,urban
zip_co_861007,l10n_co_base_location.city_co_86755,861007,rural
zip_co_861008,l10n_co_base_location.city_co_86755,861008,rural
zip_co_862040,l10n_co_base_location.city_co_86757,862040,urban
zip_co_862047,l10n_co_base_location.city_co_86757,862047,rural
zip_co_861060,l10n_co_base_location.city_co_86760,861060,urban
zip_co_861067,l10n_co_base_location.city_co_86760,861067,rural
zip_co_861068,l10n_co_base_location.city_co_86760,861068,rural
zip_co_861020,l10n_co_base_location.city_co_86749,861020,urban
zip_co_861027,l10n_co_base_location.city_co_86749,861027,rural
zip_co_862020,l10n_co_base_location.city_co_86865,862020,urban
zip_co_862027,l10n_co_base_location.city_co_86865,862027,rural
zip_co_862028,l10n_co_base_location.city_co_86865,862028,rural
zip_co_861080,l10n_co_base_location.city_co_86885,861080,urban
zip_co_861087,l10n_co_base_location.city_co_86885,861087,rural
zip_co_861088,l10n_co_base_location.city_co_86885,861088,rural
zip_co_630007,l10n_co_base_location.city_co_63001,630007,rural
zip_co_630003,l10n_co_base_location.city_co_63001,630003,urban
zip_co_630004,l10n_co_base_location.city_co_63001,630004,urban
zip_co_630008,l10n_co_base_location.city_co_63001,630008,rural
zip_co_630002,l10n_co_base_location.city_co_63001,630002,urban
zip_co_630001,l10n_co_base_location.city_co_63001,630001,urban
zip_co_632040,l10n_co_base_location.city_co_63111,632040,urban
zip_co_632047,l10n_co_base_location.city_co_63111,632047,rural
zip_co_632001,l10n_co_base_location.city_co_63130,632001,urban
zip_co_632007,l10n_co_base_location.city_co_63130,632007,rural
zip_co_632008,l10n_co_base_location.city_co_63130,632008,rural
zip_co_631001,l10n_co_base_location.city_co_63190,631001,urban
zip_co_631008,l10n_co_base_location.city_co_63190,631008,rural
zip_co_631007,l10n_co_base_location.city_co_63190,631007,rural
zip_co_632020,l10n_co_base_location.city_co_63212,632020,urban
zip_co_632027,l10n_co_base_location.city_co_63212,632027,rural
zip_co_634001,l10n_co_base_location.city_co_63272,634001,urban
zip_co_634008,l10n_co_base_location.city_co_63272,634008,rural
zip_co_634007,l10n_co_base_location.city_co_63272,634007,rural
zip_co_632080,l10n_co_base_location.city_co_63302,632080,urban
zip_co_632087,l10n_co_base_location.city_co_63302,632087,rural
zip_co_633020,l10n_co_base_location.city_co_63401,633020,urban
zip_co_633027,l10n_co_base_location.city_co_63401,633027,rural
zip_co_633007,l10n_co_base_location.city_co_63470,633007,rural
zip_co_633008,l10n_co_base_location.city_co_63470,633008,rural
zip_co_633001,l10n_co_base_location.city_co_63470,633001,urban
zip_co_632060,l10n_co_base_location.city_co_63548,632060,urban
zip_co_632067,l10n_co_base_location.city_co_63548,632067,rural
zip_co_634027,l10n_co_base_location.city_co_63594,634027,rural
zip_co_634020,l10n_co_base_location.city_co_63594,634020,urban
zip_co_631020,l10n_co_base_location.city_co_63690,631020,urban
zip_co_631027,l10n_co_base_location.city_co_63690,631027,rural
zip_co_631028,l10n_co_base_location.city_co_63690,631028,rural
zip_co_663030,l10n_co_base_location.city_co_66045,663030,urban
zip_co_663038,l10n_co_base_location.city_co_66045,663038,rural
zip_co_663037,l10n_co_base_location.city_co_66045,663037,rural
zip_co_662010,l10n_co_base_location.city_co_66075,662010,urban
zip_co_662017,l10n_co_base_location.city_co_66075,662017,rural
zip_co_664047,l10n_co_base_location.city_co_66088,664047,rural
zip_co_664048,l10n_co_base_location.city_co_66088,664048,rural
zip_co_664040,l10n_co_base_location.city_co_66088,664040,urban
zip_co_661002,l10n_co_base_location.city_co_66170,661002,urban
zip_co_661007,l10n_co_base_location.city_co_66170,661007,rural
zip_co_661008,l10n_co_base_location.city_co_66170,661008,rural
zip_co_661001,l10n_co_base_location.city_co_66170,661001,urban
zip_co_664010,l10n_co_base_location.city_co_66318,664010,urban
zip_co_664017,l10n_co_base_location.city_co_66318,664017,rural
zip_co_664018,l10n_co_base_location.city_co_66318,664018,rural
zip_co_662030,l10n_co_base_location.city_co_66383,662030,urban
zip_co_662037,l10n_co_base_location.city_co_66383,662037,rural
zip_co_662001,l10n_co_base_location.city_co_66400,662001,urban
zip_co_662007,l10n_co_base_location.city_co_66400,662007,rural
zip_co_661040,l10n_co_base_location.city_co_66440,661040,urban
zip_co_661047,l10n_co_base_location.city_co_66440,661047,rural
zip_co_661048,l10n_co_base_location.city_co_66440,661048,rural
zip_co_664020,l10n_co_base_location.city_co_66456,664020,urban
zip_co_664028,l10n_co_base_location.city_co_66456,664028,rural
zip_co_664027,l10n_co_base_location.city_co_66456,664027,rural
zip_co_660001,l10n_co_base_location.city_co_66001,660001,urban
zip_co_660009,l10n_co_base_location.city_co_66001,660009,rural
zip_co_660008,l10n_co_base_location.city_co_66001,660008,rural
zip_co_660002,l10n_co_base_location.city_co_66001,660002,urban
zip_co_660005,l10n_co_base_location.city_co_66001,660005,urban
zip_co_660007,l10n_co_base_location.city_co_66001,660007,rural
zip_co_660004,l10n_co_base_location.city_co_66001,660004,urban
zip_co_660003,l10n_co_base_location.city_co_66001,660003,urban
zip_co_660006,l10n_co_base_location.city_co_66001,660006,urban
zip_co_660017,l10n_co_base_location.city_co_66001,660017,rural
zip_co_663011,l10n_co_base_location.city_co_66572,663011,urban
zip_co_663017,l10n_co_base_location.city_co_66572,663017,rural
zip_co_663018,l10n_co_base_location.city_co_66572,663018,rural
zip_co_664008,l10n_co_base_location.city_co_66594,664008,rural
zip_co_664007,l10n_co_base_location.city_co_66594,664007,rural
zip_co_664001,l10n_co_base_location.city_co_66594,664001,urban
zip_co_661027,l10n_co_base_location.city_co_66682,661027,rural
zip_co_661028,l10n_co_base_location.city_co_66682,661028,rural
zip_co_661020,l10n_co_base_location.city_co_66682,661020,urban
zip_co_663001,l10n_co_base_location.city_co_66687,663001,urban
zip_co_663008,l10n_co_base_location.city_co_66687,663008,rural
zip_co_663007,l10n_co_base_location.city_co_66687,663007,rural
zip_co_685521,l10n_co_base_location.city_co_68013,685521,urban
zip_co_685527,l10n_co_base_location.city_co_68013,685527,rural
zip_co_684531,l10n_co_base_location.city_co_68020,684531,urban
zip_co_684537,l10n_co_base_location.city_co_68020,684537,rural
zip_co_682051,l10n_co_base_location.city_co_68051,682051,urban
zip_co_682058,l10n_co_base_location.city_co_68051,682058,rural
zip_co_682057,l10n_co_base_location.city_co_68051,682057,rural
zip_co_684517,l10n_co_base_location.city_co_68077,684517,rural
zip_co_684511,l10n_co_base_location.city_co_68077,684511,urban
zip_co_684041,l10n_co_base_location.city_co_68079,684041,urban
zip_co_684047,l10n_co_base_location.city_co_68079,684047,rural
zip_co_684048,l10n_co_base_location.city_co_68079,684048,rural
zip_co_687032,l10n_co_base_location.city_co_68081,687032,urban
zip_co_687033,l10n_co_base_location.city_co_68081,687033,urban
zip_co_687039,l10n_co_base_location.city_co_68081,687039,rural
zip_co_687047,l10n_co_base_location.city_co_68081,687047,rural
zip_co_687031,l10n_co_base_location.city_co_68081,687031,urban
zip_co_687038,l10n_co_base_location.city_co_68081,687038,rural
zip_co_687037,l10n_co_base_location.city_co_68081,687037,rural
zip_co_686501,l10n_co_base_location.city_co_68092,686501,urban
zip_co_686508,l10n_co_base_location.city_co_68092,686508,rural
zip_co_686507,l10n_co_base_location.city_co_68092,686507,rural
zip_co_685001,l10n_co_base_location.city_co_68101,685001,urban
zip_co_685007,l10n_co_base_location.city_co_68101,685007,rural
zip_co_685008,l10n_co_base_location.city_co_68101,685008,rural
zip_co_685009,l10n_co_base_location.city_co_68101,685009,rural
zip_co_680008,l10n_co_base_location.city_co_68001,680008,rural
zip_co_680004,l10n_co_base_location.city_co_68001,680004,urban
zip_co_680003,l10n_co_base_location.city_co_68001,680003,urban
zip_co_680007,l10n_co_base_location.city_co_68001,680007,rural
zip_co_680011,l10n_co_base_location.city_co_68001,680011,urban
zip_co_680006,l10n_co_base_location.city_co_68001,680006,urban
zip_co_680001,l10n_co_base_location.city_co_68001,680001,urban
zip_co_680005,l10n_co_base_location.city_co_68001,680005,urban
zip_co_680002,l10n_co_base_location.city_co_68001,680002,urban
zip_co_683501,l10n_co_base_location.city_co_68121,683501,urban
zip_co_683507,l10n_co_base_location.city_co_68121,683507,rural
zip_co_680511,l10n_co_base_location.city_co_68132,680511,urban
zip_co_680517,l10n_co_base_location.city_co_68132,680517,rural
zip_co_681541,l10n_co_base_location.city_co_68147,681541,urban
zip_co_681548,l10n_co_base_location.city_co_68147,681548,rural
zip_co_681547,l10n_co_base_location.city_co_68147,681547,rural
zip_co_681521,l10n_co_base_location.city_co_68152,681521,urban
zip_co_681528,l10n_co_base_location.city_co_68152,681528,rural
zip_co_681529,l10n_co_base_location.city_co_68152,681529,rural
zip_co_681527,l10n_co_base_location.city_co_68152,681527,rural
zip_co_682061,l10n_co_base_location.city_co_68160,682061,urban
zip_co_682067,l10n_co_base_location.city_co_68160,682067,rural
zip_co_681501,l10n_co_base_location.city_co_68162,681501,urban
zip_co_681508,l10n_co_base_location.city_co_68162,681508,rural
zip_co_681509,l10n_co_base_location.city_co_68162,681509,rural
zip_co_681507,l10n_co_base_location.city_co_68162,681507,rural
zip_co_682551,l10n_co_base_location.city_co_68167,682551,urban
zip_co_682558,l10n_co_base_location.city_co_68167,682558,rural
zip_co_682559,l10n_co_base_location.city_co_68167,682559,rural
zip_co_682557,l10n_co_base_location.city_co_68167,682557,rural
zip_co_680551,l10n_co_base_location.city_co_68169,680551,urban
zip_co_680557,l10n_co_base_location.city_co_68169,680557,rural
zip_co_683001,l10n_co_base_location.city_co_68176,683001,urban
zip_co_683007,l10n_co_base_location.city_co_68176,683007,rural
zip_co_685557,l10n_co_base_location.city_co_68179,685557,rural
zip_co_685551,l10n_co_base_location.city_co_68179,685551,urban
zip_co_686041,l10n_co_base_location.city_co_68190,686041,urban
zip_co_686058,l10n_co_base_location.city_co_68190,686058,rural
zip_co_686057,l10n_co_base_location.city_co_68190,686057,rural
zip_co_686049,l10n_co_base_location.city_co_68190,686049,rural
zip_co_686047,l10n_co_base_location.city_co_68190,686047,rural
zip_co_686048,l10n_co_base_location.city_co_68190,686048,rural
zip_co_681511,l10n_co_base_location.city_co_68207,681511,urban
zip_co_681519,l10n_co_base_location.city_co_68207,681519,rural
zip_co_681518,l10n_co_base_location.city_co_68207,681518,rural
zip_co_681517,l10n_co_base_location.city_co_68207,681517,rural
zip_co_683531,l10n_co_base_location.city_co_68209,683531,urban
zip_co_683537,l10n_co_base_location.city_co_68209,683537,rural
zip_co_683071,l10n_co_base_location.city_co_68211,683071,urban
zip_co_683077,l10n_co_base_location.city_co_68211,683077,rural
zip_co_682531,l10n_co_base_location.city_co_68217,682531,urban
zip_co_682538,l10n_co_base_location.city_co_68217,682538,rural
zip_co_682537,l10n_co_base_location.city_co_68217,682537,rural
zip_co_682539,l10n_co_base_location.city_co_68217,682539,rural
zip_co_682041,l10n_co_base_location.city_co_68229,682041,urban
zip_co_682047,l10n_co_base_location.city_co_68229,682047,rural
zip_co_682048,l10n_co_base_location.city_co_68229,682048,rural
zip_co_686561,l10n_co_base_location.city_co_68235,686561,urban
zip_co_686577,l10n_co_base_location.city_co_68235,686577,rural
zip_co_686567,l10n_co_base_location.city_co_68235,686567,rural
zip_co_686568,l10n_co_base_location.city_co_68235,686568,rural
zip_co_686569,l10n_co_base_location.city_co_68235,686569,rural
zip_co_683061,l10n_co_base_location.city_co_68245,683061,urban
zip_co_683067,l10n_co_base_location.city_co_68245,683067,rural
zip_co_685027,l10n_co_base_location.city_co_68250,685027,rural
zip_co_685021,l10n_co_base_location.city_co_68250,685021,urban
zip_co_687501,l10n_co_base_location.city_co_68255,687501,urban
zip_co_687509,l10n_co_base_location.city_co_68255,687509,rural
zip_co_687507,l10n_co_base_location.city_co_68255,687507,rural
zip_co_687508,l10n_co_base_location.city_co_68255,687508,rural
zip_co_682541,l10n_co_base_location.city_co_68264,682541,urban
zip_co_682547,l10n_co_base_location.city_co_68264,682547,rural
zip_co_682548,l10n_co_base_location.city_co_68264,682548,rural
zip_co_682549,l10n_co_base_location.city_co_68264,682549,rural
zip_co_681561,l10n_co_base_location.city_co_68266,681561,urban
zip_co_681567,l10n_co_base_location.city_co_68266,681567,rural
zip_co_684541,l10n_co_base_location.city_co_68271,684541,urban
zip_co_684547,l10n_co_base_location.city_co_68271,684547,rural
zip_co_681007,l10n_co_base_location.city_co_68276,681007,rural
zip_co_681002,l10n_co_base_location.city_co_68276,681002,urban
zip_co_681008,l10n_co_base_location.city_co_68276,681008,rural
zip_co_681004,l10n_co_base_location.city_co_68276,681004,urban
zip_co_681003,l10n_co_base_location.city_co_68276,681003,urban
zip_co_681001,l10n_co_base_location.city_co_68276,681001,urban
zip_co_684051,l10n_co_base_location.city_co_68296,684051,urban
zip_co_684057,l10n_co_base_location.city_co_68296,684057,rural
zip_co_684058,l10n_co_base_location.city_co_68296,684058,rural
zip_co_683031,l10n_co_base_location.city_co_68298,683031,urban
zip_co_683038,l10n_co_base_location.city_co_68298,683038,rural
zip_co_683037,l10n_co_base_location.city_co_68298,683037,rural
zip_co_683039,l10n_co_base_location.city_co_68298,683039,rural
zip_co_685547,l10n_co_base_location.city_co_68327,685547,rural
zip_co_685541,l10n_co_base_location.city_co_68327,685541,urban
zip_co_687558,l10n_co_base_location.city_co_68307,687558,rural
zip_co_687557,l10n_co_base_location.city_co_68307,687557,rural
zip_co_687541,l10n_co_base_location.city_co_68307,687541,urban
zip_co_687549,l10n_co_base_location.city_co_68307,687549,rural
zip_co_687547,l10n_co_base_location.city_co_68307,687547,rural
zip_co_687542,l10n_co_base_location.city_co_68307,687542,urban
zip_co_687548,l10n_co_base_location.city_co_68307,687548,rural
zip_co_681031,l10n_co_base_location.city_co_68318,681031,urban
zip_co_681048,l10n_co_base_location.city_co_68318,681048,rural
zip_co_681047,l10n_co_base_location.city_co_68318,681047,rural
zip_co_683051,l10n_co_base_location.city_co_68320,683051,urban
zip_co_683057,l10n_co_base_location.city_co_68320,683057,rural
zip_co_683017,l10n_co_base_location.city_co_68322,683017,rural
zip_co_683011,l10n_co_base_location.city_co_68322,683011,urban
zip_co_684501,l10n_co_base_location.city_co_68324,684501,urban
zip_co_684507,l10n_co_base_location.city_co_68324,684507,rural
zip_co_683571,l10n_co_base_location.city_co_68344,683571,urban
zip_co_683578,l10n_co_base_location.city_co_68344,683578,rural
zip_co_684551,l10n_co_base_location.city_co_68368,684551,urban
zip_co_684557,l10n_co_base_location.city_co_68368,684557,rural
zip_co_684011,l10n_co_base_location.city_co_68370,684011,urban
zip_co_684017,l10n_co_base_location.city_co_68370,684017,rural
zip_co_685061,l10n_co_base_location.city_co_68377,685061,urban
zip_co_685067,l10n_co_base_location.city_co_68377,685067,rural
zip_co_685511,l10n_co_base_location.city_co_68397,685511,urban
zip_co_685517,l10n_co_base_location.city_co_68397,685517,rural
zip_co_685518,l10n_co_base_location.city_co_68397,685518,rural
zip_co_686021,l10n_co_base_location.city_co_68385,686021,urban
zip_co_686027,l10n_co_base_location.city_co_68385,686027,rural
zip_co_686029,l10n_co_base_location.city_co_68385,686029,rural
zip_co_686028,l10n_co_base_location.city_co_68385,686028,rural
zip_co_687571,l10n_co_base_location.city_co_68406,687571,urban
zip_co_687578,l10n_co_base_location.city_co_68406,687578,rural
zip_co_687577,l10n_co_base_location.city_co_68406,687577,rural
zip_co_687579,l10n_co_base_location.city_co_68406,687579,rural
zip_co_687587,l10n_co_base_location.city_co_68406,687587,rural
zip_co_684001,l10n_co_base_location.city_co_68418,684001,urban
zip_co_684009,l10n_co_base_location.city_co_68418,684009,rural
zip_co_684008,l10n_co_base_location.city_co_68418,684008,rural
zip_co_684007,l10n_co_base_location.city_co_68418,684007,rural
zip_co_681531,l10n_co_base_location.city_co_68425,681531,urban
zip_co_681538,l10n_co_base_location.city_co_68425,681538,rural
zip_co_681537,l10n_co_base_location.city_co_68425,681537,rural
zip_co_682011,l10n_co_base_location.city_co_68432,682011,urban
zip_co_682017,l10n_co_base_location.city_co_68432,682017,rural
zip_co_682018,l10n_co_base_location.city_co_68432,682018,rural
zip_co_680561,l10n_co_base_location.city_co_68444,680561,urban
zip_co_680567,l10n_co_base_location.city_co_68444,680567,rural
zip_co_680568,l10n_co_base_location.city_co_68444,680568,rural
zip_co_682501,l10n_co_base_location.city_co_68464,682501,urban
zip_co_682508,l10n_co_base_location.city_co_68464,682508,rural
zip_co_682507,l10n_co_base_location.city_co_68464,682507,rural
zip_co_682509,l10n_co_base_location.city_co_68464,682509,rural
zip_co_682031,l10n_co_base_location.city_co_68468,682031,urban
zip_co_682038,l10n_co_base_location.city_co_68468,682038,rural
zip_co_682037,l10n_co_base_location.city_co_68468,682037,rural
zip_co_682567,l10n_co_base_location.city_co_68498,682567,rural
zip_co_682561,l10n_co_base_location.city_co_68498,682561,urban
zip_co_682568,l10n_co_base_location.city_co_68498,682568,rural
zip_co_683021,l10n_co_base_location.city_co_68500,683021,urban
zip_co_683029,l10n_co_base_location.city_co_68500,683029,rural
zip_co_683019,l10n_co_base_location.city_co_68500,683019,rural
zip_co_683027,l10n_co_base_location.city_co_68500,683027,rural
zip_co_683028,l10n_co_base_location.city_co_68500,683028,rural
zip_co_682521,l10n_co_base_location.city_co_68502,682521,urban
zip_co_682528,l10n_co_base_location.city_co_68502,682528,rural
zip_co_682527,l10n_co_base_location.city_co_68502,682527,rural
zip_co_682529,l10n_co_base_location.city_co_68502,682529,rural
zip_co_682519,l10n_co_base_location.city_co_68502,682519,rural
zip_co_683581,l10n_co_base_location.city_co_68522,683581,urban
zip_co_683587,l10n_co_base_location.city_co_68522,683587,rural
zip_co_683541,l10n_co_base_location.city_co_68524,683541,urban
zip_co_683547,l10n_co_base_location.city_co_68524,683547,rural
zip_co_683527,l10n_co_base_location.city_co_68533,683527,rural
zip_co_683528,l10n_co_base_location.city_co_68533,683528,rural
zip_co_683521,l10n_co_base_location.city_co_68533,683521,urban
zip_co_681012,l10n_co_base_location.city_co_68547,681012,urban
zip_co_681017,l10n_co_base_location.city_co_68547,681017,rural
zip_co_681027,l10n_co_base_location.city_co_68547,681027,rural
zip_co_681011,l10n_co_base_location.city_co_68547,681011,urban
zip_co_681019,l10n_co_base_location.city_co_68547,681019,rural
zip_co_681018,l10n_co_base_location.city_co_68547,681018,rural
zip_co_683511,l10n_co_base_location.city_co_68549,683511,urban
zip_co_683518,l10n_co_base_location.city_co_68549,683518,rural
zip_co_683517,l10n_co_base_location.city_co_68549,683517,rural
zip_co_684521,l10n_co_base_location.city_co_68572,684521,urban
zip_co_684527,l10n_co_base_location.city_co_68572,684527,rural
zip_co_686001,l10n_co_base_location.city_co_68573,686001,urban
zip_co_686007,l10n_co_base_location.city_co_68573,686007,rural
zip_co_686008,l10n_co_base_location.city_co_68573,686008,rural
zip_co_687061,l10n_co_base_location.city_co_68575,687061,urban
zip_co_687067,l10n_co_base_location.city_co_68575,687067,rural
zip_co_687069,l10n_co_base_location.city_co_68575,687069,rural
zip_co_687068,l10n_co_base_location.city_co_68575,687068,rural
zip_co_687511,l10n_co_base_location.city_co_68615,687511,urban
zip_co_687519,l10n_co_base_location.city_co_68615,687519,rural
zip_co_687517,l10n_co_base_location.city_co_68615,687517,rural
zip_co_687527,l10n_co_base_location.city_co_68615,687527,rural
zip_co_687518,l10n_co_base_location.city_co_68615,687518,rural
zip_co_687007,l10n_co_base_location.city_co_68655,687007,rural
zip_co_687008,l10n_co_base_location.city_co_68655,687008,rural
zip_co_687001,l10n_co_base_location.city_co_68655,687001,urban
zip_co_682001,l10n_co_base_location.city_co_68669,682001,urban
zip_co_682008,l10n_co_base_location.city_co_68669,682008,rural
zip_co_682007,l10n_co_base_location.city_co_68669,682007,rural
zip_co_682009,l10n_co_base_location.city_co_68669,682009,rural
zip_co_685531,l10n_co_base_location.city_co_68673,685531,urban
zip_co_685537,l10n_co_base_location.city_co_68673,685537,rural
zip_co_684031,l10n_co_base_location.city_co_68679,684031,urban
zip_co_684037,l10n_co_base_location.city_co_68679,684037,rural
zip_co_684039,l10n_co_base_location.city_co_68679,684039,rural
zip_co_684038,l10n_co_base_location.city_co_68679,684038,rural
zip_co_682511,l10n_co_base_location.city_co_68682,682511,urban
zip_co_682517,l10n_co_base_location.city_co_68682,682517,rural
zip_co_682021,l10n_co_base_location.city_co_68684,682021,urban
zip_co_682027,l10n_co_base_location.city_co_68684,682027,rural
zip_co_681551,l10n_co_base_location.city_co_68686,681551,urban
zip_co_681557,l10n_co_base_location.city_co_68686,681557,rural
zip_co_686531,l10n_co_base_location.city_co_68689,686531,urban
zip_co_686539,l10n_co_base_location.city_co_68689,686539,rural
zip_co_686537,l10n_co_base_location.city_co_68689,686537,rural
zip_co_686538,l10n_co_base_location.city_co_68689,686538,rural
zip_co_686547,l10n_co_base_location.city_co_68689,686547,rural
zip_co_681021,l10n_co_base_location.city_co_68705,681021,urban
zip_co_681038,l10n_co_base_location.city_co_68705,681038,rural
zip_co_681037,l10n_co_base_location.city_co_68705,681037,rural
zip_co_685501,l10n_co_base_location.city_co_68720,685501,urban
zip_co_685507,l10n_co_base_location.city_co_68720,685507,rural
zip_co_683561,l10n_co_base_location.city_co_68745,683561,urban
zip_co_683568,l10n_co_base_location.city_co_68745,683568,rural
zip_co_683577,l10n_co_base_location.city_co_68745,683577,rural
zip_co_683569,l10n_co_base_location.city_co_68745,683569,rural
zip_co_683567,l10n_co_base_location.city_co_68745,683567,rural
zip_co_683557,l10n_co_base_location.city_co_68755,683557,rural
zip_co_683551,l10n_co_base_location.city_co_68755,683551,urban
zip_co_683558,l10n_co_base_location.city_co_68755,683558,rural
zip_co_683041,l10n_co_base_location.city_co_68770,683041,urban
zip_co_683048,l10n_co_base_location.city_co_68770,683048,rural
zip_co_683049,l10n_co_base_location.city_co_68770,683049,rural
zip_co_683047,l10n_co_base_location.city_co_68770,683047,rural
zip_co_685041,l10n_co_base_location.city_co_68773,685041,urban
zip_co_685048,l10n_co_base_location.city_co_68773,685048,rural
zip_co_685047,l10n_co_base_location.city_co_68773,685047,rural
zip_co_685049,l10n_co_base_location.city_co_68773,685049,rural
zip_co_680501,l10n_co_base_location.city_co_68780,680501,urban
zip_co_680507,l10n_co_base_location.city_co_68780,680507,rural
zip_co_680541,l10n_co_base_location.city_co_68820,680541,urban
zip_co_680548,l10n_co_base_location.city_co_68820,680548,rural
zip_co_680547,l10n_co_base_location.city_co_68820,680547,rural
zip_co_682571,l10n_co_base_location.city_co_68855,682571,urban
zip_co_682577,l10n_co_base_location.city_co_68855,682577,rural
zip_co_682578,l10n_co_base_location.city_co_68855,682578,rural
zip_co_685561,l10n_co_base_location.city_co_68861,685561,urban
zip_co_685569,l10n_co_base_location.city_co_68861,685569,rural
zip_co_685567,l10n_co_base_location.city_co_68861,685567,rural
zip_co_685568,l10n_co_base_location.city_co_68861,685568,rural
zip_co_680531,l10n_co_base_location.city_co_68867,680531,urban
zip_co_680527,l10n_co_base_location.city_co_68867,680527,rural
zip_co_684021,l10n_co_base_location.city_co_68872,684021,urban
zip_co_684027,l10n_co_base_location.city_co_68872,684027,rural
zip_co_684028,l10n_co_base_location.city_co_68872,684028,rural
zip_co_684069,l10n_co_base_location.city_co_68895,684069,rural
zip_co_684061,l10n_co_base_location.city_co_68895,684061,urban
zip_co_684067,l10n_co_base_location.city_co_68895,684067,rural
zip_co_684068,l10n_co_base_location.city_co_68895,684068,rural
zip_co_702030,l10n_co_base_location.city_co_70110,702030,urban
zip_co_702037,l10n_co_base_location.city_co_70110,702037,rural
zip_co_704010,l10n_co_base_location.city_co_70124,704010,urban
zip_co_704018,l10n_co_base_location.city_co_70124,704018,rural
zip_co_704017,l10n_co_base_location.city_co_70124,704017,rural
zip_co_701017,l10n_co_base_location.city_co_70230,701017,rural
zip_co_701010,l10n_co_base_location.city_co_70230,701010,urban
zip_co_707030,l10n_co_base_location.city_co_70204,707030,urban
zip_co_707037,l10n_co_base_location.city_co_70204,707037,rural
zip_co_705039,l10n_co_base_location.city_co_70215,705039,rural
zip_co_705038,l10n_co_base_location.city_co_70215,705038,rural
zip_co_705037,l10n_co_base_location.city_co_70215,705037,rural
zip_co_705030,l10n_co_base_location.city_co_70215,705030,urban
zip_co_706057,l10n_co_base_location.city_co_70221,706057,rural
zip_co_706050,l10n_co_base_location.city_co_70221,706050,urban
zip_co_705058,l10n_co_base_location.city_co_70233,705058,rural
zip_co_705057,l10n_co_base_location.city_co_70233,705057,rural
zip_co_705050,l10n_co_base_location.city_co_70233,705050,urban
zip_co_702050,l10n_co_base_location.city_co_70235,702050,urban
zip_co_702057,l10n_co_base_location.city_co_70235,702057,rural
zip_co_703070,l10n_co_base_location.city_co_70265,703070,urban
zip_co_703078,l10n_co_base_location.city_co_70265,703078,rural
zip_co_703077,l10n_co_base_location.city_co_70265,703077,rural
zip_co_704057,l10n_co_base_location.city_co_70400,704057,rural
zip_co_704050,l10n_co_base_location.city_co_70400,704050,urban
zip_co_701050,l10n_co_base_location.city_co_70418,701050,urban
zip_co_701058,l10n_co_base_location.city_co_70418,701058,rural
zip_co_701057,l10n_co_base_location.city_co_70418,701057,rural
zip_co_703050,l10n_co_base_location.city_co_70429,703050,urban
zip_co_703058,l10n_co_base_location.city_co_70429,703058,rural
zip_co_703057,l10n_co_base_location.city_co_70429,703057,rural
zip_co_701078,l10n_co_base_location.city_co_70473,701078,rural
zip_co_701077,l10n_co_base_location.city_co_70473,701077,rural
zip_co_701070,l10n_co_base_location.city_co_70473,701070,urban
zip_co_701030,l10n_co_base_location.city_co_70508,701030,urban
zip_co_701038,l10n_co_base_location.city_co_70508,701038,rural
zip_co_701037,l10n_co_base_location.city_co_70508,701037,rural
zip_co_706030,l10n_co_base_location.city_co_70523,706030,urban
zip_co_706037,l10n_co_base_location.city_co_70523,706037,rural
zip_co_705079,l10n_co_base_location.city_co_70670,705079,rural
zip_co_705078,l10n_co_base_location.city_co_70670,705078,rural
zip_co_705077,l10n_co_base_location.city_co_70670,705077,rural
zip_co_705070,l10n_co_base_location.city_co_70670,705070,urban
zip_co_703010,l10n_co_base_location.city_co_70678,703010,urban
zip_co_703017,l10n_co_base_location.city_co_70678,703017,rural
zip_co_703018,l10n_co_base_location.city_co_70678,703018,rural
zip_co_705010,l10n_co_base_location.city_co_70702,705010,urban
zip_co_705018,l10n_co_base_location.city_co_70702,705018,rural
zip_co_705017,l10n_co_base_location.city_co_70702,705017,rural
zip_co_702070,l10n_co_base_location.city_co_70742,702070,urban
zip_co_702078,l10n_co_base_location.city_co_70742,702078,rural
zip_co_702077,l10n_co_base_location.city_co_70742,702077,rural
zip_co_704037,l10n_co_base_location.city_co_70708,704037,rural
zip_co_704038,l10n_co_base_location.city_co_70708,704038,rural
zip_co_704030,l10n_co_base_location.city_co_70708,704030,urban
zip_co_707018,l10n_co_base_location.city_co_70713,707018,rural
zip_co_707017,l10n_co_base_location.city_co_70713,707017,rural
zip_co_707010,l10n_co_base_location.city_co_70713,707010,urban
zip_co_702010,l10n_co_base_location.city_co_70717,702010,urban
zip_co_702017,l10n_co_base_location.city_co_70717,702017,rural
zip_co_702018,l10n_co_base_location.city_co_70717,702018,rural
zip_co_706018,l10n_co_base_location.city_co_70820,706018,rural
zip_co_706017,l10n_co_base_location.city_co_70820,706017,rural
zip_co_706010,l10n_co_base_location.city_co_70820,706010,urban
zip_co_700007,l10n_co_base_location.city_co_70001,700007,rural
zip_co_700008,l10n_co_base_location.city_co_70001,700008,rural
zip_co_700003,l10n_co_base_location.city_co_70001,700003,urban
zip_co_700017,l10n_co_base_location.city_co_70001,700017,rural
zip_co_700001,l10n_co_base_location.city_co_70001,700001,urban
zip_co_700002,l10n_co_base_location.city_co_70001,700002,urban
zip_co_700009,l10n_co_base_location.city_co_70001,700009,rural
zip_co_703030,l10n_co_base_location.city_co_70771,703030,urban
zip_co_703038,l10n_co_base_location.city_co_70771,703038,rural
zip_co_703037,l10n_co_base_location.city_co_70771,703037,rural
zip_co_707050,l10n_co_base_location.city_co_70823,707050,urban
zip_co_707057,l10n_co_base_location.city_co_70823,707057,rural
zip_co_734560,l10n_co_base_location.city_co_73024,734560,urban
zip_co_734567,l10n_co_base_location.city_co_73024,734567,rural
zip_co_730527,l10n_co_base_location.city_co_73026,730527,rural
zip_co_730528,l10n_co_base_location.city_co_73026,730528,rural
zip_co_730520,l10n_co_base_location.city_co_73026,730520,urban
zip_co_731001,l10n_co_base_location.city_co_73030,731001,urban
zip_co_731007,l10n_co_base_location.city_co_73030,731007,rural
zip_co_730540,l10n_co_base_location.city_co_73043,730540,urban
zip_co_730547,l10n_co_base_location.city_co_73043,730547,rural
zip_co_730548,l10n_co_base_location.city_co_73043,730548,rural
zip_co_732060,l10n_co_base_location.city_co_73055,732060,urban
zip_co_732067,l10n_co_base_location.city_co_73055,732067,rural
zip_co_732068,l10n_co_base_location.city_co_73055,732068,rural
zip_co_735050,l10n_co_base_location.city_co_73067,735050,urban
zip_co_735058,l10n_co_base_location.city_co_73067,735058,rural
zip_co_735057,l10n_co_base_location.city_co_73067,735057,rural
zip_co_732507,l10n_co_base_location.city_co_73124,732507,rural
zip_co_732508,l10n_co_base_location.city_co_73124,732508,rural
zip_co_732501,l10n_co_base_location.city_co_73124,732501,urban
zip_co_733590,l10n_co_base_location.city_co_73148,733590,urban
zip_co_733597,l10n_co_base_location.city_co_73148,733597,rural
zip_co_731520,l10n_co_base_location.city_co_73152,731520,urban
zip_co_731528,l10n_co_base_location.city_co_73152,731528,rural
zip_co_731527,l10n_co_base_location.city_co_73152,731527,rural
zip_co_735569,l10n_co_base_location.city_co_73168,735569,rural
zip_co_735567,l10n_co_base_location.city_co_73168,735567,rural
zip_co_735568,l10n_co_base_location.city_co_73168,735568,rural
zip_co_735560,l10n_co_base_location.city_co_73168,735560,urban
zip_co_733501,l10n_co_base_location.city_co_73200,733501,urban
zip_co_733508,l10n_co_base_location.city_co_73200,733508,rural
zip_co_733507,l10n_co_base_location.city_co_73200,733507,rural
zip_co_735020,l10n_co_base_location.city_co_73217,735020,urban
zip_co_735029,l10n_co_base_location.city_co_73217,735029,rural
zip_co_735028,l10n_co_base_location.city_co_73217,735028,rural
zip_co_735027,l10n_co_base_location.city_co_73217,735027,rural
zip_co_735037,l10n_co_base_location.city_co_73217,735037,rural
zip_co_734040,l10n_co_base_location.city_co_73226,734040,urban
zip_co_734047,l10n_co_base_location.city_co_73226,734047,rural
zip_co_734048,l10n_co_base_location.city_co_73226,734048,rural
zip_co_734540,l10n_co_base_location.city_co_73236,734540,urban
zip_co_734547,l10n_co_base_location.city_co_73236,734547,rural
zip_co_733529,l10n_co_base_location.city_co_73268,733529,rural
zip_co_733528,l10n_co_base_location.city_co_73268,733528,rural
zip_co_733520,l10n_co_base_location.city_co_73268,733520,urban
zip_co_733527,l10n_co_base_location.city_co_73268,733527,rural
zip_co_732001,l10n_co_base_location.city_co_73270,732001,urban
zip_co_732008,l10n_co_base_location.city_co_73270,732008,rural
zip_co_732007,l10n_co_base_location.city_co_73270,732007,rural
zip_co_733510,l10n_co_base_location.city_co_73275,733510,urban
zip_co_733517,l10n_co_base_location.city_co_73275,733517,rural
zip_co_731560,l10n_co_base_location.city_co_73283,731560,urban
zip_co_731567,l10n_co_base_location.city_co_73283,731567,rural
zip_co_731568,l10n_co_base_location.city_co_73283,731568,rural
zip_co_733549,l10n_co_base_location.city_co_73319,733549,rural
zip_co_733540,l10n_co_base_location.city_co_73319,733540,urban
zip_co_733547,l10n_co_base_location.city_co_73319,733547,rural
zip_co_733558,l10n_co_base_location.city_co_73319,733558,rural
zip_co_733548,l10n_co_base_location.city_co_73319,733548,rural
zip_co_733557,l10n_co_base_location.city_co_73319,733557,rural
zip_co_731540,l10n_co_base_location.city_co_73347,731540,urban
zip_co_731548,l10n_co_base_location.city_co_73347,731548,rural
zip_co_731547,l10n_co_base_location.city_co_73347,731547,rural
zip_co_732040,l10n_co_base_location.city_co_73349,732040,urban
zip_co_732047,l10n_co_base_location.city_co_73349,732047,rural
zip_co_732048,l10n_co_base_location.city_co_73349,732048,rural
zip_co_730010,l10n_co_base_location.city_co_73001,730010,urban
zip_co_730006,l10n_co_base_location.city_co_73001,730006,urban
zip_co_730019,l10n_co_base_location.city_co_73001,730019,rural
zip_co_730001,l10n_co_base_location.city_co_73001,730001,urban
zip_co_730017,l10n_co_base_location.city_co_73001,730017,rural
zip_co_730007,l10n_co_base_location.city_co_73001,730007,rural
zip_co_730002,l10n_co_base_location.city_co_73001,730002,urban
zip_co_730005,l10n_co_base_location.city_co_73001,730005,urban
zip_co_730018,l10n_co_base_location.city_co_73001,730018,rural
zip_co_730004,l10n_co_base_location.city_co_73001,730004,urban
zip_co_730003,l10n_co_base_location.city_co_73001,730003,urban
zip_co_730008,l10n_co_base_location.city_co_73001,730008,rural
zip_co_730009,l10n_co_base_location.city_co_73001,730009,rural
zip_co_734028,l10n_co_base_location.city_co_73352,734028,rural
zip_co_734027,l10n_co_base_location.city_co_73352,734027,rural
zip_co_734020,l10n_co_base_location.city_co_73352,734020,urban
zip_co_731020,l10n_co_base_location.city_co_73408,731020,urban
zip_co_731027,l10n_co_base_location.city_co_73408,731027,rural
zip_co_731048,l10n_co_base_location.city_co_73411,731048,rural
zip_co_731040,l10n_co_base_location.city_co_73411,731040,urban
zip_co_731047,l10n_co_base_location.city_co_73411,731047,rural
zip_co_732020,l10n_co_base_location.city_co_73443,732020,urban
zip_co_732027,l10n_co_base_location.city_co_73443,732027,rural
zip_co_732028,l10n_co_base_location.city_co_73443,732028,rural
zip_co_734001,l10n_co_base_location.city_co_73449,734001,urban
zip_co_734007,l10n_co_base_location.city_co_73449,734007,rural
zip_co_731060,l10n_co_base_location.city_co_73461,731060,urban
zip_co_731067,l10n_co_base_location.city_co_73461,731067,rural
zip_co_735001,l10n_co_base_location.city_co_73483,735001,urban
zip_co_735007,l10n_co_base_location.city_co_73483,735007,rural
zip_co_735008,l10n_co_base_location.city_co_73483,735008,rural
zip_co_735501,l10n_co_base_location.city_co_73504,735501,urban
zip_co_735517,l10n_co_base_location.city_co_73504,735517,rural
zip_co_735509,l10n_co_base_location.city_co_73504,735509,rural
zip_co_735507,l10n_co_base_location.city_co_73504,735507,rural
zip_co_735508,l10n_co_base_location.city_co_73504,735508,rural
zip_co_731580,l10n_co_base_location.city_co_73520,731580,urban
zip_co_731587,l10n_co_base_location.city_co_73520,731587,rural
zip_co_730501,l10n_co_base_location.city_co_73547,730501,urban
zip_co_730507,l10n_co_base_location.city_co_73547,730507,rural
zip_co_735070,l10n_co_base_location.city_co_73555,735070,urban
zip_co_735077,l10n_co_base_location.city_co_73555,735077,rural
zip_co_735078,l10n_co_base_location.city_co_73555,735078,rural
zip_co_734520,l10n_co_base_location.city_co_73563,734520,urban
zip_co_734528,l10n_co_base_location.city_co_73563,734528,rural
zip_co_734527,l10n_co_base_location.city_co_73563,734527,rural
zip_co_734501,l10n_co_base_location.city_co_73585,734501,urban
zip_co_734508,l10n_co_base_location.city_co_73585,734508,rural
zip_co_734509,l10n_co_base_location.city_co_73585,734509,rural
zip_co_734507,l10n_co_base_location.city_co_73585,734507,rural
zip_co_735580,l10n_co_base_location.city_co_73616,735580,urban
zip_co_735587,l10n_co_base_location.city_co_73616,735587,rural
zip_co_735589,l10n_co_base_location.city_co_73616,735589,rural
zip_co_735588,l10n_co_base_location.city_co_73616,735588,rural
zip_co_735550,l10n_co_base_location.city_co_73622,735550,urban
zip_co_735557,l10n_co_base_location.city_co_73622,735557,rural
zip_co_733040,l10n_co_base_location.city_co_73624,733040,urban
zip_co_733047,l10n_co_base_location.city_co_73624,733047,rural
zip_co_733048,l10n_co_base_location.city_co_73624,733048,rural
zip_co_733578,l10n_co_base_location.city_co_73671,733578,rural
zip_co_733577,l10n_co_base_location.city_co_73671,733577,rural
zip_co_733570,l10n_co_base_location.city_co_73671,733570,urban
zip_co_735530,l10n_co_base_location.city_co_73675,735530,urban
zip_co_735538,l10n_co_base_location.city_co_73675,735538,rural
zip_co_735537,l10n_co_base_location.city_co_73675,735537,rural
zip_co_733001,l10n_co_base_location.city_co_73678,733001,urban
zip_co_733008,l10n_co_base_location.city_co_73678,733008,rural
zip_co_733007,l10n_co_base_location.city_co_73678,733007,rural
zip_co_730560,l10n_co_base_location.city_co_73686,730560,urban
zip_co_730567,l10n_co_base_location.city_co_73686,730567,rural
zip_co_730568,l10n_co_base_location.city_co_73686,730568,rural
zip_co_733580,l10n_co_base_location.city_co_73770,733580,urban
zip_co_733588,l10n_co_base_location.city_co_73770,733588,rural
zip_co_733587,l10n_co_base_location.city_co_73770,733587,rural
zip_co_733020,l10n_co_base_location.city_co_73854,733020,urban
zip_co_733027,l10n_co_base_location.city_co_73854,733027,rural
zip_co_730580,l10n_co_base_location.city_co_73861,730580,urban
zip_co_730588,l10n_co_base_location.city_co_73861,730588,rural
zip_co_730587,l10n_co_base_location.city_co_73861,730587,rural
zip_co_731501,l10n_co_base_location.city_co_73870,731501,urban
zip_co_731507,l10n_co_base_location.city_co_73870,731507,rural
zip_co_731508,l10n_co_base_location.city_co_73870,731508,rural
zip_co_734060,l10n_co_base_location.city_co_73873,734060,urban
zip_co_734068,l10n_co_base_location.city_co_73873,734068,rural
zip_co_734067,l10n_co_base_location.city_co_73873,734067,rural
zip_co_762040,l10n_co_base_location.city_co_76020,762040,urban
zip_co_762047,l10n_co_base_location.city_co_76020,762047,rural
zip_co_763010,l10n_co_base_location.city_co_76036,763010,urban
zip_co_763017,l10n_co_base_location.city_co_76036,763017,rural
zip_co_762018,l10n_co_base_location.city_co_76041,762018,rural
zip_co_762010,l10n_co_base_location.city_co_76041,762010,urban
zip_co_762017,l10n_co_base_location.city_co_76041,762017,rural
zip_co_761510,l10n_co_base_location.city_co_76054,761510,urban
zip_co_761517,l10n_co_base_location.city_co_76054,761517,rural
zip_co_761001,l10n_co_base_location.city_co_76100,761001,urban
zip_co_761008,l10n_co_base_location.city_co_76100,761008,rural
zip_co_761007,l10n_co_base_location.city_co_76100,761007,rural
zip_co_764501,l10n_co_base_location.city_co_76109,764501,urban
zip_co_764507,l10n_co_base_location.city_co_76109,764507,rural
zip_co_764504,l10n_co_base_location.city_co_76109,764504,urban
zip_co_764517,l10n_co_base_location.city_co_76109,764517,rural
zip_co_764508,l10n_co_base_location.city_co_76109,764508,rural
zip_co_764503,l10n_co_base_location.city_co_76109,764503,urban
zip_co_764502,l10n_co_base_location.city_co_76109,764502,urban
zip_co_764509,l10n_co_base_location.city_co_76109,764509,rural
zip_co_763008,l10n_co_base_location.city_co_76113,763008,rural
zip_co_763007,l10n_co_base_location.city_co_76113,763007,rural
zip_co_763001,l10n_co_base_location.city_co_76113,763001,urban
zip_co_762547,l10n_co_base_location.city_co_76122,762547,rural
zip_co_762540,l10n_co_base_location.city_co_76122,762540,urban
zip_co_762548,l10n_co_base_location.city_co_76122,762548,rural
zip_co_760008,l10n_co_base_location.city_co_76001,760008,rural
zip_co_760030,l10n_co_base_location.city_co_76001,760030,urban
zip_co_760026,l10n_co_base_location.city_co_76001,760026,urban
zip_co_760002,l10n_co_base_location.city_co_76001,760002,urban
zip_co_760001,l10n_co_base_location.city_co_76001,760001,urban
zip_co_760007,l10n_co_base_location.city_co_76001,760007,rural
zip_co_760004,l10n_co_base_location.city_co_76001,760004,urban
zip_co_760025,l10n_co_base_location.city_co_76001,760025,urban
zip_co_760045,l10n_co_base_location.city_co_76001,760045,urban
zip_co_760006,l10n_co_base_location.city_co_76001,760006,urban
zip_co_760022,l10n_co_base_location.city_co_76001,760022,urban
zip_co_760014,l10n_co_base_location.city_co_76001,760014,urban
zip_co_760009,l10n_co_base_location.city_co_76001,760009,rural
zip_co_760050,l10n_co_base_location.city_co_76001,760050,urban
zip_co_760020,l10n_co_base_location.city_co_76001,760020,urban
zip_co_760031,l10n_co_base_location.city_co_76001,760031,urban
zip_co_760013,l10n_co_base_location.city_co_76001,760013,urban
zip_co_760044,l10n_co_base_location.city_co_76001,760044,urban
zip_co_760043,l10n_co_base_location.city_co_76001,760043,urban
zip_co_760011,l10n_co_base_location.city_co_76001,760011,urban
zip_co_760015,l10n_co_base_location.city_co_76001,760015,urban
zip_co_760003,l10n_co_base_location.city_co_76001,760003,urban
zip_co_760012,l10n_co_base_location.city_co_76001,760012,urban
zip_co_760036,l10n_co_base_location.city_co_76001,760036,urban
zip_co_760046,l10n_co_base_location.city_co_76001,760046,urban
zip_co_760041,l10n_co_base_location.city_co_76001,760041,urban
zip_co_760023,l10n_co_base_location.city_co_76001,760023,urban
zip_co_760035,l10n_co_base_location.city_co_76001,760035,urban
zip_co_760024,l10n_co_base_location.city_co_76001,760024,urban
zip_co_760034,l10n_co_base_location.city_co_76001,760034,urban
zip_co_760032,l10n_co_base_location.city_co_76001,760032,urban
zip_co_760021,l10n_co_base_location.city_co_76001,760021,urban
zip_co_760016,l10n_co_base_location.city_co_76001,760016,urban
zip_co_760010,l10n_co_base_location.city_co_76001,760010,urban
zip_co_760040,l10n_co_base_location.city_co_76001,760040,urban
zip_co_760042,l10n_co_base_location.city_co_76001,760042,urban
zip_co_760033,l10n_co_base_location.city_co_76001,760033,urban
zip_co_760537,l10n_co_base_location.city_co_76126,760537,rural
zip_co_760530,l10n_co_base_location.city_co_76126,760530,urban
zip_co_760538,l10n_co_base_location.city_co_76126,760538,rural
zip_co_763570,l10n_co_base_location.city_co_76130,763570,urban
zip_co_763578,l10n_co_base_location.city_co_76130,763578,rural
zip_co_763577,l10n_co_base_location.city_co_76130,763577,rural
zip_co_763579,l10n_co_base_location.city_co_76130,763579,rural
zip_co_762021,l10n_co_base_location.city_co_76147,762021,urban
zip_co_762022,l10n_co_base_location.city_co_76147,762022,urban
zip_co_762027,l10n_co_base_location.city_co_76147,762027,rural
zip_co_760520,l10n_co_base_location.city_co_76233,760520,urban
zip_co_760527,l10n_co_base_location.city_co_76233,760527,rural
zip_co_760529,l10n_co_base_location.city_co_76233,760529,rural
zip_co_760528,l10n_co_base_location.city_co_76233,760528,rural
zip_co_762001,l10n_co_base_location.city_co_76243,762001,urban
zip_co_762008,l10n_co_base_location.city_co_76243,762008,rural
zip_co_762007,l10n_co_base_location.city_co_76243,762007,rural
zip_co_761501,l10n_co_base_location.city_co_76246,761501,urban
zip_co_761507,l10n_co_base_location.city_co_76246,761507,rural
zip_co_761508,l10n_co_base_location.city_co_76246,761508,rural
zip_co_763520,l10n_co_base_location.city_co_76248,763520,urban
zip_co_763527,l10n_co_base_location.city_co_76248,763527,rural
zip_co_763528,l10n_co_base_location.city_co_76248,763528,rural
zip_co_761560,l10n_co_base_location.city_co_76250,761560,urban
zip_co_761567,l10n_co_base_location.city_co_76250,761567,rural
zip_co_763568,l10n_co_base_location.city_co_76275,763568,rural
zip_co_763560,l10n_co_base_location.city_co_76275,763560,urban
zip_co_763567,l10n_co_base_location.city_co_76275,763567,rural
zip_co_763517,l10n_co_base_location.city_co_76306,763517,rural
zip_co_763510,l10n_co_base_location.city_co_76306,763510,urban
zip_co_763518,l10n_co_base_location.city_co_76306,763518,rural
zip_co_763501,l10n_co_base_location.city_co_76318,763501,urban
zip_co_763508,l10n_co_base_location.city_co_76318,763508,rural
zip_co_763507,l10n_co_base_location.city_co_76318,763507,rural
zip_co_763047,l10n_co_base_location.city_co_76111,763047,rural
zip_co_763041,l10n_co_base_location.city_co_76111,763041,urban
zip_co_763042,l10n_co_base_location.city_co_76111,763042,urban
zip_co_763048,l10n_co_base_location.city_co_76111,763048,rural
zip_co_763049,l10n_co_base_location.city_co_76111,763049,rural
zip_co_764001,l10n_co_base_location.city_co_76364,764001,urban
zip_co_764008,l10n_co_base_location.city_co_76364,764008,rural
zip_co_764007,l10n_co_base_location.city_co_76364,764007,rural
zip_co_760510,l10n_co_base_location.city_co_76377,760510,urban
zip_co_760518,l10n_co_base_location.city_co_76377,760518,rural
zip_co_760517,l10n_co_base_location.city_co_76377,760517,rural
zip_co_761548,l10n_co_base_location.city_co_76400,761548,rural
zip_co_761547,l10n_co_base_location.city_co_76400,761547,rural
zip_co_761540,l10n_co_base_location.city_co_76400,761540,urban
zip_co_762510,l10n_co_base_location.city_co_76403,762510,urban
zip_co_762517,l10n_co_base_location.city_co_76403,762517,rural
zip_co_762501,l10n_co_base_location.city_co_76497,762501,urban
zip_co_762507,l10n_co_base_location.city_co_76497,762507,rural
zip_co_763537,l10n_co_base_location.city_co_76520,763537,rural
zip_co_763532,l10n_co_base_location.city_co_76520,763532,urban
zip_co_763531,l10n_co_base_location.city_co_76520,763531,urban
zip_co_763533,l10n_co_base_location.city_co_76520,763533,urban
zip_co_763538,l10n_co_base_location.city_co_76520,763538,rural
zip_co_763539,l10n_co_base_location.city_co_76520,763539,rural
zip_co_763547,l10n_co_base_location.city_co_76520,763547,rural
zip_co_763558,l10n_co_base_location.city_co_76563,763558,rural
zip_co_763550,l10n_co_base_location.city_co_76563,763550,urban
zip_co_763557,l10n_co_base_location.city_co_76563,763557,rural
zip_co_760540,l10n_co_base_location.city_co_76606,760540,urban
zip_co_760547,l10n_co_base_location.city_co_76606,760547,rural
zip_co_760548,l10n_co_base_location.city_co_76606,760548,rural
zip_co_761030,l10n_co_base_location.city_co_76616,761030,urban
zip_co_761038,l10n_co_base_location.city_co_76616,761038,rural
zip_co_761037,l10n_co_base_location.city_co_76616,761037,rural
zip_co_761558,l10n_co_base_location.city_co_76622,761558,rural
zip_co_761550,l10n_co_base_location.city_co_76622,761550,urban
zip_co_761557,l10n_co_base_location.city_co_76622,761557,rural
zip_co_763030,l10n_co_base_location.city_co_76670,763030,urban
zip_co_763037,l10n_co_base_location.city_co_76670,763037,rural
zip_co_763038,l10n_co_base_location.city_co_76670,763038,rural
zip_co_762538,l10n_co_base_location.city_co_76736,762538,rural
zip_co_762530,l10n_co_base_location.city_co_76736,762530,urban
zip_co_762537,l10n_co_base_location.city_co_76736,762537,rural
zip_co_761520,l10n_co_base_location.city_co_76823,761520,urban
zip_co_761527,l10n_co_base_location.city_co_76823,761527,rural
zip_co_761528,l10n_co_base_location.city_co_76823,761528,rural
zip_co_761020,l10n_co_base_location.city_co_76828,761020,urban
zip_co_761027,l10n_co_base_location.city_co_76828,761027,rural
zip_co_761028,l10n_co_base_location.city_co_76828,761028,rural
zip_co_763029,l10n_co_base_location.city_co_76834,763029,rural
zip_co_763028,l10n_co_base_location.city_co_76834,763028,rural
zip_co_763022,l10n_co_base_location.city_co_76834,763022,urban
zip_co_763023,l10n_co_base_location.city_co_76834,763023,urban
zip_co_763027,l10n_co_base_location.city_co_76834,763027,rural
zip_co_763021,l10n_co_base_location.city_co_76834,763021,urban
zip_co_762030,l10n_co_base_location.city_co_76845,762030,urban
zip_co_762037,l10n_co_base_location.city_co_76845,762037,rural
zip_co_761537,l10n_co_base_location.city_co_76863,761537,rural
zip_co_761530,l10n_co_base_location.city_co_76863,761530,urban
zip_co_760550,l10n_co_base_location.city_co_76869,760550,urban
zip_co_760557,l10n_co_base_location.city_co_76869,760557,rural
zip_co_761040,l10n_co_base_location.city_co_76890,761040,urban
zip_co_761047,l10n_co_base_location.city_co_76890,761047,rural
zip_co_761048,l10n_co_base_location.city_co_76890,761048,rural
zip_co_760507,l10n_co_base_location.city_co_76892,760507,rural
zip_co_760502,l10n_co_base_location.city_co_76892,760502,urban
zip_co_760501,l10n_co_base_location.city_co_76892,760501,urban
zip_co_760508,l10n_co_base_location.city_co_76892,760508,rural
zip_co_762527,l10n_co_base_location.city_co_76895,762527,rural
zip_co_762520,l10n_co_base_location.city_co_76895,762520,urban
zip_co_762528,l10n_co_base_location.city_co_76895,762528,rural
zip_co_973001,l10n_co_base_location.city_co_97161,973001,urban
zip_co_973007,l10n_co_base_location.city_co_97161,973007,rural
zip_co_973008,l10n_co_base_location.city_co_97161,973008,rural
zip_co_970001,l10n_co_base_location.city_co_97001,970001,urban
zip_co_970007,l10n_co_base_location.city_co_97001,970007,rural
zip_co_970008,l10n_co_base_location.city_co_97001,970008,rural
zip_co_970009,l10n_co_base_location.city_co_97001,970009,rural
zip_co_972007,l10n_co_base_location.city_co_97511,972007,rural
zip_co_972008,l10n_co_base_location.city_co_97511,972008,rural
zip_co_973047,l10n_co_base_location.city_co_97777,973047,rural
zip_co_973048,l10n_co_base_location.city_co_97777,973048,rural
zip_co_972040,l10n_co_base_location.city_co_97666,972040,urban
zip_co_972047,l10n_co_base_location.city_co_97666,972047,rural
zip_co_972048,l10n_co_base_location.city_co_97666,972048,rural
zip_co_971007,l10n_co_base_location.city_co_97889,971007,rural
zip_co_971008,l10n_co_base_location.city_co_97889,971008,rural
zip_co_991001,l10n_co_base_location.city_co_99773,991001,urban
zip_co_991008,l10n_co_base_location.city_co_99773,991008,rural
zip_co_991017,l10n_co_base_location.city_co_99773,991017,rural
zip_co_991018,l10n_co_base_location.city_co_99773,991018,rural
zip_co_991047,l10n_co_base_location.city_co_99773,991047,rural
zip_co_991058,l10n_co_base_location.city_co_99773,991058,rural
zip_co_991007,l10n_co_base_location.city_co_99773,991007,rural
zip_co_991019,l10n_co_base_location.city_co_99773,991019,rural
zip_co_991029,l10n_co_base_location.city_co_99773,991029,rural
zip_co_991009,l10n_co_base_location.city_co_99773,991009,rural
zip_co_991059,l10n_co_base_location.city_co_99773,991059,rural
zip_co_991039,l10n_co_base_location.city_co_99773,991039,rural
zip_co_991049,l10n_co_base_location.city_co_99773,991049,rural
zip_co_991038,l10n_co_base_location.city_co_99773,991038,rural
zip_co_991028,l10n_co_base_location.city_co_99773,991028,rural
zip_co_991057,l10n_co_base_location.city_co_99773,991057,rural
zip_co_991048,l10n_co_base_location.city_co_99773,991048,rural
zip_co_991037,l10n_co_base_location.city_co_99773,991037,rural
zip_co_991027,l10n_co_base_location.city_co_99773,991027,rural
zip_co_992001,l10n_co_base_location.city_co_99524,992001,urban
zip_co_992008,l10n_co_base_location.city_co_99524,992008,rural
zip_co_992017,l10n_co_base_location.city_co_99524,992017,rural
zip_co_992007,l10n_co_base_location.city_co_99524,992007,rural
zip_co_992018,l10n_co_base_location.city_co_99524,992018,rural
zip_co_992009,l10n_co_base_location.city_co_99524,992009,rural
zip_co_990001,l10n_co_base_location.city_co_99001,990001,urban
zip_co_990017,l10n_co_base_location.city_co_99001,990017,rural
zip_co_990008,l10n_co_base_location.city_co_99001,990008,rural
zip_co_990007,l10n_co_base_location.city_co_99001,990007,rural
zip_co_990009,l10n_co_base_location.city_co_99001,990009,rural
zip_co_990018,l10n_co_base_location.city_co_99001,990018,rural
zip_co_992050,l10n_co_base_location.city_co_99624,992050,urban
zip_co_995007,l10n_co_base_location.city_co_99624,995007,rural
zip_co_995008,l10n_co_base_location.city_co_99624,995008,rural
zip_co_995009,l10n_co_base_location.city_co_99624,995009,rural