id,name,zip_id:id
1,SIN INFORMACION DE BARRIOS,l10n_co_base_location.zip_co_991001
2,SIN INFORMACION DE BARRIOS,l10n_co_base_location.zip_co_991007
3,SIN INFORMACION DE BARRIOS,l10n_co_base_location.zip_co_991008
4,SIN INFORMACION DE BARRIOS,l10n_co_base_location.zip_co_991009
5,SIN INFORMACION DE BARRIOS,l10n_co_base_location.zip_co_991017
6,SIN INFORMACION DE BARRIOS,l10n_co_base_location.zip_co_991018
7,SIN INFORMACION DE BARRIOS,l10n_co_base_location.zip_co_991019
8,SIN INFORMACION DE BARRIOS,l10n_co_base_location.zip_co_991027
9,SIN INFORMACION DE BARRIOS,l10n_co_base_location.zip_co_991028
10,SIN INFORMACION DE BARRIOS,l10n_co_base_location.zip_co_991029
11,SIN INFORMACION DE BARRIOS,l10n_co_base_location.zip_co_991037
12,SIN INFORMACION DE BARRIOS,l10n_co_base_location.zip_co_991038
13,SIN INFORMACION DE BARRIOS,l10n_co_base_location.zip_co_991039
14,SIN INFORMACION DE BARRIOS,l10n_co_base_location.zip_co_991047
15,SIN INFORMACION DE BARRIOS,l10n_co_base_location.zip_co_991048
16,SIN INFORMACION DE BARRIOS,l10n_co_base_location.zip_co_991049
17,SIN INFORMACION DE BARRIOS,l10n_co_base_location.zip_co_991057
18,SIN INFORMACION DE BARRIOS,l10n_co_base_location.zip_co_991058
19,SIN INFORMACION DE BARRIOS,l10n_co_base_location.zip_co_991059
20,SIN INFORMACION DE BARRIOS,l10n_co_base_location.zip_co_992001
21,SIN INFORMACION DE BARRIOS,l10n_co_base_location.zip_co_992007
22,SIN INFORMACION DE BARRIOS,l10n_co_base_location.zip_co_992008
23,SIN INFORMACION DE BARRIOS,l10n_co_base_location.zip_co_992009
24,SIN INFORMACION DE BARRIOS,l10n_co_base_location.zip_co_992017
25,SIN INFORMACION DE BARRIOS,l10n_co_base_location.zip_co_992018
26,SIN INFORMACION DE BARRIOS,l10n_co_base_location.zip_co_992050
27,SIN INFORMACION DE BARRIOS,l10n_co_base_location.zip_co_995007
28,SIN INFORMACION DE BARRIOS,l10n_co_base_location.zip_co_995008
29,SIN INFORMACION DE BARRIOS,l10n_co_base_location.zip_co_995009
30,ANDALUCÍA,l10n_co_base_location.zip_co_050001
31,LA FRANCIA,l10n_co_base_location.zip_co_050001
32,LA FRONTERA,l10n_co_base_location.zip_co_050001
33,LA ISLA,l10n_co_base_location.zip_co_050001
34,PABLO VI,l10n_co_base_location.zip_co_050001
35,PLAYÓN DE LOS COMUNEROS,l10n_co_base_location.zip_co_050001
36,VILLA DEL SOCORRO,l10n_co_base_location.zip_co_050001
37,VILLA NIZA,l10n_co_base_location.zip_co_050001
38,ALDEA PABLO VI,l10n_co_base_location.zip_co_050002
39,CARPINELO,l10n_co_base_location.zip_co_050002
40,EL COMPROMISO,l10n_co_base_location.zip_co_050002
41,LA AVANZADA,l10n_co_base_location.zip_co_050002
42,LA ESPERANZA NO.2,l10n_co_base_location.zip_co_050002
43,POPULAR,l10n_co_base_location.zip_co_050002
44,SANTO DOMINGO SAVIO NO.1,l10n_co_base_location.zip_co_050002
45,SANTO DOMINGO SAVIO NO.2,l10n_co_base_location.zip_co_050002
46,GRANIZAL,l10n_co_base_location.zip_co_050003
47,LA ROSA,l10n_co_base_location.zip_co_050003
48,MOSCÚ NO.1,l10n_co_base_location.zip_co_050003
49,MOSCÚ NO.2,l10n_co_base_location.zip_co_050003
50,SAN PABLO,l10n_co_base_location.zip_co_050003
51,SANTA CRUZ,l10n_co_base_location.zip_co_050003
52,VILLA GUADALUPE,l10n_co_base_location.zip_co_050003
53,ARANJUEZ,l10n_co_base_location.zip_co_050004
54,BERLIN,l10n_co_base_location.zip_co_050004
55,BERMEJAL,l10n_co_base_location.zip_co_050004
56,LOS ALAMOS,l10n_co_base_location.zip_co_050004
57,LA PIÑUELA,l10n_co_base_location.zip_co_050004
58,PALERMO,l10n_co_base_location.zip_co_050004
59,SAN ISIDRO,l10n_co_base_location.zip_co_050004
60,CAMPO VALDÉS NO.2,l10n_co_base_location.zip_co_050005
61,LA SALLE,l10n_co_base_location.zip_co_050005
62,LAS GRANJAS,l10n_co_base_location.zip_co_050005
63,MARÍA CANO,l10n_co_base_location.zip_co_050005
64,CARAMBOLAS,l10n_co_base_location.zip_co_050005
65,ORIENTE,l10n_co_base_location.zip_co_050005
66,SAN JOSÉ LA CIMA NO.1,l10n_co_base_location.zip_co_050005
67,SAN JOSÉ LA CIMA NO.2,l10n_co_base_location.zip_co_050005
68,SANTA INÉS,l10n_co_base_location.zip_co_050005
69,BRASILIA,l10n_co_base_location.zip_co_050006
70,CAMPO VALDÉS NO.1,l10n_co_base_location.zip_co_050006
71,LAS ESMERALDAS,l10n_co_base_location.zip_co_050006
72,MIRANDA,l10n_co_base_location.zip_co_050006
73,MORAVIA,l10n_co_base_location.zip_co_050006
74,SIN INFORMACION DE BARRIOS,l10n_co_base_location.zip_co_050007
75,EL CHAGUALO,l10n_co_base_location.zip_co_050010
76,ESTACIÓN VILLA,l10n_co_base_location.zip_co_050010
77,HOSPITAL SAN VICENTE DE PAÚL,l10n_co_base_location.zip_co_050010
78,JARDÍN BOTÁNICO,l10n_co_base_location.zip_co_050010
79,JESÚS NAZARENO,l10n_co_base_location.zip_co_050010
80,MANRIQUE CENTRAL NO.1,l10n_co_base_location.zip_co_050010
81,PARQUE NORTE,l10n_co_base_location.zip_co_050010
82,SAN BENITO,l10n_co_base_location.zip_co_050010
83,SAN PEDRO,l10n_co_base_location.zip_co_050010
84,SEVILLA,l10n_co_base_location.zip_co_050010
85,UNIVERSIDAD DE ANTIOQUIA,l10n_co_base_location.zip_co_050010
86,BATALLÓN GIRARDOT,l10n_co_base_location.zip_co_050011
87,EL POMAR,l10n_co_base_location.zip_co_050011
88,EL RAIZAL,l10n_co_base_location.zip_co_050011
89,LA CRUZ,l10n_co_base_location.zip_co_050011
90,MANRIQUE CENTRAL NO.2,l10n_co_base_location.zip_co_050011
91,MANRIQUE ORIENTAL,l10n_co_base_location.zip_co_050011
92,VERSALLES NO.1,l10n_co_base_location.zip_co_050011
93,VERSALLES NO.2,l10n_co_base_location.zip_co_050011
94,BOSTON,l10n_co_base_location.zip_co_050012
95,LA CANDELARIA,l10n_co_base_location.zip_co_050012
96,LA MANSIÓN,l10n_co_base_location.zip_co_050012
97,LOS ÁNGELES,l10n_co_base_location.zip_co_050012
98,PRADO,l10n_co_base_location.zip_co_050012
99,SAN MIGUEL,l10n_co_base_location.zip_co_050012
100,VILLA HERMOSA,l10n_co_base_location.zip_co_050012
101,VILLA NUEVA,l10n_co_base_location.zip_co_050012
102,BARRIO CAYCEDO,l10n_co_base_location.zip_co_050013
103,EL PINAL,l10n_co_base_location.zip_co_050013
104,ENCISO,l10n_co_base_location.zip_co_050013
105,LA LADERA,l10n_co_base_location.zip_co_050013
106,LA LIBERTAD,l10n_co_base_location.zip_co_050013
107,LLANADITAS,l10n_co_base_location.zip_co_050013
108,LOS MANGOS,l10n_co_base_location.zip_co_050013
109,SUCRE,l10n_co_base_location.zip_co_050013
110,TRECE DE NOVIEMBRE,l10n_co_base_location.zip_co_050013
111,ALEJANDRO ECHAVARRÍA,l10n_co_base_location.zip_co_050014
112,BARRIOS DE JESÚS,l10n_co_base_location.zip_co_050014
113,JUAN PABLO II,l10n_co_base_location.zip_co_050014
114,LA SIERRA,l10n_co_base_location.zip_co_050014
115,LAS ESTANCIAS,l10n_co_base_location.zip_co_050014
116,OCHO DE MARZO,l10n_co_base_location.zip_co_050014
117,SAN ANTONIO,l10n_co_base_location.zip_co_050014
118,VILLA LILLIAM,l10n_co_base_location.zip_co_050014
119,VILLA TURBAY,l10n_co_base_location.zip_co_050014
120,VILLATINA,l10n_co_base_location.zip_co_050014
121,CALLE NUEVA,l10n_co_base_location.zip_co_050014
122,CALLE NUEVA,l10n_co_base_location.zip_co_050015
123,CENTRO ADMINISTRATIVO,l10n_co_base_location.zip_co_050015
124,CORAZÓN DE JESÚS - BARRIO TRISTE,l10n_co_base_location.zip_co_050015
125,GUAYAQUIL,l10n_co_base_location.zip_co_050015
126,LA ALPUJARRA,l10n_co_base_location.zip_co_050015
127,PERPETUO SOCORRO,l10n_co_base_location.zip_co_050015
128,ASOMADERA NO.1,l10n_co_base_location.zip_co_050016
129,BARRIO COLÓN,l10n_co_base_location.zip_co_050016
130,BOMBONÁ NO.1,l10n_co_base_location.zip_co_050016
131,BUENOS AIRES,l10n_co_base_location.zip_co_050016
132,EL SALVADOR,l10n_co_base_location.zip_co_050016
133,GERONA,l10n_co_base_location.zip_co_050016
134,LAS PALMAS,l10n_co_base_location.zip_co_050016
135,SAN DIEGO,l10n_co_base_location.zip_co_050016
136,SANTA ELENA,l10n_co_base_location.zip_co_050017
137,SIN INFORMACION DE BARRIOS,l10n_co_base_location.zip_co_050018
138,BOMBONÁ NO.2,l10n_co_base_location.zip_co_050020
139,CATALUÑA,l10n_co_base_location.zip_co_050020
140,LA MILAGROSA,l10n_co_base_location.zip_co_050020
141,LORETO,l10n_co_base_location.zip_co_050020
142,LOS CERROS EL VERGEL,l10n_co_base_location.zip_co_050020
143,MIRAFLORES,l10n_co_base_location.zip_co_050020
144,ALTOS DEL POBLADO,l10n_co_base_location.zip_co_050021
145,ASOMADERA NO.2,l10n_co_base_location.zip_co_050021
146,ASOMADERA NO.3,l10n_co_base_location.zip_co_050021
147,BARRIO COLOMBIA,l10n_co_base_location.zip_co_050021
148,CASTROPOL,l10n_co_base_location.zip_co_050021
149,EL POBLADO,l10n_co_base_location.zip_co_050021
150,EL TESORO,l10n_co_base_location.zip_co_050021
151,LA FLORIDA,l10n_co_base_location.zip_co_050021
152,LALINDE,l10n_co_base_location.zip_co_050021
153,LAS LOMAS NO.1,l10n_co_base_location.zip_co_050021
154,LAS LOMAS NO.2,l10n_co_base_location.zip_co_050021
155,MANILA,l10n_co_base_location.zip_co_050021
156,VILLA CARLOTA,l10n_co_base_location.zip_co_050021
157,ALEJANDRÍA,l10n_co_base_location.zip_co_050022
158,ASTORGA,l10n_co_base_location.zip_co_050022
159,EL CASTILLO,l10n_co_base_location.zip_co_050022
160,EL DIAMANTE NO.2,l10n_co_base_location.zip_co_050022
161,LA AGUACATALA,l10n_co_base_location.zip_co_050022
162,LOS BALSOS NO.1,l10n_co_base_location.zip_co_050022
163,LOS BALSOS NO.2,l10n_co_base_location.zip_co_050022
164,LOS NARANJOS,l10n_co_base_location.zip_co_050022
165,PATIO BONITO,l10n_co_base_location.zip_co_050022
166,SAN LUCAS,l10n_co_base_location.zip_co_050022
167,SANTA MARÍA DE LOS ÁNGELES,l10n_co_base_location.zip_co_050022
168,EL RINCÓN,l10n_co_base_location.zip_co_050023
169,EL RODEO,l10n_co_base_location.zip_co_050023
170,GUAYABAL,l10n_co_base_location.zip_co_050023
171,LA COLINA,l10n_co_base_location.zip_co_050023
172,LA HONDONADA,l10n_co_base_location.zip_co_050023
173,LA MOTA,l10n_co_base_location.zip_co_050023
174,CAMPO AMOR,l10n_co_base_location.zip_co_050024
175,CRISTO REY,l10n_co_base_location.zip_co_050024
176,PARQUE JUAN PABLO II,l10n_co_base_location.zip_co_050024
177,SANTA FÉ,l10n_co_base_location.zip_co_050024
178,TENCHE,l10n_co_base_location.zip_co_050024
179,TRINIDAD,l10n_co_base_location.zip_co_050024
180,DIEGO ECHAVARRÍA,l10n_co_base_location.zip_co_050025
181,GRANADA,l10n_co_base_location.zip_co_050025
182,LAS PLAYAS,l10n_co_base_location.zip_co_050025
183,SAN BERNARDO,l10n_co_base_location.zip_co_050025
184,ALTAVISTA,l10n_co_base_location.zip_co_050026
185,AREA DE EXPANSIÓN ALTAVISTA,l10n_co_base_location.zip_co_050026
186,LA GLORIA,l10n_co_base_location.zip_co_050026
187,LA LOMA DE LOS BERNAL,l10n_co_base_location.zip_co_050026
188,LA PALMA,l10n_co_base_location.zip_co_050026
189,LAS VIOLETAS,l10n_co_base_location.zip_co_050026
190,LOS ALPES,l10n_co_base_location.zip_co_050026
191,SIN INFORMACION DE BARRIOS,l10n_co_base_location.zip_co_050027
192,SIN INFORMACION DE BARRIOS,l10n_co_base_location.zip_co_050028
193,SAN ANTONIO DE PRADO,l10n_co_base_location.zip_co_050029
194,BELÉN,l10n_co_base_location.zip_co_050030
195,CERRO NUTIBARA,l10n_co_base_location.zip_co_050030
196,EL NOGAL,l10n_co_base_location.zip_co_050030
197,LOS ALMENDROS,l10n_co_base_location.zip_co_050030
198,FÁTIMA,l10n_co_base_location.zip_co_050030
199,LOS CONQUISTADORES,l10n_co_base_location.zip_co_050030
200,MIRAVALLE,l10n_co_base_location.zip_co_050030
201,ROSALES,l10n_co_base_location.zip_co_050030
202,BOLIVARIANA,l10n_co_base_location.zip_co_050031
203,EL VELÓDROMO,l10n_co_base_location.zip_co_050031
204,FLORIDA NUEVA,l10n_co_base_location.zip_co_050031
205,LAS ACACIAS,l10n_co_base_location.zip_co_050031
206,LAURELES,l10n_co_base_location.zip_co_050031
207,LORENA,l10n_co_base_location.zip_co_050031
208,LOS PINOS,l10n_co_base_location.zip_co_050031
209,NARANJAL,l10n_co_base_location.zip_co_050031
210,SAN JOAQUÍN,l10n_co_base_location.zip_co_050031
211,U.P.B,l10n_co_base_location.zip_co_050031
212,BARRIO CRISTÓBAL,l10n_co_base_location.zip_co_050032
213,BELENCITO,l10n_co_base_location.zip_co_050032
214,CAMPO ALEGRE,l10n_co_base_location.zip_co_050032
215,EL DANUBIO,l10n_co_base_location.zip_co_050032
216,LA AMÉRICA,l10n_co_base_location.zip_co_050032
217,LA CASTELLANA,l10n_co_base_location.zip_co_050032
218,LA FLORESTA,l10n_co_base_location.zip_co_050032
219,LAS MERCEDES,l10n_co_base_location.zip_co_050032
220,NUEVA VILLA DEL ABURRÁ,l10n_co_base_location.zip_co_050032
221,SANTA MÓNICA,l10n_co_base_location.zip_co_050032
222,SANTA TERESITA,l10n_co_base_location.zip_co_050032
223,SIMÓN BOLÍVAR,l10n_co_base_location.zip_co_050032
224,ANTONIO NARIÑO,l10n_co_base_location.zip_co_050033
225,BETANIA,l10n_co_base_location.zip_co_050033
226,EDUARDO SANTOS,l10n_co_base_location.zip_co_050033
227,EL CORAZÓN,l10n_co_base_location.zip_co_050033
228,EL SALADO,l10n_co_base_location.zip_co_050033
229,EL SOCORRO,l10n_co_base_location.zip_co_050033
230,LAS INDEPENDENCIAS,l10n_co_base_location.zip_co_050033
231,NUEVOS CONQUISTADORES,l10n_co_base_location.zip_co_050033
232,SAN JAVIER NO.1,l10n_co_base_location.zip_co_050033
233,SAN JAVIER NO.2,l10n_co_base_location.zip_co_050033
234,SANTA LUCÍA,l10n_co_base_location.zip_co_050033
235,VEINTE DE JULIO,l10n_co_base_location.zip_co_050033
236,ALTAMIRA,l10n_co_base_location.zip_co_050034
237,BATALLÓN CUARTA BRIGADA,l10n_co_base_location.zip_co_050034
238,BOSQUES DE SAN PABLO,l10n_co_base_location.zip_co_050034
239,CARIBE,l10n_co_base_location.zip_co_050034
240,CARLOS E. RESTREPO,l10n_co_base_location.zip_co_050034
241,CERRO EL VOLADOR,l10n_co_base_location.zip_co_050034
242,CUARTA BRIGADA,l10n_co_base_location.zip_co_050034
243,LA IGUANÁ,l10n_co_base_location.zip_co_050034
244,ESTADIO,l10n_co_base_location.zip_co_050034
245,FACULTAD DE MINAS U. NACIONAL,l10n_co_base_location.zip_co_050034
246,FACULTAD VETERINARIA Y ZOOTECNIA U.DE.A.,l10n_co_base_location.zip_co_050034
247,LA PILARICA,l10n_co_base_location.zip_co_050034
248,LOS COLORES,l10n_co_base_location.zip_co_050034
249,AREA DE EXPANSIÓN SAN CRISTÓBAL,l10n_co_base_location.zip_co_050035
250,BLANQUIZAL,l10n_co_base_location.zip_co_050035
251,CALASANZ,l10n_co_base_location.zip_co_050035
252,CALASANZ PARTE ALTA,l10n_co_base_location.zip_co_050035
253,EL PESEBRE,l10n_co_base_location.zip_co_050035
254,FERRINI,l10n_co_base_location.zip_co_050035
255,JUAN XXIII LA QUIEBRA,l10n_co_base_location.zip_co_050035
256,LA PRADERA,l10n_co_base_location.zip_co_050035
257,LOS ALCÁZARES,l10n_co_base_location.zip_co_050035
258,METROPOLITANO,l10n_co_base_location.zip_co_050035
259,OLAYA HERRERA,l10n_co_base_location.zip_co_050035
260,SANTA ROSA DE LIMA,l10n_co_base_location.zip_co_050035
261,CUCARACHO,l10n_co_base_location.zip_co_050036
262,FUENTE CLARA,l10n_co_base_location.zip_co_050036
263,ROBLEDO,l10n_co_base_location.zip_co_050036
264,SANTA MARGARITA,l10n_co_base_location.zip_co_050036
265,SAN CRISTÓBAL,l10n_co_base_location.zip_co_050037
266,ALFONSO LOPEZ,l10n_co_base_location.zip_co_050040
267,CÓRDOBA,l10n_co_base_location.zip_co_050040
268,CEMENTERIO UNIVERSAL,l10n_co_base_location.zip_co_050040
269,FRANCISCO ANTONIO ZEA,l10n_co_base_location.zip_co_050040
270,KENNEDY,l10n_co_base_location.zip_co_050040
271,LOPEZ DE MESA,l10n_co_base_location.zip_co_050040
272,OLEODUCTO,l10n_co_base_location.zip_co_050040
273,TERMINAL DE TRANSPORTE,l10n_co_base_location.zip_co_050040
274,AURES NO.1,l10n_co_base_location.zip_co_050041
275,AURES NO.2,l10n_co_base_location.zip_co_050041
276,BELLO HORIZONTE,l10n_co_base_location.zip_co_050041
277,EL DIAMANTE,l10n_co_base_location.zip_co_050041
278,PALENQUE,l10n_co_base_location.zip_co_050041
279,VILLA FLORA,l10n_co_base_location.zip_co_050041
280,BELALCÁZAR,l10n_co_base_location.zip_co_050042
281,CASTILLA,l10n_co_base_location.zip_co_050042
282,GIRARDOT,l10n_co_base_location.zip_co_050042
283,LA ESPERANZA,l10n_co_base_location.zip_co_050042
284,PEDREGAL,l10n_co_base_location.zip_co_050042
285,TRICENTENARIO,l10n_co_base_location.zip_co_050042
286,DOCE DE OCTUBRE NO.1,l10n_co_base_location.zip_co_050043
287,DOCE DE OCTUBRE NO.2,l10n_co_base_location.zip_co_050043
288,EL TRIUNFO,l10n_co_base_location.zip_co_050043
289,MIRADOR DEL DOCE,l10n_co_base_location.zip_co_050043
290,PICACHITO,l10n_co_base_location.zip_co_050043
291,PICACHO,l10n_co_base_location.zip_co_050043
292,PROGRESO NO.2,l10n_co_base_location.zip_co_050043
293,SAN MARTÍN DE PORRES,l10n_co_base_location.zip_co_050043
294,BOYACÁ,l10n_co_base_location.zip_co_050044
295,FLORENCIA,l10n_co_base_location.zip_co_050044
296,HÉCTOR ABAD GÓMEZ,l10n_co_base_location.zip_co_050044
297,LAS BRISAS,l10n_co_base_location.zip_co_050044
298,PLAZA DE FERIAS,l10n_co_base_location.zip_co_050044
299,SANTANDER,l10n_co_base_location.zip_co_050044
300,TEJELO,l10n_co_base_location.zip_co_050044
301,TOSCANA,l10n_co_base_location.zip_co_050044
302,MONTECLARO,l10n_co_base_location.zip_co_050047
303,PAJARITO,l10n_co_base_location.zip_co_050047
304,SIN INFORMACION DE BARRIOS,l10n_co_base_location.zip_co_050048
305,SIN INFORMACION DE BARRIOS,l10n_co_base_location.zip_co_051010
306,SIN INFORMACION DE BARRIOS,l10n_co_base_location.zip_co_051017
307,SIN INFORMACION DE BARRIOS,l10n_co_base_location.zip_co_051020
308,SIN INFORMACION DE BARRIOS,l10n_co_base_location.zip_co_051027
309,SIN INFORMACION DE BARRIOS,l10n_co_base_location.zip_co_051028
310,AURELIO MEJÍA,l10n_co_base_location.zip_co_051030
311,CENTRO,l10n_co_base_location.zip_co_051030
312,EL LLANO,l10n_co_base_location.zip_co_051030
313,EL PARAÍSO,l10n_co_base_location.zip_co_051030
314,GIRARDOTA NUEVA,l10n_co_base_location.zip_co_051030
315,GUADALES,l10n_co_base_location.zip_co_051030
316,GUAYACANES,l10n_co_base_location.zip_co_051030
317,HATO GRANDE,l10n_co_base_location.zip_co_051030
318,JUAN 23,l10n_co_base_location.zip_co_051030
319,LA CEIBA,l10n_co_base_location.zip_co_051030
320,LA FERREIRA,l10n_co_base_location.zip_co_051030
321,LA FLORIDA,l10n_co_base_location.zip_co_051030
322,MONTECARLO,l10n_co_base_location.zip_co_051030
323,NARANJAL,l10n_co_base_location.zip_co_051030
324,NUEVO HORIZONTE,l10n_co_base_location.zip_co_051030
325,PALMAS DEL LLANO,l10n_co_base_location.zip_co_051030
326,SALADO,l10n_co_base_location.zip_co_051030
327,SAN JOSÉ,l10n_co_base_location.zip_co_051030
328,SANTA ANA,l10n_co_base_location.zip_co_051030
329,EL SOCORRO,l10n_co_base_location.zip_co_051037
330,EL TIGRE,l10n_co_base_location.zip_co_051037
331,LA MATA,l10n_co_base_location.zip_co_051037
332,LA MATICA,l10n_co_base_location.zip_co_051037
333,LOMA DE LOS OCHOA,l10n_co_base_location.zip_co_051037
334,MERCEDES ABREGO,l10n_co_base_location.zip_co_051037
335,POTRERITO,l10n_co_base_location.zip_co_051037
336,CABECERA MUNICIPAL,l10n_co_base_location.zip_co_051038
337,EL BARRO,l10n_co_base_location.zip_co_051038
338,EL CANO,l10n_co_base_location.zip_co_051038
339,EL MOLINO,l10n_co_base_location.zip_co_051038
340,EL PALMAR,l10n_co_base_location.zip_co_051038
341,EL PARAISO,l10n_co_base_location.zip_co_051038
342,EL YARUMO,l10n_co_base_location.zip_co_051038
343,FILO VERDE,l10n_co_base_location.zip_co_051038
344,GUARNE,l10n_co_base_location.zip_co_051038
345,JAMUNDÍ,l10n_co_base_location.zip_co_051038
346,LA CALERA,l10n_co_base_location.zip_co_051038
347,LA ENEA,l10n_co_base_location.zip_co_051038
348,LA MEJIA,l10n_co_base_location.zip_co_051038
349,LA PALMA,l10n_co_base_location.zip_co_051038
350,LA CUCHILLAS,l10n_co_base_location.zip_co_051038
351,PORTACHUELO,l10n_co_base_location.zip_co_051038
352,SAN ANDRES,l10n_co_base_location.zip_co_051038
353,SAN DIEGO,l10n_co_base_location.zip_co_051038
354,SAN ESTEBAN ,l10n_co_base_location.zip_co_051038
355,ASUNCIÓN (ALTA Y BAJA) GUADALAJARA,l10n_co_base_location.zip_co_051040
356,AUTOPISTA (INDUSTRIAL),l10n_co_base_location.zip_co_051040
357,CENTRO MIRAFLORES,l10n_co_base_location.zip_co_051040
358,CHANGAI (NUCLEO URBANO),l10n_co_base_location.zip_co_051040
359,CRISTO REY CUENCA VERDE,l10n_co_base_location.zip_co_051040
360,EL MOJÓN,l10n_co_base_location.zip_co_051040
361,EL PEDREGAL,l10n_co_base_location.zip_co_051040
362,EL RECREO,l10n_co_base_location.zip_co_051040
363,EL REMANSO,l10n_co_base_location.zip_co_051040
364,FRANCISCO MENESES HORIZONTES,l10n_co_base_location.zip_co_051040
365,FÁTIMA,l10n_co_base_location.zip_co_051040
366,LA AZULITA,l10n_co_base_location.zip_co_051040
367,LA LOMITA (LUNA LUNERA),l10n_co_base_location.zip_co_051040
368,LA MI,l10n_co_base_location.zip_co_051040
369,SIN INFORMACION DE BARRIOS,l10n_co_base_location.zip_co_051047
370,LAS CANTERAS,l10n_co_base_location.zip_co_051048
371,ALTOS DE NIQUIA,l10n_co_base_location.zip_co_051050
372,CIUDAD NIQUIA,l10n_co_base_location.zip_co_051050
373,CIUDADELA DEL NORTE,l10n_co_base_location.zip_co_051050
374,GUASIMALITO,l10n_co_base_location.zip_co_051050
375,LA NAVARRA,l10n_co_base_location.zip_co_051050
376,NIQUIA BIFAMILIAR,l10n_co_base_location.zip_co_051050
377,PANAMERICANO,l10n_co_base_location.zip_co_051050
378,QUITASOL,l10n_co_base_location.zip_co_051050
379,ACEVEDO,l10n_co_base_location.zip_co_051051
380,ACEVEDO BELLO,l10n_co_base_location.zip_co_051051
381,ALCALÁ,l10n_co_base_location.zip_co_051051
382,FONTIQUEÑO,l10n_co_base_location.zip_co_051051
383,LA CAMILA,l10n_co_base_location.zip_co_051051
384,LA ESTACIÓN,l10n_co_base_location.zip_co_051051
385,LA GABRIELA,l10n_co_base_location.zip_co_051051
386,LAS VEGAS,l10n_co_base_location.zip_co_051051
387,SANTA RITA,l10n_co_base_location.zip_co_051051
388,ZAMORA,l10n_co_base_location.zip_co_051051
389,ZONA INDUSTRIAL NO 2,l10n_co_base_location.zip_co_051051
390,ZONA INDUSTRIAL NO 3,l10n_co_base_location.zip_co_051051
391,EL CAFETAL,l10n_co_base_location.zip_co_051052
392,JOSÉ ANTONIO GALÁN,l10n_co_base_location.zip_co_051052
393,LA ESMERALDA,l10n_co_base_location.zip_co_051052
394,LA FLORIDA,l10n_co_base_location.zip_co_051052
395,LA GRAN AVENIDA,l10n_co_base_location.zip_co_051052
396,LA MADERA,l10n_co_base_location.zip_co_051052
397,LA PRADERA,l10n_co_base_location.zip_co_051052
398,LAS CABAÑAS,l10n_co_base_location.zip_co_051052
399,LAS CABAÑITAS,l10n_co_base_location.zip_co_051052
400,LOS SAUCES,l10n_co_base_location.zip_co_051052
401,MARUCHENGA,l10n_co_base_location.zip_co_051052
402,NUEVO,l10n_co_base_location.zip_co_051052
403,PARÍS,l10n_co_base_location.zip_co_051052
404,SALVADOR ALLENDE,l10n_co_base_location.zip_co_051052
405,ALTAVISTA,l10n_co_base_location.zip_co_051053
406,ANDALUCÍA,l10n_co_base_location.zip_co_051053
407,CENTRAL,l10n_co_base_location.zip_co_051053
408,CENTRO,l10n_co_base_location.zip_co_051053
409,CONGOLO,l10n_co_base_location.zip_co_051053
410,EL CAIRO,l10n_co_base_location.zip_co_051053
411,EL ROSARIO,l10n_co_base_location.zip_co_051053
412,ESPÍRITU SANTO,l10n_co_base_location.zip_co_051053
413,LA MESA,l10n_co_base_location.zip_co_051053
414,LAS GRANJAS,l10n_co_base_location.zip_co_051053
415,MANCHESTER,l10n_co_base_location.zip_co_051053
416,MILAGROSA,l10n_co_base_location.zip_co_051053
417,NAZARETH,l10n_co_base_location.zip_co_051053
418,PRADO,l10n_co_base_location.zip_co_051053
419,PUERTO BELLO,l10n_co_base_location.zip_co_051053
420,PÉREZ,l10n_co_base_location.zip_co_051053
421,RINCÓN SANTO,l10n_co_base_location.zip_co_051053
422,SALENTO,l10n_co_base_location.zip_co_051053
423,SAN JOSÉ OBRERO,l10n_co_base_location.zip_co_051053
424,SANTA ANA,l10n_co_base_location.zip_co_051053
425,SUÁREZ,l10n_co_base_location.zip_co_051053
426,ZONA INDUSTRIAL NO 1,l10n_co_base_location.zip_co_051053
427,BELLAVISTA,l10n_co_base_location.zip_co_051054
428,BRICEÑO,l10n_co_base_location.zip_co_051054
429,BUENOS AIRES,l10n_co_base_location.zip_co_051054
430,EL CARMELO,l10n_co_base_location.zip_co_051054
431,EL DUCADO,l10n_co_base_location.zip_co_051054
432,EL MIRADOR,l10n_co_base_location.zip_co_051054
433,EL PORVENIR,l10n_co_base_location.zip_co_051054
434,LA ALDEA,l10n_co_base_location.zip_co_051054
435,LA PRIMAVERA,l10n_co_base_location.zip_co_051054
436,LA SELVA,l10n_co_base_location.zip_co_051054
437,LOS ALPES,l10n_co_base_location.zip_co_051054
438,MARCO TULIO HENAO,l10n_co_base_location.zip_co_051054
439,PACHELLY,l10n_co_base_location.zip_co_051054
440,PARAÍSO,l10n_co_base_location.zip_co_051054
441,PLAYA RICA,l10n_co_base_location.zip_co_051054
442,SAN GABRIEL,l10n_co_base_location.zip_co_051054
443,SAN MARTÍN,l10n_co_base_location.zip_co_051054
444,TRAPICHE,l10n_co_base_location.zip_co_051054
445,URAPANES,l10n_co_base_location.zip_co_051054
446,VILLAS DEL SOL,l10n_co_base_location.zip_co_051054
447,SIN INFORMACION DE BARRIOS,l10n_co_base_location.zip_co_051057
448,SIN INFORMACION DE BARRIOS,l10n_co_base_location.zip_co_051058
449,SIN INFORMACION DE BARRIOS,l10n_co_base_location.zip_co_051059
450,SIN INFORMACION DE BARRIOS,l10n_co_base_location.zip_co_051070
451,SIN INFORMACION DE BARRIOS,l10n_co_base_location.zip_co_051077
452,SIN INFORMACION DE BARRIOS,l10n_co_base_location.zip_co_051410
453,SIN INFORMACION DE BARRIOS,l10n_co_base_location.zip_co_051417
454,SIN INFORMACION DE BARRIOS,l10n_co_base_location.zip_co_051420
455,SIN INFORMACION DE BARRIOS,l10n_co_base_location.zip_co_051427
456,SIN INFORMACION DE BARRIOS,l10n_co_base_location.zip_co_051430
457,SIN INFORMACION DE BARRIOS,l10n_co_base_location.zip_co_051437
458,SIN INFORMACION DE BARRIOS,l10n_co_base_location.zip_co_051440
459,SIN INFORMACION DE BARRIOS,l10n_co_base_location.zip_co_051447
460,SIN INFORMACION DE BARRIOS,l10n_co_base_location.zip_co_051448
461,SIN INFORMACION DE BARRIOS,l10n_co_base_location.zip_co_051450
462,SIN INFORMACION DE BARRIOS,l10n_co_base_location.zip_co_051457
463,SIN INFORMACION DE BARRIOS,l10n_co_base_location.zip_co_051460
464,SIN INFORMACION DE BARRIOS,l10n_co_base_location.zip_co_051467
465,SIN INFORMACION DE BARRIOS,l10n_co_base_location.zip_co_051468
466,SIN INFORMACION DE BARRIOS,l10n_co_base_location.zip_co_051810
467,SIN INFORMACION DE BARRIOS,l10n_co_base_location.zip_co_051817
468,SIN INFORMACION DE BARRIOS,l10n_co_base_location.zip_co_051818
469,SIN INFORMACION DE BARRIOS,l10n_co_base_location.zip_co_051820
470,SIN INFORMACION DE BARRIOS,l10n_co_base_location.zip_co_051827
471,SIN INFORMACION DE BARRIOS,l10n_co_base_location.zip_co_051830
472,SIN INFORMACION DE BARRIOS,l10n_co_base_location.zip_co_051837
473,SIN INFORMACION DE BARRIOS,l10n_co_base_location.zip_co_051838
474,SIN INFORMACION DE BARRIOS,l10n_co_base_location.zip_co_051840
475,SIN INFORMACION DE BARRIOS,l10n_co_base_location.zip_co_051847
476,SIN INFORMACION DE BARRIOS,l10n_co_base_location.zip_co_051850
477,SIN INFORMACION DE BARRIOS,l10n_co_base_location.zip_co_051857
478,SIN INFORMACION DE BARRIOS,l10n_co_base_location.zip_co_051858
479,SIN INFORMACION DE BARRIOS,l10n_co_base_location.zip_co_051860
480,SIN INFORMACION DE BARRIOS,l10n_co_base_location.zip_co_051867
481,SIN INFORMACION DE BARRIOS,l10n_co_base_location.zip_co_051868
482,SIN INFORMACION DE BARRIOS,l10n_co_base_location.zip_co_052010
483,SIN INFORMACION DE BARRIOS,l10n_co_base_location.zip_co_052017
484,SIN INFORMACION DE BARRIOS,l10n_co_base_location.zip_co_052018
485,SIN INFORMACION DE BARRIOS,l10n_co_base_location.zip_co_052020
486,SIN INFORMACION DE BARRIOS,l10n_co_base_location.zip_co_052027
487,SIN INFORMACION DE BARRIOS,l10n_co_base_location.zip_co_052030
488,SIN INFORMACION DE BARRIOS,l10n_co_base_location.zip_co_052037
489,SIN INFORMACION DE BARRIOS,l10n_co_base_location.zip_co_052038
490,SIN INFORMACION DE BARRIOS,l10n_co_base_location.zip_co_052040
491,SIN INFORMACION DE BARRIOS,l10n_co_base_location.zip_co_052047
492,SIN INFORMACION DE BARRIOS,l10n_co_base_location.zip_co_052050
493,SIN INFORMACION DE BARRIOS,l10n_co_base_location.zip_co_052057
494,SIN INFORMACION DE BARRIOS,l10n_co_base_location.zip_co_052060
495,SIN INFORMACION DE BARRIOS,l10n_co_base_location.zip_co_052067
496,SIN INFORMACION DE BARRIOS,l10n_co_base_location.zip_co_052068
497,SIN INFORMACION DE BARRIOS,l10n_co_base_location.zip_co_052070
498,SIN INFORMACION DE BARRIOS,l10n_co_base_location.zip_co_052077
499,SIN INFORMACION DE BARRIOS,l10n_co_base_location.zip_co_052078
500,SIN INFORMACION DE BARRIOS,l10n_co_base_location.zip_co_052079
501,SIN INFORMACION DE BARRIOS,l10n_co_base_location.zip_co_052410
502,SIN INFORMACION DE BARRIOS,l10n_co_base_location.zip_co_052417
503,SIN INFORMACION DE BARRIOS,l10n_co_base_location.zip_co_052418
504,SIN INFORMACION DE BARRIOS,l10n_co_base_location.zip_co_052420
505,SIN INFORMACION DE BARRIOS,l10n_co_base_location.zip_co_052427
506,SIN INFORMACION DE BARRIOS,l10n_co_base_location.zip_co_052428
507,20 DE JULIO,l10n_co_base_location.zip_co_052430
508,CASAS ROJAS,l10n_co_base_location.zip_co_052430
509,COMODATOS DE ARRIBA,l10n_co_base_location.zip_co_052430
510,CORNALIZA,l10n_co_base_location.zip_co_052430
511,EL BIJAO,l10n_co_base_location.zip_co_052430
512,EL PORVENIR,l10n_co_base_location.zip_co_052430
513,EL PROGRESO,l10n_co_base_location.zip_co_052430
514,LA ESMERALDA,l10n_co_base_location.zip_co_052430
515,LA FLORESTA,l10n_co_base_location.zip_co_052430
516,LA VEGA,l10n_co_base_location.zip_co_052430
517,LA VICTORIA,l10n_co_base_location.zip_co_052430
518,LAS DELICIAS,l10n_co_base_location.zip_co_052430
519,LAURELES,l10n_co_base_location.zip_co_052430
520,LOS ÁNGELES,l10n_co_base_location.zip_co_052430
521,METRÓPOLIS,l10n_co_base_location.zip_co_052430
522,MINEROS,l10n_co_base_location.zip_co_052430
523,NUEVA GRANADA,l10n_co_base_location.zip_co_052430
524,PORTUGAL,l10n_co_base_location.zip_co_052430
525,PROVIVIENDA,l10n_co_base_location.zip_co_052430
526,SAN JOSÉVILLA DE,l10n_co_base_location.zip_co_052430
527,SIN INFORMACION DE BARRIOS,l10n_co_base_location.zip_co_052437
528,CASA LOMA,l10n_co_base_location.zip_co_052438
529,SIN INFORMACION DE BARRIOS,l10n_co_base_location.zip_co_052440
530,SIN INFORMACION DE BARRIOS,l10n_co_base_location.zip_co_052447
531,SIN INFORMACION DE BARRIOS,l10n_co_base_location.zip_co_052448
532,SIN INFORMACION DE BARRIOS,l10n_co_base_location.zip_co_052450
533,SIN INFORMACION DE BARRIOS,l10n_co_base_location.zip_co_052457
534,SIN INFORMACION DE BARRIOS,l10n_co_base_location.zip_co_052458
535,SIN INFORMACION DE BARRIOS,l10n_co_base_location.zip_co_052460
536,SIN INFORMACION DE BARRIOS,l10n_co_base_location.zip_co_052467
537,SIN INFORMACION DE BARRIOS,l10n_co_base_location.zip_co_052468
538,SIN INFORMACION DE BARRIOS,l10n_co_base_location.zip_co_052810
539,SIN INFORMACION DE BARRIOS,l10n_co_base_location.zip_co_052817
540,SIN INFORMACION DE BARRIOS,l10n_co_base_location.zip_co_052818
541,SIN INFORMACION DE BARRIOS,l10n_co_base_location.zip_co_052820
542,SIN INFORMACION DE BARRIOS,l10n_co_base_location.zip_co_052827
543,SIN INFORMACION DE BARRIOS,l10n_co_base_location.zip_co_052828
544,SIN INFORMACION DE BARRIOS,l10n_co_base_location.zip_co_052830
545,SIN INFORMACION DE BARRIOS,l10n_co_base_location.zip_co_052837
546,SIN INFORMACION DE BARRIOS,l10n_co_base_location.zip_co_052840
547,SIN INFORMACION DE BARRIOS,l10n_co_base_location.zip_co_052847
548,SIN INFORMACION DE BARRIOS,l10n_co_base_location.zip_co_052848
549,SIN INFORMACION DE BARRIOS,l10n_co_base_location.zip_co_052850
550,SIN INFORMACION DE BARRIOS,l10n_co_base_location.zip_co_052857
551,SIN INFORMACION DE BARRIOS,l10n_co_base_location.zip_co_053010
552,SIN INFORMACION DE BARRIOS,l10n_co_base_location.zip_co_053017
553,SIN INFORMACION DE BARRIOS,l10n_co_base_location.zip_co_053020
554,SIN INFORMACION DE BARRIOS,l10n_co_base_location.zip_co_053027
555,SIN INFORMACION DE BARRIOS,l10n_co_base_location.zip_co_053028
556,SIN INFORMACION DE BARRIOS,l10n_co_base_location.zip_co_053030
557,SIN INFORMACION DE BARRIOS,l10n_co_base_location.zip_co_053037
558,SIN INFORMACION DE BARRIOS,l10n_co_base_location.zip_co_053040
559,SIN INFORMACION DE BARRIOS,l10n_co_base_location.zip_co_053047
560,SIN INFORMACION DE BARRIOS,l10n_co_base_location.zip_co_053048
561,SIN INFORMACION DE BARRIOS,l10n_co_base_location.zip_co_053050
562,SIN INFORMACION DE BARRIOS,l10n_co_base_location.zip_co_053057
563,SIN INFORMACION DE BARRIOS,l10n_co_base_location.zip_co_053410
564,SIN INFORMACION DE BARRIOS,l10n_co_base_location.zip_co_053417
565,SIN INFORMACION DE BARRIOS,l10n_co_base_location.zip_co_053418
566,SIN INFORMACION DE BARRIOS,l10n_co_base_location.zip_co_053420
567,SIN INFORMACION DE BARRIOS,l10n_co_base_location.zip_co_053427
568,SIN INFORMACION DE BARRIOS,l10n_co_base_location.zip_co_053428
569,SIN INFORMACION DE BARRIOS,l10n_co_base_location.zip_co_053430
570,SIN INFORMACION DE BARRIOS,l10n_co_base_location.zip_co_053437
571,SIN INFORMACION DE BARRIOS,l10n_co_base_location.zip_co_053440
572,SIN INFORMACION DE BARRIOS,l10n_co_base_location.zip_co_053447
573,SIN INFORMACION DE BARRIOS,l10n_co_base_location.zip_co_053448
574,SIN INFORMACION DE BARRIOS,l10n_co_base_location.zip_co_053450
575,SIN INFORMACION DE BARRIOS,l10n_co_base_location.zip_co_053457
576,SIN INFORMACION DE BARRIOS,l10n_co_base_location.zip_co_053460
577,SIN INFORMACION DE BARRIOS,l10n_co_base_location.zip_co_053467
578,SIN INFORMACION DE BARRIOS,l10n_co_base_location.zip_co_053810
579,SIN INFORMACION DE BARRIOS,l10n_co_base_location.zip_co_053817
580,SIN INFORMACION DE BARRIOS,l10n_co_base_location.zip_co_053820
581,SIN INFORMACION DE BARRIOS,l10n_co_base_location.zip_co_053827
582,SIN INFORMACION DE BARRIOS,l10n_co_base_location.zip_co_053830
583,SIN INFORMACION DE BARRIOS,l10n_co_base_location.zip_co_053837
584,SIN INFORMACION DE BARRIOS,l10n_co_base_location.zip_co_053838
585,SIN INFORMACION DE BARRIOS,l10n_co_base_location.zip_co_053840
586,SIN INFORMACION DE BARRIOS,l10n_co_base_location.zip_co_053847
587,SIN INFORMACION DE BARRIOS,l10n_co_base_location.zip_co_053850
588,SIN INFORMACION DE BARRIOS,l10n_co_base_location.zip_co_053857
589,SIN INFORMACION DE BARRIOS,l10n_co_base_location.zip_co_054010
590,SIN INFORMACION DE BARRIOS,l10n_co_base_location.zip_co_054017
591,SIN INFORMACION DE BARRIOS,l10n_co_base_location.zip_co_054018
592,SIN INFORMACION DE BARRIOS,l10n_co_base_location.zip_co_054020
593,SIN INFORMACION DE BARRIOS,l10n_co_base_location.zip_co_054027
594,SIN INFORMACION DE BARRIOS,l10n_co_base_location.zip_co_054028
595,BUENOS AIRES,l10n_co_base_location.zip_co_054030
596,CAMPO ALEGRE,l10n_co_base_location.zip_co_054030
597,CENTRO,l10n_co_base_location.zip_co_054030
598,DON BERNA,l10n_co_base_location.zip_co_054030
599,EL EDÉN,l10n_co_base_location.zip_co_054030
600,EL PROGRESO,l10n_co_base_location.zip_co_054030
601,FUNDADORES,l10n_co_base_location.zip_co_054030
602,LA ALHAMBRA,l10n_co_base_location.zip_co_054030
603,LA BOMBA,l10n_co_base_location.zip_co_054030
604,LA MARÍA,l10n_co_base_location.zip_co_054030
605,OSPINA,l10n_co_base_location.zip_co_054030
606,SAN JOSÉ,l10n_co_base_location.zip_co_054030
607,TAHAMIES,l10n_co_base_location.zip_co_054030
608,VILLA DE LA MOD,l10n_co_base_location.zip_co_054030
609,VILLA MARÍA,l10n_co_base_location.zip_co_054030
610,SIN INFORMACION DE BARRIOS,l10n_co_base_location.zip_co_054037
611,SIN INFORMACION DE BARRIOS,l10n_co_base_location.zip_co_054038
612,ALTO DEL MELIO,l10n_co_base_location.zip_co_054040
613,CENTRO,l10n_co_base_location.zip_co_054040
614,CUATRO ESQUINAS,l10n_co_base_location.zip_co_054040
615,EL CHITE,l10n_co_base_location.zip_co_054040
616,EL FARO,l10n_co_base_location.zip_co_054040
617,GUALANDAY,l10n_co_base_location.zip_co_054040
618,HOSPITAL,l10n_co_base_location.zip_co_054040
619,ORIENTE,l10n_co_base_location.zip_co_054040
620,SAN ANTONIO,l10n_co_base_location.zip_co_054040
621,SANTA ANA,l10n_co_base_location.zip_co_054040
622,SIN INFORMACION DE BARRIOS,l10n_co_base_location.zip_co_054047
623,SIN INFORMACION DE BARRIOS,l10n_co_base_location.zip_co_054048
624,SIN INFORMACION DE BARRIOS,l10n_co_base_location.zip_co_054050
625,SIN INFORMACION DE BARRIOS,l10n_co_base_location.zip_co_054057
626,SIN INFORMACION DE BARRIOS,l10n_co_base_location.zip_co_054058
627,SIN INFORMACION DE BARRIOS,l10n_co_base_location.zip_co_054410
628,SIN INFORMACION DE BARRIOS,l10n_co_base_location.zip_co_054417
629,SIN INFORMACION DE BARRIOS,l10n_co_base_location.zip_co_054420
630,SIN INFORMACION DE BARRIOS,l10n_co_base_location.zip_co_054427
631,SIN INFORMACION DE BARRIOS,l10n_co_base_location.zip_co_054428
632,SIN INFORMACION DE BARRIOS,l10n_co_base_location.zip_co_054430
633,SIN INFORMACION DE BARRIOS,l10n_co_base_location.zip_co_054437
634,SIN INFORMACION DE BARRIOS,l10n_co_base_location.zip_co_054438
635,SIN INFORMACION DE BARRIOS,l10n_co_base_location.zip_co_054440
636,SIN INFORMACION DE BARRIOS,l10n_co_base_location.zip_co_054447
637,SIN INFORMACION DE BARRIOS,l10n_co_base_location.zip_co_054448
638,SIN INFORMACION DE BARRIOS,l10n_co_base_location.zip_co_054450
639,SIN INFORMACION DE BARRIOS,l10n_co_base_location.zip_co_054457
640,SIN INFORMACION DE BARRIOS,l10n_co_base_location.zip_co_054810
641,SIN INFORMACION DE BARRIOS,l10n_co_base_location.zip_co_054817
642,SIN INFORMACION DE BARRIOS,l10n_co_base_location.zip_co_054818
643,SIN INFORMACION DE BARRIOS,l10n_co_base_location.zip_co_054820
644,SIN INFORMACION DE BARRIOS,l10n_co_base_location.zip_co_054827
645,SIN INFORMACION DE BARRIOS,l10n_co_base_location.zip_co_054828
646,SIN INFORMACION DE BARRIOS,l10n_co_base_location.zip_co_054829
647,SIN INFORMACION DE BARRIOS,l10n_co_base_location.zip_co_054830
648,SIN INFORMACION DE BARRIOS,l10n_co_base_location.zip_co_054837
649,SIN INFORMACION DE BARRIOS,l10n_co_base_location.zip_co_054838
650,SIN INFORMACION DE BARRIOS,l10n_co_base_location.zip_co_054840
651,SIN INFORMACION DE BARRIOS,l10n_co_base_location.zip_co_054847
652,SIN INFORMACION DE BARRIOS,l10n_co_base_location.zip_co_054848
653,AREA DE EXPANSIÓN URBANA LA FLORESTA,l10n_co_base_location.zip_co_055010
654,AREA DE EXPANSIÓN URBANA OFIR,l10n_co_base_location.zip_co_055010
655,CENTRO,l10n_co_base_location.zip_co_055010
656,CUATRO ESQUINAS,l10n_co_base_location.zip_co_055010
657,FRAY EUGENIO,l10n_co_base_location.zip_co_055010
658,PAYUCO,l10n_co_base_location.zip_co_055010
659,SAN CAYETANO,l10n_co_base_location.zip_co_055010
660,SIN INFORMACION DE BARRIOS,l10n_co_base_location.zip_co_055017
661,SIN INFORMACION DE BARRIOS,l10n_co_base_location.zip_co_055018
662,SIN INFORMACION DE BARRIOS,l10n_co_base_location.zip_co_055020
663,SIN INFORMACION DE BARRIOS,l10n_co_base_location.zip_co_055027
664,SIN INFORMACION DE BARRIOS,l10n_co_base_location.zip_co_055028
665,SIN INFORMACION DE BARRIOS,l10n_co_base_location.zip_co_055030
666,SIN INFORMACION DE BARRIOS,l10n_co_base_location.zip_co_055037
667,SIN INFORMACION DE BARRIOS,l10n_co_base_location.zip_co_055038
668,SIN INFORMACION DE BARRIOS,l10n_co_base_location.zip_co_055040
669,SIN INFORMACION DE BARRIOS,l10n_co_base_location.zip_co_055047
670,SIN INFORMACION DE BARRIOS,l10n_co_base_location.zip_co_055048
671,SIN INFORMACION DE BARRIOS,l10n_co_base_location.zip_co_055050
672,SIN INFORMACION DE BARRIOS,l10n_co_base_location.zip_co_055057
673,SIN INFORMACION DE BARRIOS,l10n_co_base_location.zip_co_055058
674,SIN INFORMACION DE BARRIOS,l10n_co_base_location.zip_co_055060
675,SIN INFORMACION DE BARRIOS,l10n_co_base_location.zip_co_055067
676,SIN INFORMACION DE BARRIOS,l10n_co_base_location.zip_co_055068
677,SIN INFORMACION DE BARRIOS,l10n_co_base_location.zip_co_055070
678,SIN INFORMACION DE BARRIOS,l10n_co_base_location.zip_co_055077
679,SIN INFORMACION DE BARRIOS,l10n_co_base_location.zip_co_055078
680,BALCONES DE SEVILLA,l10n_co_base_location.zip_co_055410
681,CALATRAVA,l10n_co_base_location.zip_co_055410
682,EL PROGRESO,l10n_co_base_location.zip_co_055410
683,FERRARA,l10n_co_base_location.zip_co_055410
684,LA ALDEA,l10n_co_base_location.zip_co_055410
685,LOMA LINDA,l10n_co_base_location.zip_co_055410
686,SANTA MARÍA NO 1,l10n_co_base_location.zip_co_055410
687,TERRANOVA,l10n_co_base_location.zip_co_055410
688,LA ESMERALDA,l10n_co_base_location.zip_co_055411
689,SAN FERNANDO,l10n_co_base_location.zip_co_055411
690,SANTA MARÍA NO 2,l10n_co_base_location.zip_co_055411
691,SANTA MARÍA NO 3,l10n_co_base_location.zip_co_055411
692,SIMÓN BOLÍVAR,l10n_co_base_location.zip_co_055411
693,ARAUCARIA,l10n_co_base_location.zip_co_055412
694,ARTEX,l10n_co_base_location.zip_co_055412
695,ASTURIAS,l10n_co_base_location.zip_co_055412
696,CENTRO,l10n_co_base_location.zip_co_055412
697,EL ROSARIO,l10n_co_base_location.zip_co_055412
698,EL TABLAZO,l10n_co_base_location.zip_co_055412
699,FÁTIMA,l10n_co_base_location.zip_co_055412
700,LA GLORIA,l10n_co_base_location.zip_co_055412
701,LA INDEPENDENCIA,l10n_co_base_location.zip_co_055412
702,LA UNIÓN,l10n_co_base_location.zip_co_055412
703,LAS ACACIAS,l10n_co_base_location.zip_co_055412
704,LAS AMÉRICAS,l10n_co_base_location.zip_co_055412
705,LAS MERCEDES,l10n_co_base_location.zip_co_055412
706,LOS NARANJOS,l10n_co_base_location.zip_co_055412
707,PLAYA RICA,l10n_co_base_location.zip_co_055412
708,SAN ISIDRO,l10n_co_base_location.zip_co_055412
709,SAN JOSÉ,l10n_co_base_location.zip_co_055412
710,SAN JUAN BAUTISTA,l10n_co_base_location.zip_co_055412
711,SANTA MARÍA LA NUEVA,l10n_co_base_location.zip_co_055412
712,SATEXCO,l10n_co_base_location.zip_co_055412
713,VILLA PAULA,l10n_co_base_location.zip_co_055412
714,19 DE ABRIL,l10n_co_base_location.zip_co_055413
715,CAMPAROLA,l10n_co_base_location.zip_co_055413
716,DITAIRES,l10n_co_base_location.zip_co_055413
717,EL PALMAR,l10n_co_base_location.zip_co_055413
718,GLORIETA PILSEN,l10n_co_base_location.zip_co_055413
719,LA FINCA,l10n_co_base_location.zip_co_055413
720,LA PALMA,l10n_co_base_location.zip_co_055413
721,LAS BRISAS,l10n_co_base_location.zip_co_055413
722,LAS MARGARITAS,l10n_co_base_location.zip_co_055413
723,MALTA,l10n_co_base_location.zip_co_055413
724,MONTESACRO,l10n_co_base_location.zip_co_055413
725,MONTEVERDE,l10n_co_base_location.zip_co_055413
726,PILSEN,l10n_co_base_location.zip_co_055413
727,SAMARIA,l10n_co_base_location.zip_co_055413
728,SAMARIA ROBLES DEL SUR,l10n_co_base_location.zip_co_055413
729,SAN ANTONIO,l10n_co_base_location.zip_co_055413
730,SAN FRANCISCO,l10n_co_base_location.zip_co_055413
731,SAN GABRIEL,l10n_co_base_location.zip_co_055413
732,SAN JAVIER,l10n_co_base_location.zip_co_055413
733,SAN PÍO X,l10n_co_base_location.zip_co_055413
734,SANTA ANA,l10n_co_base_location.zip_co_055413
735,SIN INFORMACION DE BARRIOS,l10n_co_base_location.zip_co_055417
736,ALTO DE MISAEL,l10n_co_base_location.zip_co_055420
737,EL CHOCHO,l10n_co_base_location.zip_co_055420
738,EL ESMERALDAL,l10n_co_base_location.zip_co_055420
739,LA INMACULADA,l10n_co_base_location.zip_co_055420
740,LA PRADERA,l10n_co_base_location.zip_co_055420
741,LA SEBASTIANA,l10n_co_base_location.zip_co_055420
742,LAS FLORES,l10n_co_base_location.zip_co_055420
743,LAS ORQUÍDEAS,l10n_co_base_location.zip_co_055420
744,LOMA DE LAS BRUJAS,l10n_co_base_location.zip_co_055420
745,LOMA DEL ATRAVESADO,l10n_co_base_location.zip_co_055420
746,LOS NARANJOS,l10n_co_base_location.zip_co_055420
747,MESA,l10n_co_base_location.zip_co_055420
748,SAN JOSÉ,l10n_co_base_location.zip_co_055420
749,URIBE ÁNGEL,l10n_co_base_location.zip_co_055420
750,ZÚÑIGA,l10n_co_base_location.zip_co_055420
751,EL CHINGUÍ,l10n_co_base_location.zip_co_055421
752,EL DORADO,l10n_co_base_location.zip_co_055421
753,EL SALADO,l10n_co_base_location.zip_co_055421
754,EL TRIANÓN,l10n_co_base_location.zip_co_055421
755,LA MINA,l10n_co_base_location.zip_co_055421
756,LA PAZ,l10n_co_base_location.zip_co_055421
757,LAS ANTILLAS,l10n_co_base_location.zip_co_055421
758,LOMA DEL BARRO,l10n_co_base_location.zip_co_055421
759,SAN RAFAEL,l10n_co_base_location.zip_co_055421
760,ALCALÁ,l10n_co_base_location.zip_co_055421
761,BOSQUES DE ZÚÑIGA,l10n_co_base_location.zip_co_055421
762,BUCAREST,l10n_co_base_location.zip_co_055421
763,CENTRO,l10n_co_base_location.zip_co_055421
764,EL PORTAL,l10n_co_base_location.zip_co_055421
765,JARDÍNES,l10n_co_base_location.zip_co_055421
766,ALCALÁ,l10n_co_base_location.zip_co_055422
767,BOSQUES DE ZÚÑIGA,l10n_co_base_location.zip_co_055422
768,BUCAREST,l10n_co_base_location.zip_co_055422
769,CENTRO,l10n_co_base_location.zip_co_055422
770,EL PORTAL,l10n_co_base_location.zip_co_055422
771,JARDÍNES,l10n_co_base_location.zip_co_055422
772,LA MAGNOLIA,l10n_co_base_location.zip_co_055422
773,LA PRIMAVERA,l10n_co_base_location.zip_co_055422
774,LA SANTA CRUZ,l10n_co_base_location.zip_co_055422
775,LAS CASITAS,l10n_co_base_location.zip_co_055422
776,LAS VEGAS,l10n_co_base_location.zip_co_055422
777,MILÁN VALLEJUELOS,l10n_co_base_location.zip_co_055422
778,OBRERO,l10n_co_base_location.zip_co_055422
779,PONTEVEDRA,l10n_co_base_location.zip_co_055422
780,SAN MARCOS,l10n_co_base_location.zip_co_055422
781,VILLAGRANDE,l10n_co_base_location.zip_co_055422
782,SIN INFORMACION DE BARRIOS,l10n_co_base_location.zip_co_055427
783,SIN INFORMACION DE BARRIOS,l10n_co_base_location.zip_co_055428
784,SIN INFORMACION DE BARRIOS,l10n_co_base_location.zip_co_055430
785,SIN INFORMACION DE BARRIOS,l10n_co_base_location.zip_co_055437
786,SIN INFORMACION DE BARRIOS,l10n_co_base_location.zip_co_055438
787,SIN INFORMACION DE BARRIOS,l10n_co_base_location.zip_co_055440
788,SIN INFORMACION DE BARRIOS,l10n_co_base_location.zip_co_055447
789,SIN INFORMACION DE BARRIOS,l10n_co_base_location.zip_co_055448
790,ALIADAS DEL SUR,l10n_co_base_location.zip_co_055450
791,ANCON SUR,l10n_co_base_location.zip_co_055450
792,BETANIA,l10n_co_base_location.zip_co_055450
793,CALLE DEL BANCO,l10n_co_base_location.zip_co_055450
794,CALLE LARGA,l10n_co_base_location.zip_co_055450
795,EL CARMELO,l10n_co_base_location.zip_co_055450
796,ENTREAMIGOS,l10n_co_base_location.zip_co_055450
797,HOLANDA,l10n_co_base_location.zip_co_055450
798,LA BARQUEREÑA,l10n_co_base_location.zip_co_055450
799,LA FLORIDA,l10n_co_base_location.zip_co_055450
800,LAGOS DE LA DOCTORA,l10n_co_base_location.zip_co_055450
801,LAS CASITAS,l10n_co_base_location.zip_co_055450
802,LOS ALCÁZARES,l10n_co_base_location.zip_co_055450
803,LOS ARIAS,l10n_co_base_location.zip_co_055450
804,MANUEL RESTREPO,l10n_co_base_location.zip_co_055450
805,MARÍA AUXILIADORA,l10n_co_base_location.zip_co_055450
806,NUESTRA SEÑORA DE LOS DOLORES,l10n_co_base_location.zip_co_055450
807,SIN INFORMACION DE BARRIOS,l10n_co_base_location.zip_co_055457
808,ANCON SAN MARTÍN,l10n_co_base_location.zip_co_055460
809,BELLAVISTA,l10n_co_base_location.zip_co_055460
810,CAMILO TORRES,l10n_co_base_location.zip_co_055460
811,CAQUETÁ,l10n_co_base_location.zip_co_055460
812,CENTRO,l10n_co_base_location.zip_co_055460
813,CHILE,l10n_co_base_location.zip_co_055460
814,EL DORADO,l10n_co_base_location.zip_co_055460
815,EL PEDRERO,l10n_co_base_location.zip_co_055460
816,ESCOBAR,l10n_co_base_location.zip_co_055460
817,HORIZONTES,l10n_co_base_location.zip_co_055460
818,LA CHINCA,l10n_co_base_location.zip_co_055460
819,LA FERREIRA,l10n_co_base_location.zip_co_055460
820,LA FERREIRA I,l10n_co_base_location.zip_co_055460
821,LA OSPINA,l10n_co_base_location.zip_co_055460
822,LAS BRISAS,l10n_co_base_location.zip_co_055460
823,MONTERREY,l10n_co_base_location.zip_co_055460
824,PRIMAVERA,l10n_co_base_location.zip_co_055460
825,QUEBRADA GRANDE,l10n_co_base_location.zip_co_055460
826,SAN AGUSTÍN,l10n_co_base_location.zip_co_055460
827,SAN ANDRÉS,l10n_co_base_location.zip_co_055460
828,SAN CAYETANO,l10n_co_base_location.zip_co_055460
829,SA,l10n_co_base_location.zip_co_055460
830,SIN INFORMACION DE BARRIOS,l10n_co_base_location.zip_co_055467
831,SIN INFORMACION DE BARRIOS,l10n_co_base_location.zip_co_055468
832,SIN INFORMACION DE BARRIOS,l10n_co_base_location.zip_co_055810
833,SIN INFORMACION DE BARRIOS,l10n_co_base_location.zip_co_055817
834,SIN INFORMACION DE BARRIOS,l10n_co_base_location.zip_co_055818
835,SIN INFORMACION DE BARRIOS,l10n_co_base_location.zip_co_055820
836,SIN INFORMACION DE BARRIOS,l10n_co_base_location.zip_co_055827
837,SIN INFORMACION DE BARRIOS,l10n_co_base_location.zip_co_055830
838,SIN INFORMACION DE BARRIOS,l10n_co_base_location.zip_co_055837
839,SIN INFORMACION DE BARRIOS,l10n_co_base_location.zip_co_055840
840,SIN INFORMACION DE BARRIOS,l10n_co_base_location.zip_co_055847
841,SIN INFORMACION DE BARRIOS,l10n_co_base_location.zip_co_055848
842,SIN INFORMACION DE BARRIOS,l10n_co_base_location.zip_co_055850
843,SIN INFORMACION DE BARRIOS,l10n_co_base_location.zip_co_055857
844,SIN INFORMACION DE BARRIOS,l10n_co_base_location.zip_co_055858
845,SIN INFORMACION DE BARRIOS,l10n_co_base_location.zip_co_055860
846,SIN INFORMACION DE BARRIOS,l10n_co_base_location.zip_co_055867
847,SIN INFORMACION DE BARRIOS,l10n_co_base_location.zip_co_056010
848,SIN INFORMACION DE BARRIOS,l10n_co_base_location.zip_co_056017
849,SIN INFORMACION DE BARRIOS,l10n_co_base_location.zip_co_056020
850,SIN INFORMACION DE BARRIOS,l10n_co_base_location.zip_co_056027
851,SIN INFORMACION DE BARRIOS,l10n_co_base_location.zip_co_056028
852,SIN INFORMACION DE BARRIOS,l10n_co_base_location.zip_co_056030
853,SIN INFORMACION DE BARRIOS,l10n_co_base_location.zip_co_056037
854,SIN INFORMACION DE BARRIOS,l10n_co_base_location.zip_co_056040
855,SIN INFORMACION DE BARRIOS,l10n_co_base_location.zip_co_056047
856,SIN INFORMACION DE BARRIOS,l10n_co_base_location.zip_co_056050
857,SIN INFORMACION DE BARRIOS,l10n_co_base_location.zip_co_056057
858,23 DE MAYO,l10n_co_base_location.zip_co_056060
859,ALAMEDA,l10n_co_base_location.zip_co_056060
860,AVENIDA MEDELLÍN,l10n_co_base_location.zip_co_056060
861,BRISAS DE SAN JUAN,l10n_co_base_location.zip_co_056060
862,CIUDAD CORID,l10n_co_base_location.zip_co_056060
863,EL CENTRO,l10n_co_base_location.zip_co_056060
864,EL HOYO,l10n_co_base_location.zip_co_056060
865,LA AGUADA,l10n_co_base_location.zip_co_056060
866,LA CUCHILLA,l10n_co_base_location.zip_co_056060
867,MARÍA AUXILIADORA,l10n_co_base_location.zip_co_056060
868,PLAZA DE FERIAS,l10n_co_base_location.zip_co_056060
869,RÍO SAN JUAN,l10n_co_base_location.zip_co_056060
870,SAN FRANCISCO,l10n_co_base_location.zip_co_056060
871,SAN LUIS,l10n_co_base_location.zip_co_056060
872,SAN PEDRO,l10n_co_base_location.zip_co_056060
873,SECTOR FERROMESA,l10n_co_base_location.zip_co_056060
874,SECTOR LA CÁRCEL,l10n_co_base_location.zip_co_056060
875,SECTOR TRONCAL D,l10n_co_base_location.zip_co_056060
876,LAS MERCEDES,l10n_co_base_location.zip_co_056067
877,SIN INFORMACION DE BARRIOS,l10n_co_base_location.zip_co_056068
878,SIN INFORMACION DE BARRIOS,l10n_co_base_location.zip_co_056070
879,SIN INFORMACION DE BARRIOS,l10n_co_base_location.zip_co_056077
880,SIN INFORMACION DE BARRIOS,l10n_co_base_location.zip_co_056410
881,SIN INFORMACION DE BARRIOS,l10n_co_base_location.zip_co_056417
882,SIN INFORMACION DE BARRIOS,l10n_co_base_location.zip_co_056420
883,SIN INFORMACION DE BARRIOS,l10n_co_base_location.zip_co_056427
884,SIN INFORMACION DE BARRIOS,l10n_co_base_location.zip_co_056430
885,SIN INFORMACION DE BARRIOS,l10n_co_base_location.zip_co_056437
886,SIN INFORMACION DE BARRIOS,l10n_co_base_location.zip_co_056438
887,SIN INFORMACION DE BARRIOS,l10n_co_base_location.zip_co_056440
888,SIN INFORMACION DE BARRIOS,l10n_co_base_location.zip_co_056447
889,SIN INFORMACION DE BARRIOS,l10n_co_base_location.zip_co_056450
890,SIN INFORMACION DE BARRIOS,l10n_co_base_location.zip_co_056457
891,SIN INFORMACION DE BARRIOS,l10n_co_base_location.zip_co_056460
892,SIN INFORMACION DE BARRIOS,l10n_co_base_location.zip_co_056467
893,SIN INFORMACION DE BARRIOS,l10n_co_base_location.zip_co_056468
894,SIN INFORMACION DE BARRIOS,l10n_co_base_location.zip_co_056470
895,SIN INFORMACION DE BARRIOS,l10n_co_base_location.zip_co_056477
896,SIN INFORMACION DE BARRIOS,l10n_co_base_location.zip_co_056478
897,SIN INFORMACION DE BARRIOS,l10n_co_base_location.zip_co_056810
898,SIN INFORMACION DE BARRIOS,l10n_co_base_location.zip_co_056817
899,SIN INFORMACION DE BARRIOS,l10n_co_base_location.zip_co_056818
900,SIN INFORMACION DE BARRIOS,l10n_co_base_location.zip_co_056820
901,SIN INFORMACION DE BARRIOS,l10n_co_base_location.zip_co_056827
902,SIN INFORMACION DE BARRIOS,l10n_co_base_location.zip_co_056828
903,SIN INFORMACION DE BARRIOS,l10n_co_base_location.zip_co_056830
904,SIN INFORMACION DE BARRIOS,l10n_co_base_location.zip_co_056837
905,SIN INFORMACION DE BARRIOS,l10n_co_base_location.zip_co_056838
906,SIN INFORMACION DE BARRIOS,l10n_co_base_location.zip_co_056840
907,SIN INFORMACION DE BARRIOS,l10n_co_base_location.zip_co_056847
908,SIN INFORMACION DE BARRIOS,l10n_co_base_location.zip_co_056850
909,SIN INFORMACION DE BARRIOS,l10n_co_base_location.zip_co_056857
910,SIN INFORMACION DE BARRIOS,l10n_co_base_location.zip_co_056858
911,SIN INFORMACION DE BARRIOS,l10n_co_base_location.zip_co_056860
912,SIN INFORMACION DE BARRIOS,l10n_co_base_location.zip_co_056867
913,SIN INFORMACION DE BARRIOS,l10n_co_base_location.zip_co_056868
914,SIN INFORMACION DE BARRIOS,l10n_co_base_location.zip_co_057010
915,SIN INFORMACION DE BARRIOS,l10n_co_base_location.zip_co_057017
916,SIN INFORMACION DE BARRIOS,l10n_co_base_location.zip_co_057018
917,SIN INFORMACION DE BARRIOS,l10n_co_base_location.zip_co_057020
918,SIN INFORMACION DE BARRIOS,l10n_co_base_location.zip_co_057027
919,SIN INFORMACION DE BARRIOS,l10n_co_base_location.zip_co_057028
920,SIN INFORMACION DE BARRIOS,l10n_co_base_location.zip_co_057030
921,SIN INFORMACION DE BARRIOS,l10n_co_base_location.zip_co_057037
922,SIN INFORMACION DE BARRIOS,l10n_co_base_location.zip_co_057038
923,SIN INFORMACION DE BARRIOS,l10n_co_base_location.zip_co_057040
924,SIN INFORMACION DE BARRIOS,l10n_co_base_location.zip_co_057047
925,SIN INFORMACION DE BARRIOS,l10n_co_base_location.zip_co_057050
926,SIN INFORMACION DE BARRIOS,l10n_co_base_location.zip_co_057057
927,SIN INFORMACION DE BARRIOS,l10n_co_base_location.zip_co_057058
928,SIN INFORMACION DE BARRIOS,l10n_co_base_location.zip_co_057060
929,SIN INFORMACION DE BARRIOS,l10n_co_base_location.zip_co_057067
930,SIN INFORMACION DE BARRIOS,l10n_co_base_location.zip_co_057068
931,SIN INFORMACION DE BARRIOS,l10n_co_base_location.zip_co_057410
932,SIN INFORMACION DE BARRIOS,l10n_co_base_location.zip_co_057417
933,SIN INFORMACION DE BARRIOS,l10n_co_base_location.zip_co_057418
934,SIN INFORMACION DE BARRIOS,l10n_co_base_location.zip_co_057420
935,SIN INFORMACION DE BARRIOS,l10n_co_base_location.zip_co_057427
936,SIN INFORMACION DE BARRIOS,l10n_co_base_location.zip_co_057428
937,SIN INFORMACION DE BARRIOS,l10n_co_base_location.zip_co_057430
938,SIN INFORMACION DE BARRIOS,l10n_co_base_location.zip_co_057437
939,SIN INFORMACION DE BARRIOS,l10n_co_base_location.zip_co_057438
940,SIN INFORMACION DE BARRIOS,l10n_co_base_location.zip_co_057440
941,SIN INFORMACION DE BARRIOS,l10n_co_base_location.zip_co_057447
942,SIN INFORMACION DE BARRIOS,l10n_co_base_location.zip_co_057450
943,SIN INFORMACION DE BARRIOS,l10n_co_base_location.zip_co_057457
944,SIN INFORMACION DE BARRIOS,l10n_co_base_location.zip_co_057458
945,SIN INFORMACION DE BARRIOS,l10n_co_base_location.zip_co_057460
946,SIN INFORMACION DE BARRIOS,l10n_co_base_location.zip_co_057467
947,SIN INFORMACION DE BARRIOS,l10n_co_base_location.zip_co_057810
948,SIN INFORMACION DE BARRIOS,l10n_co_base_location.zip_co_057817
949,SIN INFORMACION DE BARRIOS,l10n_co_base_location.zip_co_057820
950,SIN INFORMACION DE BARRIOS,l10n_co_base_location.zip_co_057827
951,SIN INFORMACION DE BARRIOS,l10n_co_base_location.zip_co_057828
952,SIN INFORMACION DE BARRIOS,l10n_co_base_location.zip_co_057829
953,SIN INFORMACION DE BARRIOS,l10n_co_base_location.zip_co_057830
954,SIN INFORMACION DE BARRIOS,l10n_co_base_location.zip_co_057837
955,SIN INFORMACION DE BARRIOS,l10n_co_base_location.zip_co_057838
956,SIN INFORMACION DE BARRIOS,l10n_co_base_location.zip_co_057839
957,SIN INFORMACION DE BARRIOS,l10n_co_base_location.zip_co_057840
958,SIN INFORMACION DE BARRIOS,l10n_co_base_location.zip_co_057841
959,SIN INFORMACION DE BARRIOS,l10n_co_base_location.zip_co_057847
960,SIN INFORMACION DE BARRIOS,l10n_co_base_location.zip_co_057850
961,SIN INFORMACION DE BARRIOS,l10n_co_base_location.zip_co_057857
962,SIN INFORMACION DE BARRIOS,l10n_co_base_location.zip_co_057858
963,SIN INFORMACION DE BARRIOS,l10n_co_base_location.zip_co_057860
964,SIN INFORMACION DE BARRIOS,l10n_co_base_location.zip_co_057867
965,SIN INFORMACION DE BARRIOS,l10n_co_base_location.zip_co_057868
966,SIN INFORMACION DE BARRIOS,l10n_co_base_location.zip_co_057869
967,SIN INFORMACION DE BARRIOS,l10n_co_base_location.zip_co_057870
968,SIN INFORMACION DE BARRIOS,l10n_co_base_location.zip_co_057877
969,SIN INFORMACION DE BARRIOS,l10n_co_base_location.zip_co_057878
970,ESCUELA DE CABALLERÍA I,l10n_co_base_location.zip_co_110111
971,ESCUELA DE CABALLERÍA II,l10n_co_base_location.zip_co_110111
972,ESCUELA DE INFANTERÍA,l10n_co_base_location.zip_co_110111
973,MOLINOS NORTE,l10n_co_base_location.zip_co_110111
974,PÁRAMO,l10n_co_base_location.zip_co_110111
975,PÁRAMO URBANO II,l10n_co_base_location.zip_co_110111
976,PÁRAMO URBANO IV,l10n_co_base_location.zip_co_110111
977,RINCÓN DEL CHICÓ,l10n_co_base_location.zip_co_110111
978,SAN PATRICIO,l10n_co_base_location.zip_co_110111
979,SANTA ANA,l10n_co_base_location.zip_co_110111
980,SANTA ANA OCCIDENTAL,l10n_co_base_location.zip_co_110111
981,SANTA BIBIANA,l10n_co_base_location.zip_co_110111
982,SANTA BÁRBARA CENTRAL,l10n_co_base_location.zip_co_110111
983,SANTA BÁRBARA OCCID,l10n_co_base_location.zip_co_110111
984,ACACIAS USAQUEN,l10n_co_base_location.zip_co_110121
985,BELLA SUIZA,l10n_co_base_location.zip_co_110121
986,BOSQUE DE PINOS I,l10n_co_base_location.zip_co_110121
987,CEDRITOS,l10n_co_base_location.zip_co_110121
988,CEDRO NARVAEZ,l10n_co_base_location.zip_co_110121
989,COUNTRY CLUB,l10n_co_base_location.zip_co_110121
990,EL CONTADOR,l10n_co_base_location.zip_co_110121
991,GINEBRA,l10n_co_base_location.zip_co_110121
992,LA CALLEJA,l10n_co_base_location.zip_co_110121
993,LA CAROLINA,l10n_co_base_location.zip_co_110121
994,LISBOA,l10n_co_base_location.zip_co_110121
995,LOS CEDROS,l10n_co_base_location.zip_co_110121
996,LOS CEDROS ORIENTAL,l10n_co_base_location.zip_co_110121
997,PÁRAMO URBANO I,l10n_co_base_location.zip_co_110121
998,SAN GABRIEL NORTE,l10n_co_base_location.zip_co_110121
999,BARRANCAS,l10n_co_base_location.zip_co_110131
1000,BARRANCAS NORTE,l10n_co_base_location.zip_co_110131
1001,BARRANCAS ORIENTAL,l10n_co_base_location.zip_co_110131
1002,BOSQUE DE PINOS,l10n_co_base_location.zip_co_110131
1003,BOSQUE DE PINOS III,l10n_co_base_location.zip_co_110131
1004,CAOBOS SALAZAR,l10n_co_base_location.zip_co_110131
1005,CEDRO SALAZAR,l10n_co_base_location.zip_co_110131
1006,EL TOBERÍN,l10n_co_base_location.zip_co_110131
1007,ESTRELLA DEL NORTE,l10n_co_base_location.zip_co_110131
1008,LA CITA,l10n_co_base_location.zip_co_110131
1009,LA LIBERIA,l10n_co_base_location.zip_co_110131
1010,LA PRADERA NORTE,l10n_co_base_location.zip_co_110131
1011,LAS MARGARITAS,l10n_co_base_location.zip_co_110131
1012,LAS ORQUÍDEAS,l10n_co_base_location.zip_co_110131
1013,SAN CRISTÓBAL NORTE,l10n_co_base_location.zip_co_110131
1014,SANTA CECILIA N,l10n_co_base_location.zip_co_110131
1015,BUENAVISTA,l10n_co_base_location.zip_co_110141
1016,CANAIMA,l10n_co_base_location.zip_co_110141
1017,EL CEREZO,l10n_co_base_location.zip_co_110141
1018,EL REDIL,l10n_co_base_location.zip_co_110141
1019,EL ROCÍO NORTE,l10n_co_base_location.zip_co_110141
1020,EL VERVENAL,l10n_co_base_location.zip_co_110141
1021,HORIZONTES NORTE,l10n_co_base_location.zip_co_110141
1022,LA ESTRELLITA,l10n_co_base_location.zip_co_110141
1023,LA ESTRELLITA I,l10n_co_base_location.zip_co_110141
1024,LA GRANJA NORTE,l10n_co_base_location.zip_co_110141
1025,LA URIBE,l10n_co_base_location.zip_co_110141
1026,MIRADOR DEL NORTE,l10n_co_base_location.zip_co_110141
1027,SAN ANTONIO NOROCCIDENTAL,l10n_co_base_location.zip_co_110141
1028,SAN ANTONIO NORTE,l10n_co_base_location.zip_co_110141
1029,SAN JOSÉ DE USAQUÉN,l10n_co_base_location.zip_co_110141
1030,TIBABITA,l10n_co_base_location.zip_co_110141
1031,TIBABITA I,l10n_co_base_location.zip_co_110141
1032,TORCA I,l10n_co_base_location.zip_co_110151
1033,TORCA II,l10n_co_base_location.zip_co_110151
1034,TORCA RURAL I,l10n_co_base_location.zip_co_110151
1035,TORCA RURAL II,l10n_co_base_location.zip_co_110151
1036,LA ESPERANZA,l10n_co_base_location.zip_co_110211
1037,PÁRAMO,l10n_co_base_location.zip_co_110211
1038,PÁRAMO I,l10n_co_base_location.zip_co_110211
1039,PÁRAMO II,l10n_co_base_location.zip_co_110211
1040,PÁRAMO URBANO,l10n_co_base_location.zip_co_110211
1041,PÁRAMO URBANO III,l10n_co_base_location.zip_co_110211
1042,SAN ISIDRO,l10n_co_base_location.zip_co_110211
1043,SAN ISIDRO RURAL,l10n_co_base_location.zip_co_110211
1044,SAN LUIS ALATOS DEL CABO,l10n_co_base_location.zip_co_110211
1045,ANTIGUO COUNTRY,l10n_co_base_location.zip_co_110221
1046,BELLAVISTA,l10n_co_base_location.zip_co_110221
1047,CHICÓ NORTE,l10n_co_base_location.zip_co_110221
1048,CHICÓ NORTE II SECTOR,l10n_co_base_location.zip_co_110221
1049,CHICÓ NORTE III SECTOR,l10n_co_base_location.zip_co_110221
1050,EL BAGAZAL,l10n_co_base_location.zip_co_110221
1051,EL CHICÓ,l10n_co_base_location.zip_co_110221
1052,EL NOGAL,l10n_co_base_location.zip_co_110221
1053,EL REFUGIO,l10n_co_base_location.zip_co_110221
1054,EL RETIRO,l10n_co_base_location.zip_co_110221
1055,ESPARTILLAL,l10n_co_base_location.zip_co_110221
1056,LA CABRERA,l10n_co_base_location.zip_co_110221
1057,LAGO GAITÁN,l10n_co_base_location.zip_co_110221
1058,LOS ROSALES,l10n_co_base_location.zip_co_110221
1059,PORCIUNCULA,l10n_co_base_location.zip_co_110221
1060,SEMINARIO,l10n_co_base_location.zip_co_110221
1061,BOSQUE CALDERÓN,l10n_co_base_location.zip_co_110231
1062,CATALUÑA,l10n_co_base_location.zip_co_110231
1063,CHAPINERO CENTRAL,l10n_co_base_location.zip_co_110231
1064,CHAPINERO NORTE,l10n_co_base_location.zip_co_110231
1065,EL PARAÍSO,l10n_co_base_location.zip_co_110231
1066,EMAUS,l10n_co_base_location.zip_co_110231
1067,GRANADA,l10n_co_base_location.zip_co_110231
1068,HOYA TEUSACA,l10n_co_base_location.zip_co_110231
1069,INGEMAR,l10n_co_base_location.zip_co_110231
1070,INGEMAR ORIENTAL,l10n_co_base_location.zip_co_110231
1071,INGEMAR ORIENTAL I,l10n_co_base_location.zip_co_110231
1072,INGEMAR ORIENTAL RURAL,l10n_co_base_location.zip_co_110231
1073,JUAN XXIII,l10n_co_base_location.zip_co_110231
1074,LA SALLE,l10n_co_base_location.zip_co_110231
1075,LAS ACACIAS,l10n_co_base_location.zip_co_110231
1076,MARLY,l10n_co_base_location.zip_co_110231
1077,MARÍA CRISTINA,l10n_co_base_location.zip_co_110231
1078,PARDO RUBIO,l10n_co_base_location.zip_co_110231
1079,QUINTA C,l10n_co_base_location.zip_co_110231
1080,BOSQUE IZQUIERDO,l10n_co_base_location.zip_co_110311
1081,HOYA TEUSACA,l10n_co_base_location.zip_co_110311
1082,LA ALAMEDA,l10n_co_base_location.zip_co_110311
1083,LA MACARENA,l10n_co_base_location.zip_co_110311
1084,LA MERCED,l10n_co_base_location.zip_co_110311
1085,LA PERSEVERANCIA,l10n_co_base_location.zip_co_110311
1086,LAS NIEVES,l10n_co_base_location.zip_co_110311
1087,PARQUE NACIONAL,l10n_co_base_location.zip_co_110311
1088,PARQUE NACIONAL ORIENTAL,l10n_co_base_location.zip_co_110311
1089,PARQUE ORIENTAL URBANO,l10n_co_base_location.zip_co_110311
1090,SAGRADO CORAZÓN,l10n_co_base_location.zip_co_110311
1091,SAMPER,l10n_co_base_location.zip_co_110311
1092,SAN DIEGO,l10n_co_base_location.zip_co_110311
1093,SAN MARTÍN,l10n_co_base_location.zip_co_110311
1094,EL DORADO,l10n_co_base_location.zip_co_110321
1095,EL GUAVIO,l10n_co_base_location.zip_co_110321
1096,EL ROCÍO,l10n_co_base_location.zip_co_110321
1097,GIRARDOT,l10n_co_base_location.zip_co_110321
1098,LA CAPUCHINA,l10n_co_base_location.zip_co_110321
1099,LA PENA,l10n_co_base_location.zip_co_110321
1100,LA PENA RURAL,l10n_co_base_location.zip_co_110321
1101,LAS CRUCES,l10n_co_base_location.zip_co_110321
1102,LOS LACHES,l10n_co_base_location.zip_co_110321
1103,LOURDES,l10n_co_base_location.zip_co_110321
1104,RAMÍREZ,l10n_co_base_location.zip_co_110321
1105,SAN BERNARDINO,l10n_co_base_location.zip_co_110321
1106,SAN FRANCISCO RURAL,l10n_co_base_location.zip_co_110321
1107,SANTA INÉS,l10n_co_base_location.zip_co_110321
1108,VERACRUZ,l10n_co_base_location.zip_co_110321
1109,AGUAS CLARAS,l10n_co_base_location.zip_co_110411
1110,BUENOS AIRES,l10n_co_base_location.zip_co_110411
1111,CALVO SUR,l10n_co_base_location.zip_co_110411
1112,EL TRIÁNGULO,l10n_co_base_location.zip_co_110411
1113,HOYA SAN CRISTÓBAL,l10n_co_base_location.zip_co_110411
1114,LA MARÍA,l10n_co_base_location.zip_co_110411
1115,LAS BRISAS,l10n_co_base_location.zip_co_110411
1116,LOS LAURELES I,l10n_co_base_location.zip_co_110411
1117,MODELO SUR,l10n_co_base_location.zip_co_110411
1118,MOLINO RURAL,l10n_co_base_location.zip_co_110411
1119,MOLINOS DE ORIENTE,l10n_co_base_location.zip_co_110411
1120,MONTE CARLO,l10n_co_base_location.zip_co_110411
1121,NARIÑO SUR,l10n_co_base_location.zip_co_110411
1122,PRIMERO DE MAYO,l10n_co_base_location.zip_co_110411
1123,QUINTA RAMOS,l10n_co_base_location.zip_co_110411
1124,SAN CRISTÓBAL SUR,l10n_co_base_location.zip_co_110411
1125,SAN JAVIER,l10n_co_base_location.zip_co_110411
1126,SANTA ANA S,l10n_co_base_location.zip_co_110411
1127,ATENAS SUR,l10n_co_base_location.zip_co_110421
1128,BELLO HORIZONTE,l10n_co_base_location.zip_co_110421
1129,CÓRDOBA,l10n_co_base_location.zip_co_110421
1130,GRANADA SUR,l10n_co_base_location.zip_co_110421
1131,LAS MERCEDES,l10n_co_base_location.zip_co_110421
1132,LOS ALPES,l10n_co_base_location.zip_co_110421
1133,MONTEBELLO,l10n_co_base_location.zip_co_110421
1134,RANAJAL,l10n_co_base_location.zip_co_110421
1135,SAN BLAS,l10n_co_base_location.zip_co_110421
1136,SAN BLAS II,l10n_co_base_location.zip_co_110421
1137,SAN ISIDRO,l10n_co_base_location.zip_co_110421
1138,SAN PEDRO,l10n_co_base_location.zip_co_110421
1139,SAN VICENTE,l10n_co_base_location.zip_co_110421
1140,SANTA INÉS SUR,l10n_co_base_location.zip_co_110421
1141,SURAMÉRICA,l10n_co_base_location.zip_co_110421
1142,VEINTE DE JULIO,l10n_co_base_location.zip_co_110421
1143,VILLA DE LOS ALAPES,l10n_co_base_location.zip_co_110421
1144,VILLA DE LOS ALAPES I,l10n_co_base_location.zip_co_110421
1145,ALTAMIRA,l10n_co_base_location.zip_co_110431
1146,ALTOS DEL POBLADO,l10n_co_base_location.zip_co_110431
1147,ALTOS DEL ZIPA,l10n_co_base_location.zip_co_110431
1148,ALTOS DEL ZUQUE,l10n_co_base_location.zip_co_110431
1149,BARCELONA SUR,l10n_co_base_location.zip_co_110431
1150,BELLAVISTA SUR,l10n_co_base_location.zip_co_110431
1151,BOSQUE DE LOS ALPES,l10n_co_base_location.zip_co_110431
1152,LA ARBOLEDA,l10n_co_base_location.zip_co_110431
1153,LA GLORIA OCCIDENTAL,l10n_co_base_location.zip_co_110431
1154,LA GLORIA ORIENTAL,l10n_co_base_location.zip_co_110431
1155,LA VICTORIA,l10n_co_base_location.zip_co_110431
1156,LAS GUACAMAYAS,l10n_co_base_location.zip_co_110431
1157,LAS LOMAS,l10n_co_base_location.zip_co_110431
1158,MORALBA,l10n_co_base_location.zip_co_110431
1159,PUENTE COLORADO,l10n_co_base_location.zip_co_110431
1160,QUINDÍO,l10n_co_base_location.zip_co_110431
1161,SAN JOSÉ SU,l10n_co_base_location.zip_co_110431
1162,CANADÁ O GUIRA,l10n_co_base_location.zip_co_110441
1163,CHIGUAZA,l10n_co_base_location.zip_co_110441
1164,CIUDAD LONDRES I,l10n_co_base_location.zip_co_110441
1165,EL PARAÍSO,l10n_co_base_location.zip_co_110441
1166,EL PINAR,l10n_co_base_location.zip_co_110441
1167,JUAN REY (LA PAZ),l10n_co_base_location.zip_co_110441
1168,LA BELLEZA,l10n_co_base_location.zip_co_110441
1169,LAS GAVIOTAS,l10n_co_base_location.zip_co_110441
1170,LOS LIBERTADORES,l10n_co_base_location.zip_co_110441
1171,NUEVA DELHÍ,l10n_co_base_location.zip_co_110441
1172,NUEVA GLORIA,l10n_co_base_location.zip_co_110441
1173,SAN RAFAEL USME,l10n_co_base_location.zip_co_110441
1174,SANTA RITA SUR ORIENTAL,l10n_co_base_location.zip_co_110441
1175,VILLABEL,l10n_co_base_location.zip_co_110441
1176,YOMASA,l10n_co_base_location.zip_co_110441
1177,GRANADA SUR,l10n_co_base_location.zip_co_110511
1178,LA AURORA,l10n_co_base_location.zip_co_110511
1179,MARICHUELA,l10n_co_base_location.zip_co_110511
1180,NUEVO SAN ANDRÉS,l10n_co_base_location.zip_co_110511
1181,SAN JUAN BAUTISTA,l10n_co_base_location.zip_co_110511
1182,SANTA LIBRADA,l10n_co_base_location.zip_co_110511
1183,TUNJUELITO,l10n_co_base_location.zip_co_110511
1184,ALASKA,l10n_co_base_location.zip_co_110521
1185,ARRAYANES I,l10n_co_base_location.zip_co_110521
1186,ARRAYANES V,l10n_co_base_location.zip_co_110521
1187,BARRANQUILLITA,l10n_co_base_location.zip_co_110521
1188,BOLONIA,l10n_co_base_location.zip_co_110521
1189,BOLONIA I,l10n_co_base_location.zip_co_110521
1190,BOLONIA I,l10n_co_base_location.zip_co_110521
1191,CIUDAD LONDRES,l10n_co_base_location.zip_co_110521
1192,CIUDAD LONDRES RURAL,l10n_co_base_location.zip_co_110521
1193,DANUBIO,l10n_co_base_location.zip_co_110521
1194,DANUBIO II,l10n_co_base_location.zip_co_110521
1195,DOÑA LILIANA,l10n_co_base_location.zip_co_110521
1196,DUITAMA,l10n_co_base_location.zip_co_110521
1197,EL CURUBO,l10n_co_base_location.zip_co_110521
1198,EL NEVADO,l10n_co_base_location.zip_co_110521
1199,EL NEVADO II,l10n_co_base_location.zip_co_110521
1200,EL PEDREGAL,l10n_co_base_location.zip_co_110521
1201,EL PEDREGAL,l10n_co_base_location.zip_co_110521
1202,FISCALA ALTA,l10n_co_base_location.zip_co_110521
1203,GRAN YOMASA,l10n_co_base_location.zip_co_110521
1204,JUA,l10n_co_base_location.zip_co_110521
1205,BRISAS DEL LLANO,l10n_co_base_location.zip_co_110531
1206,CHAPINERITO,l10n_co_base_location.zip_co_110531
1207,EL BOSQUE,l10n_co_base_location.zip_co_110531
1208,EL BOSQUE CENTRAL,l10n_co_base_location.zip_co_110531
1209,EL BOSQUE CENTRAL I,l10n_co_base_location.zip_co_110531
1210,EL BOSQUE SUR ORIENTAL,l10n_co_base_location.zip_co_110531
1211,EL BOSQUE SUR ORIENTAL RURAL I,l10n_co_base_location.zip_co_110531
1212,EL BOSQUE SUR ORIENTAL RURAL I,l10n_co_base_location.zip_co_110531
1213,EL NUEVO PORTAL,l10n_co_base_location.zip_co_110531
1214,EL NUEVO PORTAL II,l10n_co_base_location.zip_co_110531
1215,EL NUEVO PORTAL II RURAL,l10n_co_base_location.zip_co_110531
1216,EL PORTAL DEL DIVINO,l10n_co_base_location.zip_co_110531
1217,ANTONIO JOSÉ DE SUCRE,l10n_co_base_location.zip_co_110541
1218,CENTRO USME,l10n_co_base_location.zip_co_110541
1219,CENTRO USME RURAL,l10n_co_base_location.zip_co_110541
1220,CENTRO USME RURAL I,l10n_co_base_location.zip_co_110541
1221,CENTRO USME RURAL II,l10n_co_base_location.zip_co_110541
1222,CENTRO USME URBANO,l10n_co_base_location.zip_co_110541
1223,CHARALA,l10n_co_base_location.zip_co_110541
1224,CHUNIZA,l10n_co_base_location.zip_co_110541
1225,COMUNEROS,l10n_co_base_location.zip_co_110541
1226,DESARROLLO BRAZUELOS,l10n_co_base_location.zip_co_110541
1227,DESARROLLO BRAZUELOS I,l10n_co_base_location.zip_co_110541
1228,EL TUNO,l10n_co_base_location.zip_co_110541
1229,EL UVAL RURAL,l10n_co_base_location.zip_co_110541
1230,EL VIRREY,l10n_co_base_location.zip_co_110541
1231,LA ESPERANZA DE USME,l10n_co_base_location.zip_co_110541
1232,LA RE,l10n_co_base_location.zip_co_110541
1233,OLARTE,l10n_co_base_location.zip_co_110551
1234,SIN INFORMACION DE BARRIOS,l10n_co_base_location.zip_co_110561
1235,SIN INFORMACION DE BARRIOS,l10n_co_base_location.zip_co_110571
1236,EL CARMEN,l10n_co_base_location.zip_co_110611
1237,ESCUELA GENERAL SANTANDER,l10n_co_base_location.zip_co_110611
1238,FÁTIMA,l10n_co_base_location.zip_co_110611
1239,ISLA DEL SOL,l10n_co_base_location.zip_co_110611
1240,MUZÚ,l10n_co_base_location.zip_co_110611
1241,NUEVO MUZÚ,l10n_co_base_location.zip_co_110611
1242,SAMORE,l10n_co_base_location.zip_co_110611
1243,SAN VICENTE FERRER,l10n_co_base_location.zip_co_110611
1244,VENECIA,l10n_co_base_location.zip_co_110611
1245,VENECIA OCCIDENTAL,l10n_co_base_location.zip_co_110611
1246,ABRAHAM LINCOLN,l10n_co_base_location.zip_co_110621
1247,AREA ARTILLERIA,l10n_co_base_location.zip_co_110621
1248,PARQUE EL TUNAL,l10n_co_base_location.zip_co_110621
1249,SAN BENITO,l10n_co_base_location.zip_co_110621
1250,SAN CARLOS,l10n_co_base_location.zip_co_110621
1251,TUNAL ORIENTAL,l10n_co_base_location.zip_co_110621
1252,TUNJUELITO,l10n_co_base_location.zip_co_110621
1253,BETANIA,l10n_co_base_location.zip_co_110711
1254,BRASIL,l10n_co_base_location.zip_co_110711
1255,BRASILIA,l10n_co_base_location.zip_co_110711
1256,CAÑAVERALEJO,l10n_co_base_location.zip_co_110711
1257,CAÑAVERALEJO RURAL,l10n_co_base_location.zip_co_110711
1258,CHICALÁ,l10n_co_base_location.zip_co_110711
1259,EL CORZO,l10n_co_base_location.zip_co_110711
1260,EL CORZO RURAL,l10n_co_base_location.zip_co_110711
1261,EL DANUBIO AZUL,l10n_co_base_location.zip_co_110711
1262,EL PORTAL DEL BRASIL,l10n_co_base_location.zip_co_110711
1263,ESCOCIA,l10n_co_base_location.zip_co_110711
1264,ESCOCIA,l10n_co_base_location.zip_co_110711
1265,LA CABAÑA,l10n_co_base_location.zip_co_110711
1266,LA LIBERTAD,l10n_co_base_location.zip_co_110711
1267,OSORIO X,l10n_co_base_location.zip_co_110711
1268,OSORIO X URBANO,l10n_co_base_location.zip_co_110711
1269,OSORIO XXIII,l10n_co_base_location.zip_co_110711
1270,PARCELA EL PORVENIR,l10n_co_base_location.zip_co_110711
1271,SAN MARTÍN,l10n_co_base_location.zip_co_110711
1272,SANT,l10n_co_base_location.zip_co_110711
1273,BOSA NOVA,l10n_co_base_location.zip_co_110721
1274,BOSA NOVA EL PORVENIR,l10n_co_base_location.zip_co_110721
1275,CHICÓ SUR,l10n_co_base_location.zip_co_110721
1276,CIUDADELA EL RECREO I,l10n_co_base_location.zip_co_110721
1277,CIUDADELA EL RECREO II,l10n_co_base_location.zip_co_110721
1278,EL REMANSO,l10n_co_base_location.zip_co_110721
1279,EL REMANSO I,l10n_co_base_location.zip_co_110721
1280,LA INDEPENDENCIA,l10n_co_base_location.zip_co_110721
1281,LA PAZ BOSA,l10n_co_base_location.zip_co_110721
1282,LA VEGA SAN BERNARDINO,l10n_co_base_location.zip_co_110721
1283,LAS MARGARITAS,l10n_co_base_location.zip_co_110721
1284,LOS SAUCES,l10n_co_base_location.zip_co_110721
1285,REMANSO URBANO,l10n_co_base_location.zip_co_110721
1286,SAN ANTONIO,l10n_co_base_location.zip_co_110721
1287,SAN BERNARDINO II,l10n_co_base_location.zip_co_110721
1288,SAN BE,l10n_co_base_location.zip_co_110721
1289,ANTONIA SANTOS,l10n_co_base_location.zip_co_110731
1290,ARGELIA II,l10n_co_base_location.zip_co_110731
1291,BOSA,l10n_co_base_location.zip_co_110731
1292,EL JARDÍN,l10n_co_base_location.zip_co_110731
1293,GRAN COLOMBIANO,l10n_co_base_location.zip_co_110731
1294,ISLANDIA,l10n_co_base_location.zip_co_110731
1295,JIMÉNEZ DE QUESADA,l10n_co_base_location.zip_co_110731
1296,LOS LAURELES,l10n_co_base_location.zip_co_110731
1297,PASO ANCHO,l10n_co_base_location.zip_co_110731
1298,SAN BERNARDINO I,l10n_co_base_location.zip_co_110731
1299,SAN DIEGO BOSA,l10n_co_base_location.zip_co_110731
1300,ANDALUCÍA II,l10n_co_base_location.zip_co_110741
1301,CEMENTERIO JARDÍNES APOGEO,l10n_co_base_location.zip_co_110741
1302,CHARLES DE GAULLE,l10n_co_base_location.zip_co_110741
1303,EL RETAZO,l10n_co_base_location.zip_co_110741
1304,GUALOCHE,l10n_co_base_location.zip_co_110741
1305,JOSÉ ANTONIO GALÁN,l10n_co_base_location.zip_co_110741
1306,JOSÉ MARÍA CARBONEL,l10n_co_base_location.zip_co_110741
1307,LA ESTACIÓN BOSA,l10n_co_base_location.zip_co_110741
1308,NUEVA GRANADA BOSA,l10n_co_base_location.zip_co_110741
1309,OLARTE,l10n_co_base_location.zip_co_110741
1310,SAN PABLO BOSA,l10n_co_base_location.zip_co_110741
1311,VILLA ANNY I,l10n_co_base_location.zip_co_110741
1312,VILLA ANNY II,l10n_co_base_location.zip_co_110741
1313,VILLA DEL RÍO,l10n_co_base_location.zip_co_110741
1314,EL TINTAL III,l10n_co_base_location.zip_co_110811
1315,EL TINTAL IV,l10n_co_base_location.zip_co_110811
1316,LA MAGDALENA,l10n_co_base_location.zip_co_110811
1317,OSORIO II,l10n_co_base_location.zip_co_110811
1318,TINTALÁ,l10n_co_base_location.zip_co_110811
1319,VEREDA EL TINTAL RURAL,l10n_co_base_location.zip_co_110811
1320,VEREDA EL TINTAL URBANO,l10n_co_base_location.zip_co_110811
1321,BAVARIA,l10n_co_base_location.zip_co_110821
1322,CASTILLA,l10n_co_base_location.zip_co_110821
1323,CIUDAD KENNEDY,l10n_co_base_location.zip_co_110821
1324,CIUDAD TECHO II,l10n_co_base_location.zip_co_110821
1325,EL VERGEL ORIENTAL,l10n_co_base_location.zip_co_110821
1326,LA PAMPA,l10n_co_base_location.zip_co_110821
1327,LAS DOS AVENIDAS,l10n_co_base_location.zip_co_110821
1328,MANDALAY,l10n_co_base_location.zip_co_110821
1329,NUEVO TECHO,l10n_co_base_location.zip_co_110821
1330,PÍO XII,l10n_co_base_location.zip_co_110821
1331,VALLADOLID,l10n_co_base_location.zip_co_110821
1332,VERGEL OCCIDENTAL,l10n_co_base_location.zip_co_110821
1333,VILLA ALSACIA II,l10n_co_base_location.zip_co_110821
1334,VISIÓN DE ORIENTE,l10n_co_base_location.zip_co_110821
1335,COOPERATIVA DE SUB,l10n_co_base_location.zip_co_110831
1336,OFICIALES,l10n_co_base_location.zip_co_110831
1337,HIPOTECHO,l10n_co_base_location.zip_co_110831
1338,HIPOTECHO OCCIDENTAL,l10n_co_base_location.zip_co_110831
1339,HIPOTECHO SUR,l10n_co_base_location.zip_co_110831
1340,LUSITANIA,l10n_co_base_location.zip_co_110831
1341,MARSELLA,l10n_co_base_location.zip_co_110831
1342,PROVIVIENDA ORIENTAL,l10n_co_base_location.zip_co_110831
1343,VILLA ALSACIA,l10n_co_base_location.zip_co_110831
1344,ALQUERIA LA FRAGUA,l10n_co_base_location.zip_co_110841
1345,ALQUERIA LA FRAGUA NORTE,l10n_co_base_location.zip_co_110841
1346,BOITA,l10n_co_base_location.zip_co_110841
1347,LA CAMPIÑA,l10n_co_base_location.zip_co_110841
1348,LAS DELICIAS,l10n_co_base_location.zip_co_110841
1349,NUEVA YORK,l10n_co_base_location.zip_co_110841
1350,PROVIVIENDA,l10n_co_base_location.zip_co_110841
1351,PROVIVIENDA OCCIDENTAL,l10n_co_base_location.zip_co_110841
1352,RENANIA URAPANES,l10n_co_base_location.zip_co_110841
1353,SANTA CATALINA,l10n_co_base_location.zip_co_110841
1354,TIMIZA,l10n_co_base_location.zip_co_110841
1355,TIMIZA A,l10n_co_base_location.zip_co_110841
1356,TIMIZA B,l10n_co_base_location.zip_co_110841
1357,TIMIZA C,l10n_co_base_location.zip_co_110841
1358,TUNDAMA,l10n_co_base_location.zip_co_110841
1359,CHUCUA DE LA VACA I,l10n_co_base_location.zip_co_110851
1360,CHUCUA DE LA VACA II,l10n_co_base_location.zip_co_110851
1361,CHUCUA DE LA VACA III,l10n_co_base_location.zip_co_110851
1362,CIUDAD KENNEDY CENTRAL,l10n_co_base_location.zip_co_110851
1363,CIUDAD KENNEDY NORTE,l10n_co_base_location.zip_co_110851
1364,CIUDAD KENNEDY OCCIDENTAL,l10n_co_base_location.zip_co_110851
1365,CIUDAD KENNEDY ORIENTAL,l10n_co_base_location.zip_co_110851
1366,CIUDAD KENNEDY SUR,l10n_co_base_location.zip_co_110851
1367,CORABASTOS,l10n_co_base_location.zip_co_110851
1368,LLANO GRANDE,l10n_co_base_location.zip_co_110851
1369,MARÍA PAZ,l10n_co_base_location.zip_co_110851
1370,SAUCEDAL,l10n_co_base_location.zip_co_110851
1371,TECHO,l10n_co_base_location.zip_co_110851
1372,VILLA NELLY III S,l10n_co_base_location.zip_co_110851
1373,CASA BLANCA SUR,l10n_co_base_location.zip_co_110861
1374,CASABLANCA,l10n_co_base_location.zip_co_110861
1375,CATALINA,l10n_co_base_location.zip_co_110861
1376,CATALINA II,l10n_co_base_location.zip_co_110861
1377,CLASS,l10n_co_base_location.zip_co_110861
1378,EL CARMELO,l10n_co_base_location.zip_co_110861
1379,EL RUBÍ,l10n_co_base_location.zip_co_110861
1380,GRAN BRITALIA,l10n_co_base_location.zip_co_110861
1381,GRAN BRITALIA I,l10n_co_base_location.zip_co_110861
1382,JACQUELINE,l10n_co_base_location.zip_co_110861
1383,JORGE URIBE BOTERO,l10n_co_base_location.zip_co_110861
1384,LA CECILIA,l10n_co_base_location.zip_co_110861
1385,PASTRANA,l10n_co_base_location.zip_co_110861
1386,ROMA,l10n_co_base_location.zip_co_110861
1387,TOCAREMA,l10n_co_base_location.zip_co_110861
1388,CALANDAIMA,l10n_co_base_location.zip_co_110871
1389,CAMPO HERMOSO,l10n_co_base_location.zip_co_110871
1390,EL PARAÍSO,l10n_co_base_location.zip_co_110871
1391,EL PARAÍSO BOSA,l10n_co_base_location.zip_co_110871
1392,GALÁN,l10n_co_base_location.zip_co_110871
1393,GALÁN RURAL,l10n_co_base_location.zip_co_110871
1394,OSORIO III,l10n_co_base_location.zip_co_110871
1395,PATIO BONITO,l10n_co_base_location.zip_co_110871
1396,PATIO BONITO II,l10n_co_base_location.zip_co_110871
1397,PATIO BONITO III,l10n_co_base_location.zip_co_110871
1398,TAIRONA,l10n_co_base_location.zip_co_110871
1399,CIUDAD DE CALI,l10n_co_base_location.zip_co_110881
1400,DINDALITO,l10n_co_base_location.zip_co_110881
1401,DINDALITO,l10n_co_base_location.zip_co_110881
1402,DINDALITO,l10n_co_base_location.zip_co_110881
1403,EL JAZMÍN,l10n_co_base_location.zip_co_110881
1404,EL JAZMÍN RURAL,l10n_co_base_location.zip_co_110881
1405,LAS ACACIAS,l10n_co_base_location.zip_co_110881
1406,LAS ACACIAS RURAL,l10n_co_base_location.zip_co_110881
1407,LAS MARGARITAS,l10n_co_base_location.zip_co_110881
1408,LOS ALMENDROS,l10n_co_base_location.zip_co_110881
1409,OSORIO XII,l10n_co_base_location.zip_co_110881
1410,PROVIVIENDA OCCIDENTAL,l10n_co_base_location.zip_co_110881
1411,TINTALITO,l10n_co_base_location.zip_co_110881
1412,AEROPUERTO EL DORADO,l10n_co_base_location.zip_co_110911
1413,ATAHUALPA,l10n_co_base_location.zip_co_110911
1414,BRISAS ALDEA FONTIBÓN,l10n_co_base_location.zip_co_110911
1415,CHARCO RURAL,l10n_co_base_location.zip_co_110911
1416,EL REFUGIO,l10n_co_base_location.zip_co_110911
1417,FERROCAJA FONTIBÓN,l10n_co_base_location.zip_co_110911
1418,LA CABAÑA FONTIBÓN,l10n_co_base_location.zip_co_110911
1419,LAS NAVETAS,l10n_co_base_location.zip_co_110911
1420,PUEBLO VIEJO,l10n_co_base_location.zip_co_110911
1421,PUERTA DE TEJA,l10n_co_base_location.zip_co_110911
1422,SAN JOSÉ DE FONTIBÓN,l10n_co_base_location.zip_co_110911
1423,VERSALLES FONTIBÓN,l10n_co_base_location.zip_co_110911
1424,BELÉN FONTIBÓN,l10n_co_base_location.zip_co_110921
1425,CENTRO FONTIBÓN,l10n_co_base_location.zip_co_110921
1426,CHARCO URBANO,l10n_co_base_location.zip_co_110921
1427,EL CARMEN FONTIBÓN,l10n_co_base_location.zip_co_110921
1428,EL CHANCO I,l10n_co_base_location.zip_co_110921
1429,EL CHANCO II,l10n_co_base_location.zip_co_110921
1430,EL CHANCO RURAL II,l10n_co_base_location.zip_co_110921
1431,EL CHANCO RURAL III,l10n_co_base_location.zip_co_110921
1432,EL CHARCO,l10n_co_base_location.zip_co_110921
1433,EL TINTAL,l10n_co_base_location.zip_co_110921
1434,EL TINTAL CENTRAL,l10n_co_base_location.zip_co_110921
1435,EL TINTAL II,l10n_co_base_location.zip_co_110921
1436,GUADAL FONTIBÓN,l10n_co_base_location.zip_co_110921
1437,KASANDRA,l10n_co_base_location.zip_co_110921
1438,LA LAGUNA FONTIBÓN,l10n_co_base_location.zip_co_110921
1439,MORAVÍA,l10n_co_base_location.zip_co_110921
1440,PUENTE G,l10n_co_base_location.zip_co_110921
1441,BOSQUE DE MODELIA,l10n_co_base_location.zip_co_110931
1442,CAPELLANÍA,l10n_co_base_location.zip_co_110931
1443,CIUDAD HAYUELOS,l10n_co_base_location.zip_co_110931
1444,EL VERGEL,l10n_co_base_location.zip_co_110931
1445,FRANCO,l10n_co_base_location.zip_co_110931
1446,GRANJAS DE TECHO,l10n_co_base_location.zip_co_110931
1447,INTERINDUSTRIAL,l10n_co_base_location.zip_co_110931
1448,LA ESPERANZA NORTE,l10n_co_base_location.zip_co_110931
1449,LA ESPERANZA SUR,l10n_co_base_location.zip_co_110931
1450,MODELIA,l10n_co_base_location.zip_co_110931
1451,MODELIA OCCIDENTAL,l10n_co_base_location.zip_co_110931
1452,MONTEVIDEO,l10n_co_base_location.zip_co_110931
1453,SALITRE OCCIDENTAL,l10n_co_base_location.zip_co_110931
1454,SANTA CECILIA,l10n_co_base_location.zip_co_110931
1455,TERMINAL DE TRANSPORTES,l10n_co_base_location.zip_co_110931
1456,BOCHICA II,l10n_co_base_location.zip_co_111011
1457,BOLIVIA,l10n_co_base_location.zip_co_111011
1458,BOLIVIA ORIENTAL,l10n_co_base_location.zip_co_111011
1459,CIUDADELA COLSUBSIDIO,l10n_co_base_location.zip_co_111011
1460,EL CORTIJO,l10n_co_base_location.zip_co_111011
1461,EL DORADO,l10n_co_base_location.zip_co_111011
1462,AUTOPISTA MEDELLÍN,l10n_co_base_location.zip_co_111021
1463,BOCHICA,l10n_co_base_location.zip_co_111021
1464,CIUDAD BACHUÉ,l10n_co_base_location.zip_co_111021
1465,CIUDAD BACHUÉ I ETAPA,l10n_co_base_location.zip_co_111021
1466,EL MINUTO DE DIOS,l10n_co_base_location.zip_co_111021
1467,LA SERENA,l10n_co_base_location.zip_co_111021
1468,LOS CEREZOS,l10n_co_base_location.zip_co_111021
1469,LUIS CARLOS GALÁN,l10n_co_base_location.zip_co_111021
1470,PARÍS GAITÁN,l10n_co_base_location.zip_co_111021
1471,PRIMAVERA,l10n_co_base_location.zip_co_111021
1472,QUIRIGUA,l10n_co_base_location.zip_co_111021
1473,QUIRIGUA ORIENTAL,l10n_co_base_location.zip_co_111021
1474,BOLIVIA,l10n_co_base_location.zip_co_111031
1475,CENTRO ENGATIVÁ II,l10n_co_base_location.zip_co_111031
1476,EL CEDRO,l10n_co_base_location.zip_co_111031
1477,EL DORADO INDUSTRIAL,l10n_co_base_location.zip_co_111031
1478,EL GACO,l10n_co_base_location.zip_co_111031
1479,EL PANTANO,l10n_co_base_location.zip_co_111031
1480,ENGATIVÁ EL DORADO,l10n_co_base_location.zip_co_111031
1481,ENGATIVÁ ZONA URBANA,l10n_co_base_location.zip_co_111031
1482,GARCÉS NAVAS SUR,l10n_co_base_location.zip_co_111031
1483,GRAN GRANADA,l10n_co_base_location.zip_co_111031
1484,LA FAENA,l10n_co_base_location.zip_co_111031
1485,LA RIVIERA,l10n_co_base_location.zip_co_111031
1486,MARANDÚ,l10n_co_base_location.zip_co_111031
1487,SABANA DEL DORADO,l10n_co_base_location.zip_co_111031
1488,SAN ANTONIO URBANO,l10n_co_base_location.zip_co_111031
1489,VILLA GLADYS,l10n_co_base_location.zip_co_111031
1490,VILLAS DE ALCAL,l10n_co_base_location.zip_co_111031
1491,ALAMOS,l10n_co_base_location.zip_co_111041
1492,EL CEDRO,l10n_co_base_location.zip_co_111041
1493,EL MADRIGAL,l10n_co_base_location.zip_co_111041
1494,EL MUELLE,l10n_co_base_location.zip_co_111041
1495,GARCÉS NAVAS,l10n_co_base_location.zip_co_111041
1496,GARCÉS NAVAS ORIENTAL,l10n_co_base_location.zip_co_111041
1497,LOS ÁNGELES,l10n_co_base_location.zip_co_111041
1498,SAN ANTONIO ENGATIVÁ,l10n_co_base_location.zip_co_111041
1499,SANTA MÓNICA,l10n_co_base_location.zip_co_111041
1500,VILLA AMALIA,l10n_co_base_location.zip_co_111041
1501,VILLA DEL MAR,l10n_co_base_location.zip_co_111041
1502,VILLA SAGRARIO,l10n_co_base_location.zip_co_111041
1503,BOYACÁ,l10n_co_base_location.zip_co_111051
1504,FLORENCIA,l10n_co_base_location.zip_co_111051
1505,FLORIDA BLANCA,l10n_co_base_location.zip_co_111051
1506,LA GRANJA,l10n_co_base_location.zip_co_111051
1507,LA SOLEDAD NORTE,l10n_co_base_location.zip_co_111051
1508,LOS ÁLAMOS,l10n_co_base_location.zip_co_111051
1509,PARÍS,l10n_co_base_location.zip_co_111051
1510,SANTA HELENITA,l10n_co_base_location.zip_co_111051
1511,SANTA MARÍA,l10n_co_base_location.zip_co_111051
1512,TABORA,l10n_co_base_location.zip_co_111051
1513,BELLAVISTA OCCIDENTAL,l10n_co_base_location.zip_co_111061
1514,BONANZA,l10n_co_base_location.zip_co_111061
1515,BOSQUE POPULAR,l10n_co_base_location.zip_co_111061
1516,EL LAUREL,l10n_co_base_location.zip_co_111061
1517,LA CABAÑA,l10n_co_base_location.zip_co_111061
1518,LA ESTRADA,l10n_co_base_location.zip_co_111061
1519,LA ESTRADITA,l10n_co_base_location.zip_co_111061
1520,LAS FERIAS,l10n_co_base_location.zip_co_111061
1521,LAS FERIAS OCCIDENTAL,l10n_co_base_location.zip_co_111061
1522,PALO BLANCO,l10n_co_base_location.zip_co_111061
1523,SAN JOAQUÍN,l10n_co_base_location.zip_co_111061
1524,EL ENCANTO,l10n_co_base_location.zip_co_111071
1525,EL REAL,l10n_co_base_location.zip_co_111071
1526,JARDÍN BOTÁNICO,l10n_co_base_location.zip_co_111071
1527,LOS ÁLAMOS,l10n_co_base_location.zip_co_111071
1528,NORMANDÍA,l10n_co_base_location.zip_co_111071
1529,NORMANDÍA OCCIDENTAL,l10n_co_base_location.zip_co_111071
1530,SAN IGNACIO,l10n_co_base_location.zip_co_111071
1531,SANTA CECILIA,l10n_co_base_location.zip_co_111071
1532,VILLA LUZ,l10n_co_base_location.zip_co_111071
1533,BATÁN,l10n_co_base_location.zip_co_111111
1534,CANÓDROMO,l10n_co_base_location.zip_co_111111
1535,CIUDAD JARDÍN NORTE,l10n_co_base_location.zip_co_111111
1536,ESTORIL,l10n_co_base_location.zip_co_111111
1537,IBERIA,l10n_co_base_location.zip_co_111111
1538,LAS VILLAS,l10n_co_base_location.zip_co_111111
1539,MÓNACO,l10n_co_base_location.zip_co_111111
1540,PASADENA,l10n_co_base_location.zip_co_111111
1541,PRADO VERANIEGO,l10n_co_base_location.zip_co_111111
1542,PRADO VERANIEGO NORTE,l10n_co_base_location.zip_co_111111
1543,PRADO VERANIEGO SUR,l10n_co_base_location.zip_co_111111
1544,PUENTE LARGO,l10n_co_base_location.zip_co_111111
1545,SAN JOSÉ DEL PRADO,l10n_co_base_location.zip_co_111111
1546,ALMIRANTE COLON,l10n_co_base_location.zip_co_111121
1547,ALTOS DE CHOZICA,l10n_co_base_location.zip_co_111121
1548,ANDES NORTE,l10n_co_base_location.zip_co_111121
1549,CIUDAD HUNZA,l10n_co_base_location.zip_co_111121
1550,CLUB DE LOS LAGARTOS,l10n_co_base_location.zip_co_111121
1551,JULIO FLÓREZ,l10n_co_base_location.zip_co_111121
1552,LOS NARANJOS,l10n_co_base_location.zip_co_111121
1553,NIZA NORTE,l10n_co_base_location.zip_co_111121
1554,NIZA SUBA,l10n_co_base_location.zip_co_111121
1555,NIZA SUR,l10n_co_base_location.zip_co_111121
1556,POTOSÍ,l10n_co_base_location.zip_co_111121
1557,SANTA ROSA,l10n_co_base_location.zip_co_111121
1558,VEREDA SUBA NARANJOS,l10n_co_base_location.zip_co_111121
1559,AURES,l10n_co_base_location.zip_co_111131
1560,COSTA AZUL,l10n_co_base_location.zip_co_111131
1561,EL POA,l10n_co_base_location.zip_co_111131
1562,EL RINCÓN,l10n_co_base_location.zip_co_111131
1563,EL RINCÓN NORTE,l10n_co_base_location.zip_co_111131
1564,LA CHUCUA,l10n_co_base_location.zip_co_111131
1565,LAGO DE SUBA,l10n_co_base_location.zip_co_111131
1566,POTRERILLO,l10n_co_base_location.zip_co_111131
1567,RINCÓN DE SUBA,l10n_co_base_location.zip_co_111131
1568,SAN CAYETANO,l10n_co_base_location.zip_co_111131
1569,SANTA TERESA DE SUBA,l10n_co_base_location.zip_co_111131
1570,TTES DE COLOMBIA,l10n_co_base_location.zip_co_111131
1571,VILLA ELISA,l10n_co_base_location.zip_co_111131
1572,AURES II,l10n_co_base_location.zip_co_111141
1573,LA CAROLINA DE SUBA,l10n_co_base_location.zip_co_111141
1574,LA GAITANA,l10n_co_base_location.zip_co_111141
1575,LECH WALESA,l10n_co_base_location.zip_co_111141
1576,LOMBARDÍA,l10n_co_base_location.zip_co_111141
1577,NUEVA TIBABUYES,l10n_co_base_location.zip_co_111141
1578,PUERTA DEL SOL,l10n_co_base_location.zip_co_111141
1579,TIBABUYES,l10n_co_base_location.zip_co_111141
1580,VILLA MARÍA,l10n_co_base_location.zip_co_111141
1581,BERLÍN,l10n_co_base_location.zip_co_111151
1582,BILBAO,l10n_co_base_location.zip_co_111151
1583,LISBOA,l10n_co_base_location.zip_co_111151
1584,SABANA DE TIBABUYES,l10n_co_base_location.zip_co_111151
1585,SAN CARLOS DE SUBA,l10n_co_base_location.zip_co_111151
1586,SAN PEDRO,l10n_co_base_location.zip_co_111151
1587,SANTA CECILIA,l10n_co_base_location.zip_co_111151
1588,SANTA CECILIA RURAL,l10n_co_base_location.zip_co_111151
1589,SANTA RITA DE SUBA,l10n_co_base_location.zip_co_111151
1590,TIBABUYES II,l10n_co_base_location.zip_co_111151
1591,TIBABUYES OCCIDENTAL,l10n_co_base_location.zip_co_111151
1592,TIBABUYES UNIVERSAL,l10n_co_base_location.zip_co_111151
1593,TOSCANA,l10n_co_base_location.zip_co_111151
1594,ALTOS DE SUBA,l10n_co_base_location.zip_co_111156
1595,ATENAS,l10n_co_base_location.zip_co_111156
1596,BRITALIA,l10n_co_base_location.zip_co_111156
1597,CANTAGALLO,l10n_co_base_location.zip_co_111156
1598,CASA BLANCA SUBA I,l10n_co_base_location.zip_co_111156
1599,CASABLANCA SUBA,l10n_co_base_location.zip_co_111156
1600,DELMONTE,l10n_co_base_location.zip_co_111156
1601,EL PLAN,l10n_co_base_location.zip_co_111156
1602,ESCUELA DE CARABINEROS,l10n_co_base_location.zip_co_111156
1603,GILMAR,l10n_co_base_location.zip_co_111156
1604,GRANADA NORTE,l10n_co_base_location.zip_co_111156
1605,IRAGUA,l10n_co_base_location.zip_co_111156
1606,MAZUREN,l10n_co_base_location.zip_co_111156
1607,PORTALES DEL NORTE,l10n_co_base_location.zip_co_111156
1608,PRADO PINZÓN,l10n_co_base_location.zip_co_111156
1609,SAN JOSÉ V SECTOR,l10n_co_base_location.zip_co_111156
1610,SANTA HELENA,l10n_co_base_location.zip_co_111156
1611,SUBA CERROS,l10n_co_base_location.zip_co_111156
1612,SUBA URBAN,l10n_co_base_location.zip_co_111156
1613,BOSQUES DE SAN JORGE,l10n_co_base_location.zip_co_111161
1614,CAMPANELLA,l10n_co_base_location.zip_co_111161
1615,EL PINO,l10n_co_base_location.zip_co_111161
1616,LAS FLORES,l10n_co_base_location.zip_co_111161
1617,LAS MERCEDES I,l10n_co_base_location.zip_co_111161
1618,LAS MERCEDES SUBA,l10n_co_base_location.zip_co_111161
1619,LAS MERCEDES SUBA RURAL,l10n_co_base_location.zip_co_111161
1620,PINOS DE LOMBARDÍA,l10n_co_base_location.zip_co_111161
1621,RINCÓN DE SANTA INÉS,l10n_co_base_location.zip_co_111161
1622,SABANA DE TIBABUYES NORTE,l10n_co_base_location.zip_co_111161
1623,SALITRE SUBA,l10n_co_base_location.zip_co_111161
1624,TIBABUYES,l10n_co_base_location.zip_co_111161
1625,TUNA,l10n_co_base_location.zip_co_111161
1626,TUNA BAJA,l10n_co_base_location.zip_co_111161
1627,TUNA RURAL,l10n_co_base_location.zip_co_111161
1628,VILLA HERMOSA,l10n_co_base_location.zip_co_111161
1629,CASABLANCA SUBA,l10n_co_base_location.zip_co_111166
1630,CASABLANCA SUBA I,l10n_co_base_location.zip_co_111166
1631,CASABLANCA SUBA URBANO,l10n_co_base_location.zip_co_111166
1632,CASABLANCA SUBA URBANO I,l10n_co_base_location.zip_co_111166
1633,CASABLANCA SUBA URBANO II,l10n_co_base_location.zip_co_111166
1634,MIRANDELA,l10n_co_base_location.zip_co_111166
1635,NUEVA ZELANDIA,l10n_co_base_location.zip_co_111166
1636,SAN JOSÉ DE BAVARIA,l10n_co_base_location.zip_co_111166
1637,VILLA DEL PRADO,l10n_co_base_location.zip_co_111166
1638,BARAJAS NORTE,l10n_co_base_location.zip_co_111171
1639,CONEJERA,l10n_co_base_location.zip_co_111171
1640,LA CANDELARIA,l10n_co_base_location.zip_co_111171
1641,LA LOMITA,l10n_co_base_location.zip_co_111171
1642,NUESTRA SEÑORA DEL ROSARIO,l10n_co_base_location.zip_co_111171
1643,CASABLANCA SUBA II,l10n_co_base_location.zip_co_111176
1644,GUAYMARAL,l10n_co_base_location.zip_co_111176
1645,ALCÁZARES NORTE,l10n_co_base_location.zip_co_111211
1646,DOCE DE OCTUBRE,l10n_co_base_location.zip_co_111211
1647,ENTRERRÍOS,l10n_co_base_location.zip_co_111211
1648,ESCUELA MILITAR,l10n_co_base_location.zip_co_111211
1649,JORGE ELIECER GAITÁN,l10n_co_base_location.zip_co_111211
1650,JUAN XXIII,l10n_co_base_location.zip_co_111211
1651,LA AURORA,l10n_co_base_location.zip_co_111211
1652,LA CASTELLANA,l10n_co_base_location.zip_co_111211
1653,LA LIBERTAD,l10n_co_base_location.zip_co_111211
1654,LA PATRIA,l10n_co_base_location.zip_co_111211
1655,LOS ANDES,l10n_co_base_location.zip_co_111211
1656,METRÓPOLIS,l10n_co_base_location.zip_co_111211
1657,ONCE DE NOVIEMBRE,l10n_co_base_location.zip_co_111211
1658,POLO CLUB,l10n_co_base_location.zip_co_111211
1659,RIONEGRO,l10n_co_base_location.zip_co_111211
1660,SAN FELIPE,l10n_co_base_location.zip_co_111211
1661,SAN FERNANDO OCCIDENTAL,l10n_co_base_location.zip_co_111211
1662,SANTA SO,l10n_co_base_location.zip_co_111211
1663,ALCÁZARES,l10n_co_base_location.zip_co_111221
1664,BAQUERO,l10n_co_base_location.zip_co_111221
1665,BENJAMÍN HERRERA,l10n_co_base_location.zip_co_111221
1666,COLOMBIA,l10n_co_base_location.zip_co_111221
1667,CONCEPCIÓN NORTE,l10n_co_base_location.zip_co_111221
1668,EL ROSARIO,l10n_co_base_location.zip_co_111221
1669,JOSÉ JOAQUÍN VARGAS,l10n_co_base_location.zip_co_111221
1670,LA ESPERANZA,l10n_co_base_location.zip_co_111221
1671,LA MERCED NORTE,l10n_co_base_location.zip_co_111221
1672,LA PAZ,l10n_co_base_location.zip_co_111221
1673,MUEQUETA,l10n_co_base_location.zip_co_111221
1674,PARQUE DISTRITAL SALITRE,l10n_co_base_location.zip_co_111221
1675,PARQUE POPULAR SALITRE,l10n_co_base_location.zip_co_111221
1676,POPULAR MODELO,l10n_co_base_location.zip_co_111221
1677,QUINTA MUTIS,l10n_co_base_location.zip_co_111221
1678,RAFAEL URIBE,l10n_co_base_location.zip_co_111221
1679,SAN FERNANDO,l10n_co_base_location.zip_co_111221
1680,ALFONSO LOPEZ,l10n_co_base_location.zip_co_111311
1681,ARMENIA,l10n_co_base_location.zip_co_111311
1682,BANCO CENTRAL,l10n_co_base_location.zip_co_111311
1683,BELALCÁZAR,l10n_co_base_location.zip_co_111311
1684,CAMPÍN,l10n_co_base_location.zip_co_111311
1685,CHAPINERO OCCIDENTAL,l10n_co_base_location.zip_co_111311
1686,ESTRELLA,l10n_co_base_location.zip_co_111311
1687,GALERÍAS,l10n_co_base_location.zip_co_111311
1688,LA MAGDALENA,l10n_co_base_location.zip_co_111311
1689,LA SOLEDAD,l10n_co_base_location.zip_co_111311
1690,LAS AMÉRICAS,l10n_co_base_location.zip_co_111311
1691,PALERMO,l10n_co_base_location.zip_co_111311
1692,QUESADA,l10n_co_base_location.zip_co_111311
1693,SAN LUIS,l10n_co_base_location.zip_co_111311
1694,SANTA TERESITA,l10n_co_base_location.zip_co_111311
1695,TEUSAQUILLO,l10n_co_base_location.zip_co_111311
1696,ACEVEDO TEJADA,l10n_co_base_location.zip_co_111321
1697,CAMPO EUCARÍSTICO,l10n_co_base_location.zip_co_111321
1698,CAMPÍN OCCIDENTAL,l10n_co_base_location.zip_co_111321
1699,CENTRO ADMINISTRATIVO OCC,l10n_co_base_location.zip_co_111321
1700,CENTRO NARIÑO,l10n_co_base_location.zip_co_111321
1701,CIUDAD SALITRE NOR,l10n_co_base_location.zip_co_111321
1702,ORIENTAL,l10n_co_base_location.zip_co_111321
1703,CIUDAD SALITRE SUR,l10n_co_base_location.zip_co_111321
1704,ORIENTAL,l10n_co_base_location.zip_co_111321
1705,CIUDAD UNIVERSITARIA,l10n_co_base_location.zip_co_111321
1706,EL RECUERDO,l10n_co_base_location.zip_co_111321
1707,EL SALITRE,l10n_co_base_location.zip_co_111321
1708,GRAN AMÉRICA,l10n_co_base_location.zip_co_111321
1709,LA ESMERALDA,l10n_co_base_location.zip_co_111321
1710,NICOLÁS DE FEDERMAN,l10n_co_base_location.zip_co_111321
1711,PABLO,l10n_co_base_location.zip_co_111321
1712,COLSEGUROS,l10n_co_base_location.zip_co_111411
1713,EDUARDO SANTOS,l10n_co_base_location.zip_co_111411
1714,EL LISTÓN,l10n_co_base_location.zip_co_111411
1715,EL PROGRESO,l10n_co_base_location.zip_co_111411
1716,EL VERGEL,l10n_co_base_location.zip_co_111411
1717,FLORIDA,l10n_co_base_location.zip_co_111411
1718,LA ESTANZUELA,l10n_co_base_location.zip_co_111411
1719,LA FAVORITA,l10n_co_base_location.zip_co_111411
1720,LA PEPITA,l10n_co_base_location.zip_co_111411
1721,LA SABANA,l10n_co_base_location.zip_co_111411
1722,PALOQUEMAO,l10n_co_base_location.zip_co_111411
1723,RICAURTE,l10n_co_base_location.zip_co_111411
1724,SAMPER MENDOZA,l10n_co_base_location.zip_co_111411
1725,SAN VICTORINO,l10n_co_base_location.zip_co_111411
1726,SANTA FÉ,l10n_co_base_location.zip_co_111411
1727,SANTA ISABEL,l10n_co_base_location.zip_co_111411
1728,SANTA ISABEL SUR,l10n_co_base_location.zip_co_111411
1729,USATAMA,l10n_co_base_location.zip_co_111411
1730,VERAGUAS,l10n_co_base_location.zip_co_111411
1731,VOTO NACIONAL,l10n_co_base_location.zip_co_111411
1732,CARACAS,l10n_co_base_location.zip_co_111511
1733,CIUDAD BERNA,l10n_co_base_location.zip_co_111511
1734,CIUDAD JARDÍN SUR,l10n_co_base_location.zip_co_111511
1735,EDUARDO FREY,l10n_co_base_location.zip_co_111511
1736,LA FRAGUA,l10n_co_base_location.zip_co_111511
1737,LA FRAGUITA,l10n_co_base_location.zip_co_111511
1738,LA HORTÚA,l10n_co_base_location.zip_co_111511
1739,POLICARPA,l10n_co_base_location.zip_co_111511
1740,RESTREPO,l10n_co_base_location.zip_co_111511
1741,RESTREPO OCCIDENTAL,l10n_co_base_location.zip_co_111511
1742,SAN ANTONIO,l10n_co_base_location.zip_co_111511
1743,SANTANDER,l10n_co_base_location.zip_co_111511
1744,SANTANDER SUR,l10n_co_base_location.zip_co_111511
1745,SENA,l10n_co_base_location.zip_co_111511
1746,SEVILLA,l10n_co_base_location.zip_co_111511
1747,VILLA MAYOR ORIENTAL,l10n_co_base_location.zip_co_111511
1748,BARCELONA,l10n_co_base_location.zip_co_111611
1749,BATALLÓN CALDAS,l10n_co_base_location.zip_co_111611
1750,CENTRO INDUSTRIAL,l10n_co_base_location.zip_co_111611
1751,COLÓN,l10n_co_base_location.zip_co_111611
1752,COMUNEROS,l10n_co_base_location.zip_co_111611
1753,CUNDINAMARCA,l10n_co_base_location.zip_co_111611
1754,EL EJIDO,l10n_co_base_location.zip_co_111611
1755,ESTACIÓN CENTRAL,l10n_co_base_location.zip_co_111611
1756,GORGONZOLA,l10n_co_base_location.zip_co_111611
1757,INDUSTRIAL CENTENARIO,l10n_co_base_location.zip_co_111611
1758,LA FLORIDA OCCIDENTAL,l10n_co_base_location.zip_co_111611
1759,LA PRADERA,l10n_co_base_location.zip_co_111611
1760,LA TRINIDAD,l10n_co_base_location.zip_co_111611
1761,LOS EJIDOS,l10n_co_base_location.zip_co_111611
1762,ORTEZAL,l10n_co_base_location.zip_co_111611
1763,PENSILVANIA,l10n_co_base_location.zip_co_111611
1764,PRIMAVERA OCCIDENTAL,l10n_co_base_location.zip_co_111611
1765,PUENTE AR,l10n_co_base_location.zip_co_111611
1766,ALCALÁ,l10n_co_base_location.zip_co_111621
1767,ALQUERIA,l10n_co_base_location.zip_co_111621
1768,AUTOPISTA SUR,l10n_co_base_location.zip_co_111621
1769,GALÁN,l10n_co_base_location.zip_co_111621
1770,LA CAMELIA,l10n_co_base_location.zip_co_111621
1771,OSPINA PÉREZ,l10n_co_base_location.zip_co_111621
1772,OSPINA PÉREZ SUR,l10n_co_base_location.zip_co_111621
1773,PROVIVIENDA NORTE,l10n_co_base_location.zip_co_111621
1774,SAN EUSEBIO,l10n_co_base_location.zip_co_111621
1775,TEJAR,l10n_co_base_location.zip_co_111621
1776,AUTOPISTA MUZÚ,l10n_co_base_location.zip_co_111631
1777,AUTOPISTA MUZÚ ORIENTAL,l10n_co_base_location.zip_co_111631
1778,BOCHICA,l10n_co_base_location.zip_co_111631
1779,JORGE GAITÁN CORTÉS,l10n_co_base_location.zip_co_111631
1780,LA ASUNCIÓN,l10n_co_base_location.zip_co_111631
1781,MONTES,l10n_co_base_location.zip_co_111631
1782,REMANSO,l10n_co_base_location.zip_co_111631
1783,REMANSO SUR,l10n_co_base_location.zip_co_111631
1784,SANTA MATILDE,l10n_co_base_location.zip_co_111631
1785,BELÉN,l10n_co_base_location.zip_co_111711
1786,CENTRO ADMINISTRATIVO,l10n_co_base_location.zip_co_111711
1787,EGIPTO,l10n_co_base_location.zip_co_111711
1788,LA CATEDRAL,l10n_co_base_location.zip_co_111711
1789,LA CONCORDIA,l10n_co_base_location.zip_co_111711
1790,LAS AGUAS,l10n_co_base_location.zip_co_111711
1791,PARQUE NACIONAL URBANO,l10n_co_base_location.zip_co_111711
1792,SANTA BÁRBARA,l10n_co_base_location.zip_co_111711
1793,BRAVO PÁEZ,l10n_co_base_location.zip_co_111811
1794,CENTENARIO,l10n_co_base_location.zip_co_111811
1795,CLARET,l10n_co_base_location.zip_co_111811
1796,INGLÉS,l10n_co_base_location.zip_co_111811
1797,LIBERTADOR,l10n_co_base_location.zip_co_111811
1798,MURILLO TORO,l10n_co_base_location.zip_co_111811
1799,OLAYA,l10n_co_base_location.zip_co_111811
1800,QUIROGA,l10n_co_base_location.zip_co_111811
1801,QUIROGA CENTRAL,l10n_co_base_location.zip_co_111811
1802,QUIROGA SUR,l10n_co_base_location.zip_co_111811
1803,SANTA LUCÍA,l10n_co_base_location.zip_co_111811
1804,SANTIAGO PÉREZ,l10n_co_base_location.zip_co_111811
1805,VILLA MAYOR,l10n_co_base_location.zip_co_111811
1806,GRANJA DE SANTA SOFÍA,l10n_co_base_location.zip_co_111821
1807,GRANJA SAN PABLO,l10n_co_base_location.zip_co_111821
1808,GUSTAVO RESTREPO,l10n_co_base_location.zip_co_111821
1809,HOSPITAL SAN CARLOS,l10n_co_base_location.zip_co_111821
1810,LA RESURRECCIÓN,l10n_co_base_location.zip_co_111821
1811,LA RESURRECCIÓN I,l10n_co_base_location.zip_co_111821
1812,MARCO FIDEL SUÁREZ,l10n_co_base_location.zip_co_111821
1813,SAN JORGE SUR,l10n_co_base_location.zip_co_111821
1814,SAN JOSÉ SUR,l10n_co_base_location.zip_co_111821
1815,SAN LUIS,l10n_co_base_location.zip_co_111821
1816,SOSIEGO SUR,l10n_co_base_location.zip_co_111821
1817,ARBOLEDA SUR,l10n_co_base_location.zip_co_111831
1818,CALLEJÓN SANTA BÁRBARA,l10n_co_base_location.zip_co_111831
1819,CARMEN DEL SOL,l10n_co_base_location.zip_co_111831
1820,CERROS DE ORIENTE,l10n_co_base_location.zip_co_111831
1821,EL PLAYÓN,l10n_co_base_location.zip_co_111831
1822,GUIPARMA,l10n_co_base_location.zip_co_111831
1823,LOS MOLINOS,l10n_co_base_location.zip_co_111831
1824,MARCO FIDEL SUÁREZ I,l10n_co_base_location.zip_co_111831
1825,MARRUECOS,l10n_co_base_location.zip_co_111831
1826,MOLINOS DEL SUR,l10n_co_base_location.zip_co_111831
1827,PUERTO RICO,l10n_co_base_location.zip_co_111831
1828,ARRAYANES III,l10n_co_base_location.zip_co_111841
1829,ARRAYANES IV,l10n_co_base_location.zip_co_111841
1830,DIANA TURBAY,l10n_co_base_location.zip_co_111841
1831,DIANA TURBAY ARRAYANES,l10n_co_base_location.zip_co_111841
1832,DIANA TURBAY CULTIVOS,l10n_co_base_location.zip_co_111841
1833,LA PAZ,l10n_co_base_location.zip_co_111841
1834,LA PICOTA,l10n_co_base_location.zip_co_111841
1835,LA PICOTA ORIENTAL,l10n_co_base_location.zip_co_111841
1836,LOS ARRAYANES II,l10n_co_base_location.zip_co_111841
1837,PALERMO SUR,l10n_co_base_location.zip_co_111841
1838,RINCÓN DEL VALLE,l10n_co_base_location.zip_co_111841
1839,SAN AGUSTÍN,l10n_co_base_location.zip_co_111841
1840,ARBORIZADORA BAJA,l10n_co_base_location.zip_co_111911
1841,ATLANTA,l10n_co_base_location.zip_co_111911
1842,EL CHIRCAL SUR,l10n_co_base_location.zip_co_111911
1843,GUADALUPE,l10n_co_base_location.zip_co_111911
1844,LA CORUÑA,l10n_co_base_location.zip_co_111911
1845,MADELENA,l10n_co_base_location.zip_co_111911
1846,RAFAEL ESCAMILLA,l10n_co_base_location.zip_co_111911
1847,BARLOVENTO,l10n_co_base_location.zip_co_111921
1848,EL ENSUEÑO,l10n_co_base_location.zip_co_111921
1849,EL MIRADOR DE LA ESTANCIA,l10n_co_base_location.zip_co_111921
1850,EL PEÑÓN DEL CORTIJO,l10n_co_base_location.zip_co_111921
1851,ESPINO,l10n_co_base_location.zip_co_111921
1852,ESPINO I,l10n_co_base_location.zip_co_111921
1853,GALICIA,l10n_co_base_location.zip_co_111921
1854,ISMAEL PERDOMO,l10n_co_base_location.zip_co_111921
1855,LA ESTANCIA,l10n_co_base_location.zip_co_111921
1856,LA PRIMAVERA I,l10n_co_base_location.zip_co_111921
1857,LOS TRES REYES,l10n_co_base_location.zip_co_111921
1858,LOS TRES REYES I,l10n_co_base_location.zip_co_111921
1859,MARÍA CANO,l10n_co_base_location.zip_co_111921
1860,PERDOMO ALTO,l10n_co_base_location.zip_co_111921
1861,PRIMAVERA II,l10n_co_base_location.zip_co_111921
1862,RINCÓN DE GALICIA,l10n_co_base_location.zip_co_111921
1863,RINCÓN DE LA VALV,l10n_co_base_location.zip_co_111921
1864,BELLAVISTA,l10n_co_base_location.zip_co_111931
1865,CARACOLÍ,l10n_co_base_location.zip_co_111931
1866,JERUSALÉN,l10n_co_base_location.zip_co_111931
1867,LA PRADERA,l10n_co_base_location.zip_co_111931
1868,LAS BRISAS,l10n_co_base_location.zip_co_111931
1869,POTOSÍ,l10n_co_base_location.zip_co_111931
1870,SANTA VIVIANA,l10n_co_base_location.zip_co_111931
1871,SIERRA MORENA,l10n_co_base_location.zip_co_111931
1872,SIERRA MORENA,l10n_co_base_location.zip_co_111931
1873,SIERRA MORENA,l10n_co_base_location.zip_co_111931
1874,SIERRA MORENA II,l10n_co_base_location.zip_co_111931
1875,VERONA,l10n_co_base_location.zip_co_111931
1876,ARBORIZADORA ALTA,l10n_co_base_location.zip_co_111941
1877,ARBORIZADORA ALTA,l10n_co_base_location.zip_co_111941
1878,ARBORIZADORA ALTA,l10n_co_base_location.zip_co_111941
1879,ARBORIZADORA ALTA,l10n_co_base_location.zip_co_111941
1880,CANDELARIA LA NUEVA,l10n_co_base_location.zip_co_111941
1881,CERRO COLORADO,l10n_co_base_location.zip_co_111941
1882,CIUDAD BOLÍVAR,l10n_co_base_location.zip_co_111941
1883,CIUDAD BOLÍVAR RURAL III,l10n_co_base_location.zip_co_111941
1884,EL SATÉLITE,l10n_co_base_location.zip_co_111941
1885,JUAN JOSÉ RONDÓN,l10n_co_base_location.zip_co_111941
1886,LAS ACACIAS,l10n_co_base_location.zip_co_111941
1887,LAS MANAS,l10n_co_base_location.zip_co_111941
1888,LOS LAURELES II,l10n_co_base_location.zip_co_111941
1889,RONDA,l10n_co_base_location.zip_co_111941
1890,SAN FRANCISCO,l10n_co_base_location.zip_co_111941
1891,VILLA,l10n_co_base_location.zip_co_111941
1892,BELLA FLOR,l10n_co_base_location.zip_co_111951
1893,BELLA FLOR SUR,l10n_co_base_location.zip_co_111951
1894,BELLA FLOR SUR RURAL,l10n_co_base_location.zip_co_111951
1895,BRISAS DEL VOLADOR,l10n_co_base_location.zip_co_111951
1896,CIUDAD BOLÍVAR RURAL I,l10n_co_base_location.zip_co_111951
1897,CIUDAD BOLÍVAR RURAL II,l10n_co_base_location.zip_co_111951
1898,COMPARTIR,l10n_co_base_location.zip_co_111951
1899,CORDILLERA DEL SUR,l10n_co_base_location.zip_co_111951
1900,EL MIRADOR,l10n_co_base_location.zip_co_111951
1901,GIBRALTAR SUR,l10n_co_base_location.zip_co_111951
1902,JUAN PABLO II,l10n_co_base_location.zip_co_111951
1903,LA TORRE,l10n_co_base_location.zip_co_111951
1904,LOS ALPES SUR,l10n_co_base_location.zip_co_111951
1905,LUCERO ALTO,l10n_co_base_location.zip_co_111951
1906,MEISSEN,l10n_co_base_location.zip_co_111951
1907,MILLÁN,l10n_co_base_location.zip_co_111951
1908,NUEVA ES,l10n_co_base_location.zip_co_111951
1909,ARABIA,l10n_co_base_location.zip_co_111961
1910,BELLAVISTA LUCERO ALTO,l10n_co_base_location.zip_co_111961
1911,CASA DE TEJA,l10n_co_base_location.zip_co_111961
1912,CEDRITOS DEL SUR,l10n_co_base_location.zip_co_111961
1913,CENTRAL DE MEZCLAS,l10n_co_base_location.zip_co_111961
1914,EL MINUTO DE MARÍA,l10n_co_base_location.zip_co_111961
1915,EL MOCHUELO,l10n_co_base_location.zip_co_111961
1916,EL MOCHUELO II,l10n_co_base_location.zip_co_111961
1917,EL MOCHUELO II NORTE,l10n_co_base_location.zip_co_111961
1918,EL MOCHUELO II URBANO,l10n_co_base_location.zip_co_111961
1919,EL MOCHUELO III,l10n_co_base_location.zip_co_111961
1920,EL MOCHUELO III URBANO,l10n_co_base_location.zip_co_111961
1921,EL MOCHUELO IV,l10n_co_base_location.zip_co_111961
1922,EL MOCHUELO ORIENTAL,l10n_co_base_location.zip_co_111961
1923,BRAZUELOS OCCIDENTAL,l10n_co_base_location.zip_co_111971
1924,BRAZUELOS OCCIDENTAL RURAL,l10n_co_base_location.zip_co_111971
1925,MOCHUELO ALTO,l10n_co_base_location.zip_co_111971
1926,MOCHUELO ALTO RURAL,l10n_co_base_location.zip_co_111971
1927,QUIBA ALTO,l10n_co_base_location.zip_co_111971
1928,SIN INFORMACION DE BARRIOS,l10n_co_base_location.zip_co_111981
1929,SIN INFORMACION DE BARRIOS,l10n_co_base_location.zip_co_112011
1930,SIN INFORMACION DE BARRIOS,l10n_co_base_location.zip_co_112021
1931,SIN INFORMACION DE BARRIOS,l10n_co_base_location.zip_co_112031
1932,SIN INFORMACION DE BARRIOS,l10n_co_base_location.zip_co_112041
1933,ALTO BOSQUE,l10n_co_base_location.zip_co_130001
1934,BOCA GRANDE,l10n_co_base_location.zip_co_130001
1935,CASTILLOGRANDE,l10n_co_base_location.zip_co_130001
1936,CENTRO,l10n_co_base_location.zip_co_130001
1937,CHINO,l10n_co_base_location.zip_co_130001
1938,EL BOSQUE,l10n_co_base_location.zip_co_130001
1939,EL LAGUITO,l10n_co_base_location.zip_co_130001
1940,ESPINAL,l10n_co_base_location.zip_co_130001
1941,GETSEMANÍ,l10n_co_base_location.zip_co_130001
1942,LA MATUNA,l10n_co_base_location.zip_co_130001
1943,MANGA,l10n_co_base_location.zip_co_130001
1944,MARTÍNEZ MARTELO,l10n_co_base_location.zip_co_130001
1945,PIE DE LA POPA,l10n_co_base_location.zip_co_130001
1946,PIE DEL CERRO,l10n_co_base_location.zip_co_130001
1947,SAN DIEGO,l10n_co_base_location.zip_co_130001
1948,CANAPOTE,l10n_co_base_location.zip_co_130002
1949,CHAMBACÚ,l10n_co_base_location.zip_co_130002
1950,CRESPO,l10n_co_base_location.zip_co_130002
1951,DANIEL LEMAITRE,l10n_co_base_location.zip_co_130002
1952,EL CABRERO,l10n_co_base_location.zip_co_130002
1953,SAN PEDRO Y LIBERTAD,l10n_co_base_location.zip_co_130002
1954,SANTA MARÍA,l10n_co_base_location.zip_co_130002
1955,SIETE DE AGOSTO,l10n_co_base_location.zip_co_130002
1956,TORICES,l10n_co_base_location.zip_co_130002
1957,CERRO DE LA POPA,l10n_co_base_location.zip_co_130003
1958,LA MARÍA,l10n_co_base_location.zip_co_130003
1959,LA PAZ,l10n_co_base_location.zip_co_130003
1960,LA QUINTA,l10n_co_base_location.zip_co_130003
1961,LO AMADOR,l10n_co_base_location.zip_co_130003
1962,LOMA FRESCA,l10n_co_base_location.zip_co_130003
1963,LOS COMUNEROS,l10n_co_base_location.zip_co_130003
1964,NARIÑO,l10n_co_base_location.zip_co_130003
1965,PABLO VI,l10n_co_base_location.zip_co_130003
1966,I,l10n_co_base_location.zip_co_130003
1967,PABLO VI,l10n_co_base_location.zip_co_130003
1968,II,l10n_co_base_location.zip_co_130003
1969,PALESTINA,l10n_co_base_location.zip_co_130003
1970,PARAÍSO II,l10n_co_base_location.zip_co_130003
1971,PEDRO SALAZAR,l10n_co_base_location.zip_co_130003
1972,PETARE,l10n_co_base_location.zip_co_130003
1973,REPÚBLICA DEL CARIBE,l10n_co_base_location.zip_co_130003
1974,SAN BERNARDO,l10n_co_base_location.zip_co_130003
1975,SAN FRANCISCO,l10n_co_base_location.zip_co_130003
1976,ALCIBIA,l10n_co_base_location.zip_co_130004
1977,BOSTON,l10n_co_base_location.zip_co_130004
1978,CHIQUINQUIRÁ,l10n_co_base_location.zip_co_130004
1979,LA CANDELARIA,l10n_co_base_location.zip_co_130004
1980,LA ESPERANZA,l10n_co_base_location.zip_co_130004
1981,OLAYA SR 11 DE NOVIEMBRE,l10n_co_base_location.zip_co_130004
1982,OLAYA SR RAFAEL NÚÑEZ,l10n_co_base_location.zip_co_130004
1983,OLAYA SR RICAURTE,l10n_co_base_location.zip_co_130004
1984,OLAYA VILLA OLÍMPICA,l10n_co_base_location.zip_co_130004
1985,REPÚBLICA DEL LÍBANO,l10n_co_base_location.zip_co_130004
1986,TESCA,l10n_co_base_location.zip_co_130004
1987,CHAPACUA,l10n_co_base_location.zip_co_130005
1988,CHIPRE,l10n_co_base_location.zip_co_130005
1989,EL GALLO,l10n_co_base_location.zip_co_130005
1990,LA CASTELLANA,l10n_co_base_location.zip_co_130005
1991,LA FLORESTA,l10n_co_base_location.zip_co_130005
1992,LAS GAVIOTAS,l10n_co_base_location.zip_co_130005
1993,LAS PALMERAS,l10n_co_base_location.zip_co_130005
1994,LOS ALPES,l10n_co_base_location.zip_co_130005
1995,NUEVO PORVENIR,l10n_co_base_location.zip_co_130005
1996,OLAYA SR CENTRAL,l10n_co_base_location.zip_co_130005
1997,OLAYA SR LA MAGDALENA,l10n_co_base_location.zip_co_130005
1998,OLAYA SR LA PUNTILLA,l10n_co_base_location.zip_co_130005
1999,OLAYA SR PLAYA BLANCA,l10n_co_base_location.zip_co_130005
2000,OLAYA SR PROGRESO,l10n_co_base_location.zip_co_130005
2001,OLAYA SR STELLA,l10n_co_base_location.zip_co_130005
2002,OLAYA SR ZARABANDA,l10n_co_base_location.zip_co_130005
2003,RE,l10n_co_base_location.zip_co_130005
2004,EL POZÓN,l10n_co_base_location.zip_co_130006
2005,FREDONIA,l10n_co_base_location.zip_co_130006
2006,NUEVO PARAÍSO,l10n_co_base_location.zip_co_130006
2007,VILLA ESTRELLA,l10n_co_base_location.zip_co_130006
2008,SIN INFORMACION DE BARRIOS,l10n_co_base_location.zip_co_130007
2009,LA CAROLINA,l10n_co_base_location.zip_co_130008
2010,SIN INFORMACION DE BARRIOS,l10n_co_base_location.zip_co_130009
2011,ANITA,l10n_co_base_location.zip_co_130010
2012,EL RECREO,l10n_co_base_location.zip_co_130010
2013,LA CONCEPCIÓN,l10n_co_base_location.zip_co_130010
2014,PROVIDENCIA,l10n_co_base_location.zip_co_130010
2015,SAN JOSÉ DE LOS CAMPANOS,l10n_co_base_location.zip_co_130010
2016,SANTA LUCÍA,l10n_co_base_location.zip_co_130010
2017,TERNERA,l10n_co_base_location.zip_co_130010
2018,VILLA ROSITA,l10n_co_base_location.zip_co_130010
2019,ALAMEDA LA VICTORIA,l10n_co_base_location.zip_co_130011
2020,ALMIRANTE COLON,l10n_co_base_location.zip_co_130011
2021,BLAS DE LEZO,l10n_co_base_location.zip_co_130011
2022,CIUDADELA 11 DE NOVIEMBRE,l10n_co_base_location.zip_co_130011
2023,EL CARMELO,l10n_co_base_location.zip_co_130011
2024,EL MILAGRO,l10n_co_base_location.zip_co_130011
2025,EL SOCORRO,l10n_co_base_location.zip_co_130011
2026,LA CENTRAL,l10n_co_base_location.zip_co_130011
2027,LOS CARACOLES,l10n_co_base_location.zip_co_130011
2028,LOS CORALES,l10n_co_base_location.zip_co_130011
2029,SAN FERNANDO,l10n_co_base_location.zip_co_130011
2030,SAN PEDRO,l10n_co_base_location.zip_co_130011
2031,SANTA MÓNICA,l10n_co_base_location.zip_co_130011
2032,URBANIZACIÓN SIMÓN BOLÍVAR,l10n_co_base_location.zip_co_130011
2033,CAMILO TORRES,l10n_co_base_location.zip_co_130012
2034,CIUDADELA 2000,l10n_co_base_location.zip_co_130012
2035,CÉSAR FLÓREZ,l10n_co_base_location.zip_co_130012
2036,EL CAMPESTRE,l10n_co_base_location.zip_co_130012
2037,EL EDUCADOR,l10n_co_base_location.zip_co_130012
2038,EL REPOSO,l10n_co_base_location.zip_co_130012
2039,JAIME PARDO LEAL,l10n_co_base_location.zip_co_130012
2040,JORGE ELIECER GAITÁN,l10n_co_base_location.zip_co_130012
2041,LA CONSOLATA,l10n_co_base_location.zip_co_130012
2042,LA ESMERALDA I,l10n_co_base_location.zip_co_130012
2043,LA ESMERALDA II,l10n_co_base_location.zip_co_130012
2044,LA FLORIDA,l10n_co_base_location.zip_co_130012
2045,LA SIERRITA,l10n_co_base_location.zip_co_130012
2046,LA VICTORIA,l10n_co_base_location.zip_co_130012
2047,LOS JARDÍNES,l10n_co_base_location.zip_co_130012
2048,LOS SANTANDERERS,l10n_co_base_location.zip_co_130012
2049,LUIS CARLOS GAL,l10n_co_base_location.zip_co_130012
2050,ALBORNOZ,l10n_co_base_location.zip_co_130013
2051,ANTONIO JOSÉ DE SUCRE,l10n_co_base_location.zip_co_130013
2052,ARROZ BARATO,l10n_co_base_location.zip_co_130013
2053,BELLAVISTA,l10n_co_base_location.zip_co_130013
2054,CEBALLOS,l10n_co_base_location.zip_co_130013
2055,EL LIBERTADOR,l10n_co_base_location.zip_co_130013
2056,MAMONAL,l10n_co_base_location.zip_co_130013
2057,POLICARPA,l10n_co_base_location.zip_co_130013
2058,PUERTA DE HIERRO,l10n_co_base_location.zip_co_130013
2059,SANTA CLARA,l10n_co_base_location.zip_co_130013
2060,VEINTE DE JULIO SUR,l10n_co_base_location.zip_co_130013
2061,VILLA BARRAZA,l10n_co_base_location.zip_co_130013
2062,BUENOS AIRES,l10n_co_base_location.zip_co_130014
2063,CALAMARES,l10n_co_base_location.zip_co_130014
2064,CAMAGUEY,l10n_co_base_location.zip_co_130014
2065,EL CARMEN,l10n_co_base_location.zip_co_130014
2066,EL COUNTRY,l10n_co_base_location.zip_co_130014
2067,ESCALLÓN VILLA,l10n_co_base_location.zip_co_130014
2068,LA CAMPIÑA,l10n_co_base_location.zip_co_130014
2069,LA TRONCAL,l10n_co_base_location.zip_co_130014
2070,LAS DELICIAS,l10n_co_base_location.zip_co_130014
2071,LOS ÁNGELES,l10n_co_base_location.zip_co_130014
2072,LOS EJECUTIVOS,l10n_co_base_location.zip_co_130014
2073,RUBÍ,l10n_co_base_location.zip_co_130014
2074,TACARIGUA,l10n_co_base_location.zip_co_130014
2075,VILLA SANDRA,l10n_co_base_location.zip_co_130014
2076,ZARAGOCILLA,l10n_co_base_location.zip_co_130014
2077,ALTOS DE SAN ISIDRO,l10n_co_base_location.zip_co_130015
2078,AMBERES,l10n_co_base_location.zip_co_130015
2079,ARMENIA,l10n_co_base_location.zip_co_130015
2080,BOSQUECITO,l10n_co_base_location.zip_co_130015
2081,BRUCELAS,l10n_co_base_location.zip_co_130015
2082,EL PRADO,l10n_co_base_location.zip_co_130015
2083,ESPAÑA,l10n_co_base_location.zip_co_130015
2084,JOSÉ ANTONIO GALÁN,l10n_co_base_location.zip_co_130015
2085,JUAN XXIII,l10n_co_base_location.zip_co_130015
2086,JUNÍN,l10n_co_base_location.zip_co_130015
2087,LAS BRISAS,l10n_co_base_location.zip_co_130015
2088,LOS CERROS,l10n_co_base_location.zip_co_130015
2089,NUEVA GRANADA,l10n_co_base_location.zip_co_130015
2090,NUEVE DE ABRIL,l10n_co_base_location.zip_co_130015
2091,NUEVO BOSQUE,l10n_co_base_location.zip_co_130015
2092,PARAGUAY,l10n_co_base_location.zip_co_130015
2093,PIEDRA DE BOLÍVAR,l10n_co_base_location.zip_co_130015
2094,REPÚBLICA DE CHILE,l10n_co_base_location.zip_co_130015
2095,SAN ISIDRO,l10n_co_base_location.zip_co_130015
2096,SIN INFORMACION DE BARRIOS,l10n_co_base_location.zip_co_130017
2097,SIN INFORMACION DE BARRIOS,l10n_co_base_location.zip_co_130018
2098,SIN INFORMACION DE BARRIOS,l10n_co_base_location.zip_co_130019
2099,SIN INFORMACION DE BARRIOS,l10n_co_base_location.zip_co_130027
2100,SIN INFORMACION DE BARRIOS,l10n_co_base_location.zip_co_130501
2101,SIN INFORMACION DE BARRIOS,l10n_co_base_location.zip_co_130507
2102,SIN INFORMACION DE BARRIOS,l10n_co_base_location.zip_co_130508
2103,SIN INFORMACION DE BARRIOS,l10n_co_base_location.zip_co_130510
2104,SIN INFORMACION DE BARRIOS,l10n_co_base_location.zip_co_130517
2105,SIN INFORMACION DE BARRIOS,l10n_co_base_location.zip_co_130520
2106,SIN INFORMACION DE BARRIOS,l10n_co_base_location.zip_co_130527
2107,SIN INFORMACION DE BARRIOS,l10n_co_base_location.zip_co_130528
2108,SIN INFORMACION DE BARRIOS,l10n_co_base_location.zip_co_130530
2109,SIN INFORMACION DE BARRIOS,l10n_co_base_location.zip_co_130537
2110,SIN INFORMACION DE BARRIOS,l10n_co_base_location.zip_co_130540
2111,SIN INFORMACION DE BARRIOS,l10n_co_base_location.zip_co_130547
2112,5 DE AGOSTO,l10n_co_base_location.zip_co_131001
2113,ALEJANDRÍA,l10n_co_base_location.zip_co_131001
2114,ALTAMIRA,l10n_co_base_location.zip_co_131001
2115,ARROYO LEJO,l10n_co_base_location.zip_co_131001
2116,AV PASTRANA,l10n_co_base_location.zip_co_131001
2117,BELLA VISTA,l10n_co_base_location.zip_co_131001
2118,BUENOS AIRES,l10n_co_base_location.zip_co_131001
2119,CALLE 13 DE JUNIO,l10n_co_base_location.zip_co_131001
2120,CALLE DE,l10n_co_base_location.zip_co_131001
2121,CALLE DEL COCO,l10n_co_base_location.zip_co_131001
2122,CALLE DEL MERCADO,l10n_co_base_location.zip_co_131001
2123,CALLE DEL PROGESO,l10n_co_base_location.zip_co_131001
2124,CALLE DEL TRONCO,l10n_co_base_location.zip_co_131001
2125,CALLE EL PORVENIR,l10n_co_base_location.zip_co_131001
2126,CALLE LAS FLORES,l10n_co_base_location.zip_co_131001
2127,CALLE NUEVA,l10n_co_base_location.zip_co_131001
2128,CALLE REAL,l10n_co_base_location.zip_co_131001
2129,CALL,l10n_co_base_location.zip_co_131001
2130,SIN INFORMACION DE BARRIOS,l10n_co_base_location.zip_co_131007
2131,LA LÍNEA,l10n_co_base_location.zip_co_131008
2132,LA MONTAÑA,l10n_co_base_location.zip_co_131008
2133,SIN INFORMACION DE BARRIOS,l10n_co_base_location.zip_co_131010
2134,SIN INFORMACION DE BARRIOS,l10n_co_base_location.zip_co_131017
2135,SIN INFORMACION DE BARRIOS,l10n_co_base_location.zip_co_131020
2136,SIN INFORMACION DE BARRIOS,l10n_co_base_location.zip_co_131027
2137,SIN INFORMACION DE BARRIOS,l10n_co_base_location.zip_co_131028
2138,SIN INFORMACION DE BARRIOS,l10n_co_base_location.zip_co_131029
2139,7 DE AGOSTO,l10n_co_base_location.zip_co_131040
2140,CENTELIA,l10n_co_base_location.zip_co_131040
2141,CONCEPCIÓN,l10n_co_base_location.zip_co_131040
2142,EL PUENTE,l10n_co_base_location.zip_co_131040
2143,EL REMANSO,l10n_co_base_location.zip_co_131040
2144,LA GUAYANA,l10n_co_base_location.zip_co_131040
2145,LA LOMA,l10n_co_base_location.zip_co_131040
2146,LA VERA,l10n_co_base_location.zip_co_131040
2147,SANTANDER,l10n_co_base_location.zip_co_131040
2148,SIN INFORMACION DE BARRIOS,l10n_co_base_location.zip_co_131047
2149,ARROYO VIEJO,l10n_co_base_location.zip_co_131048
2150,CARRETERA,l10n_co_base_location.zip_co_131048
2151,CONCEPCION 1,l10n_co_base_location.zip_co_131048
2152,CONCEPCION 2,l10n_co_base_location.zip_co_131048
2153,EL CAMPITO,l10n_co_base_location.zip_co_131048
2154,EL CAMPO,l10n_co_base_location.zip_co_131048
2155,EL VIZO,l10n_co_base_location.zip_co_131048
2156,KENNEDY,l10n_co_base_location.zip_co_131048
2157,LA PLAZA,l10n_co_base_location.zip_co_131048
2158,NUEVO HORIZONTE,l10n_co_base_location.zip_co_131048
2159,RINCON GUAPO,l10n_co_base_location.zip_co_131048
2160,SAGRADO CORAZON,l10n_co_base_location.zip_co_131048
2161,SIN INFORMACION DE BARRIOS,l10n_co_base_location.zip_co_131060
2162,SIN INFORMACION DE BARRIOS,l10n_co_base_location.zip_co_131067
2163,SIN INFORMACION DE BARRIOS,l10n_co_base_location.zip_co_131068
2164,SIN INFORMACION DE BARRIOS,l10n_co_base_location.zip_co_131069
2165,SIN INFORMACION DE BARRIOS,l10n_co_base_location.zip_co_131077
2166,SIN INFORMACION DE BARRIOS,l10n_co_base_location.zip_co_131501
2167,SIN INFORMACION DE BARRIOS,l10n_co_base_location.zip_co_131507
2168,SIN INFORMACION DE BARRIOS,l10n_co_base_location.zip_co_131520
2169,SIN INFORMACION DE BARRIOS,l10n_co_base_location.zip_co_131527
2170,SIN INFORMACION DE BARRIOS,l10n_co_base_location.zip_co_131540
2171,SIN INFORMACION DE BARRIOS,l10n_co_base_location.zip_co_131547
2172,SIN INFORMACION DE BARRIOS,l10n_co_base_location.zip_co_131548
2173,SIN INFORMACION DE BARRIOS,l10n_co_base_location.zip_co_131560
2174,SIN INFORMACION DE BARRIOS,l10n_co_base_location.zip_co_131567
2175,SIN INFORMACION DE BARRIOS,l10n_co_base_location.zip_co_132001
2176,SIN INFORMACION DE BARRIOS,l10n_co_base_location.zip_co_132007
2177,20 DE MARZO,l10n_co_base_location.zip_co_132010
2178,ARMERO,l10n_co_base_location.zip_co_132010
2179,ARRIBA,l10n_co_base_location.zip_co_132010
2180,BARRANQUILLITA,l10n_co_base_location.zip_co_132010
2181,BELLA VISTA,l10n_co_base_location.zip_co_132010
2182,BUENOS AIRES,l10n_co_base_location.zip_co_132010
2183,CENTRO,l10n_co_base_location.zip_co_132010
2184,CIUDADELA,l10n_co_base_location.zip_co_132010
2185,DIOGENES ARRIETA,l10n_co_base_location.zip_co_132010
2186,EL CERRITO,l10n_co_base_location.zip_co_132010
2187,EL PROGRESO,l10n_co_base_location.zip_co_132010
2188,GUARUMAL,l10n_co_base_location.zip_co_132010
2189,HURPANGO,l10n_co_base_location.zip_co_132010
2190,ISLA VERDE,l10n_co_base_location.zip_co_132010
2191,LA BODEGA,l10n_co_base_location.zip_co_132010
2192,LA FLORESTA,l10n_co_base_location.zip_co_132010
2193,LA FRONTERA,l10n_co_base_location.zip_co_132010
2194,LAS DELICIAS,l10n_co_base_location.zip_co_132010
2195,MOCHILA,l10n_co_base_location.zip_co_132010
2196,NUEVA FLORESTA,l10n_co_base_location.zip_co_132010
2197,PALMIRA,l10n_co_base_location.zip_co_132010
2198,SAN,l10n_co_base_location.zip_co_132010
2199,MEDIA TAPA,l10n_co_base_location.zip_co_132017
2200,16 DE MAYO,l10n_co_base_location.zip_co_132018
2201,9 DE MARZO,l10n_co_base_location.zip_co_132018
2202,CHILE,l10n_co_base_location.zip_co_132018
2203,EL RECREO,l10n_co_base_location.zip_co_132018
2204,EL ROBLE,l10n_co_base_location.zip_co_132018
2205,EL VALLE,l10n_co_base_location.zip_co_132018
2206,LA PAZ,l10n_co_base_location.zip_co_132018
2207,LOS NOGALES,l10n_co_base_location.zip_co_132018
2208,NUEVO SAN JUAN,l10n_co_base_location.zip_co_132018
2209,PUEBLO NUEVO,l10n_co_base_location.zip_co_132018
2210,SAN PEDRO,l10n_co_base_location.zip_co_132018
2211,VICTORINO,l10n_co_base_location.zip_co_132018
2212,ABAJO,l10n_co_base_location.zip_co_132030
2213,ARRIBA,l10n_co_base_location.zip_co_132030
2214,BUENA VISTA,l10n_co_base_location.zip_co_132030
2215,BUENOS AIRES,l10n_co_base_location.zip_co_132030
2216,CAMPO ALEGRE,l10n_co_base_location.zip_co_132030
2217,CANDELILLA,l10n_co_base_location.zip_co_132030
2218,CENTRO,l10n_co_base_location.zip_co_132030
2219,COCO SOLO,l10n_co_base_location.zip_co_132030
2220,EL GUANABANO,l10n_co_base_location.zip_co_132030
2221,EL RECREO,l10n_co_base_location.zip_co_132030
2222,EL SIETE,l10n_co_base_location.zip_co_132030
2223,JAVIER CIRUJANO ARJONA,l10n_co_base_location.zip_co_132030
2224,LA BAJERA,l10n_co_base_location.zip_co_132030
2225,LA GLORIA,l10n_co_base_location.zip_co_132030
2226,LA PAZ,l10n_co_base_location.zip_co_132030
2227,LAS MOCHILAS,l10n_co_base_location.zip_co_132030
2228,LOMA DEL VIENTO,l10n_co_base_location.zip_co_132030
2229,LOS PORTALES,l10n_co_base_location.zip_co_132030
2230,MAR BELLA,l10n_co_base_location.zip_co_132030
2231,MIRA FLOREZ,l10n_co_base_location.zip_co_132030
2232,NUEVO SANT,l10n_co_base_location.zip_co_132030
2233,EL ANZUELO,l10n_co_base_location.zip_co_132037
2234,LA CAMPESINA,l10n_co_base_location.zip_co_132037
2235,NUEVO HORIZONTE,l10n_co_base_location.zip_co_132037
2236,SAN ABEL,l10n_co_base_location.zip_co_132037
2237,BUENOS AIRES,l10n_co_base_location.zip_co_132040
2238,CALDAS,l10n_co_base_location.zip_co_132040
2239,CENTRO,l10n_co_base_location.zip_co_132040
2240,EL AMPARO,l10n_co_base_location.zip_co_132040
2241,LA ESPERANZA,l10n_co_base_location.zip_co_132040
2242,LA IGLESIA,l10n_co_base_location.zip_co_132040
2243,NUEVA ESPERANZA,l10n_co_base_location.zip_co_132040
2244,NUEVO HORIZONTE,l10n_co_base_location.zip_co_132040
2245,PUMAREJO,l10n_co_base_location.zip_co_132040
2246,SAN JOSÉ,l10n_co_base_location.zip_co_132040
2247,SAN SEBASTIÁN,l10n_co_base_location.zip_co_132040
2248,SIN INFORMACION DE BARRIOS,l10n_co_base_location.zip_co_132047
2249,12 DE NOVIEMBRE,l10n_co_base_location.zip_co_132050
2250,18 DE MAYO,l10n_co_base_location.zip_co_132050
2251,7 DE AGOSTO,l10n_co_base_location.zip_co_132050
2252,8 DE JUNIO,l10n_co_base_location.zip_co_132050
2253,BUENOS AIRES,l10n_co_base_location.zip_co_132050
2254,BURECHE,l10n_co_base_location.zip_co_132050
2255,CENTRO,l10n_co_base_location.zip_co_132050
2256,EL CARMEN,l10n_co_base_location.zip_co_132050
2257,EL PARAÍSO,l10n_co_base_location.zip_co_132050
2258,EL PORVENIR,l10n_co_base_location.zip_co_132050
2259,EL PRADO,l10n_co_base_location.zip_co_132050
2260,EL PÁRAMO,l10n_co_base_location.zip_co_132050
2261,EL TENDAL,l10n_co_base_location.zip_co_132050
2262,EL TIGRE,l10n_co_base_location.zip_co_132050
2263,EL VERGEL,l10n_co_base_location.zip_co_132050
2264,GORETTI,l10n_co_base_location.zip_co_132050
2265,JORGE GAITÁN,l10n_co_base_location.zip_co_132050
2266,JUAN F HOLLMAN,l10n_co_base_location.zip_co_132050
2267,LA CANDELARIA,l10n_co_base_location.zip_co_132050
2268,LA COLINIA,l10n_co_base_location.zip_co_132050
2269,LA CONCORDIA,l10n_co_base_location.zip_co_132050
2270,L,l10n_co_base_location.zip_co_132050
2271,GAMB¾TICO,l10n_co_base_location.zip_co_132057
2272,SIN INFORMACION DE BARRIOS,l10n_co_base_location.zip_co_132058
2273,CANTA GALLO,l10n_co_base_location.zip_co_132059
2274,LA CEIBA,l10n_co_base_location.zip_co_132059
2275,LA UNIÓN,l10n_co_base_location.zip_co_132059
2276,SIN INFORMACION DE BARRIOS,l10n_co_base_location.zip_co_132501
2277,SIN INFORMACION DE BARRIOS,l10n_co_base_location.zip_co_132507
2278,SIN INFORMACION DE BARRIOS,l10n_co_base_location.zip_co_132508
2279,BOSTON,l10n_co_base_location.zip_co_132511
2280,CIÉNAGA DE BARACOA,l10n_co_base_location.zip_co_132511
2281,COSTA NUEVA,l10n_co_base_location.zip_co_132511
2282,CRISTO PRADO,l10n_co_base_location.zip_co_132511
2283,EL PRADO,l10n_co_base_location.zip_co_132511
2284,LA BALASTRERA,l10n_co_base_location.zip_co_132511
2285,LA CANDELARIA III,l10n_co_base_location.zip_co_132511
2286,LA PAZ,l10n_co_base_location.zip_co_132511
2287,LOS LIBERTADORES,l10n_co_base_location.zip_co_132511
2288,MINUTO DE DIOS,l10n_co_base_location.zip_co_132511
2289,MONTECATINI,l10n_co_base_location.zip_co_132511
2290,OLAYA HERRERA,l10n_co_base_location.zip_co_132511
2291,PASTRANA,l10n_co_base_location.zip_co_132511
2292,PUEBLO NUEVO,l10n_co_base_location.zip_co_132511
2293,SAN JOSÉ,l10n_co_base_location.zip_co_132511
2294,SAN MATEO,l10n_co_base_location.zip_co_132511
2295,SIMÓN BOLÍVAR,l10n_co_base_location.zip_co_132511
2296,YATI,l10n_co_base_location.zip_co_132511
2297,ALFONSO LOPEZ,l10n_co_base_location.zip_co_132512
2298,ANTONIO GALÁN,l10n_co_base_location.zip_co_132512
2299,BARACOA,l10n_co_base_location.zip_co_132512
2300,BUENOS AIRES,l10n_co_base_location.zip_co_132512
2301,CÓRDOBA,l10n_co_base_location.zip_co_132512
2302,CIÉNAGA,l10n_co_base_location.zip_co_132512
2303,CIÉNAGA DE VERSALLES,l10n_co_base_location.zip_co_132512
2304,COMUNEROS,l10n_co_base_location.zip_co_132512
2305,COSTA AZUL,l10n_co_base_location.zip_co_132512
2306,DOS DE NOVIEMBRE,l10n_co_base_location.zip_co_132512
2307,EL CARMEN,l10n_co_base_location.zip_co_132512
2308,EL MILAGRO,l10n_co_base_location.zip_co_132512
2309,EL RECREO,l10n_co_base_location.zip_co_132512
2310,EL TRINCHE,l10n_co_base_location.zip_co_132512
2311,FLORIDA,l10n_co_base_location.zip_co_132512
2312,FLORIDA I,l10n_co_base_location.zip_co_132512
2313,FLORIDA II,l10n_co_base_location.zip_co_132512
2314,FLORIDA III,l10n_co_base_location.zip_co_132512
2315,ISLA DE CUBA,l10n_co_base_location.zip_co_132512
2316,JARRILLO SUR,l10n_co_base_location.zip_co_132512
2317,LA,l10n_co_base_location.zip_co_132512
2318,SIN INFORMACION DE BARRIOS,l10n_co_base_location.zip_co_132517
2319,SIN INFORMACION DE BARRIOS,l10n_co_base_location.zip_co_132518
2320,SIN INFORMACION DE BARRIOS,l10n_co_base_location.zip_co_132519
2321,SIN INFORMACION DE BARRIOS,l10n_co_base_location.zip_co_132527
2322,SIN INFORMACION DE BARRIOS,l10n_co_base_location.zip_co_132540
2323,SIN INFORMACION DE BARRIOS,l10n_co_base_location.zip_co_132547
2324,SIN INFORMACION DE BARRIOS,l10n_co_base_location.zip_co_132548
2325,SIN INFORMACION DE BARRIOS,l10n_co_base_location.zip_co_132550
2326,SIN INFORMACION DE BARRIOS,l10n_co_base_location.zip_co_132557
2327,SIN INFORMACION DE BARRIOS,l10n_co_base_location.zip_co_132560
2328,SIN INFORMACION DE BARRIOS,l10n_co_base_location.zip_co_132567
2329,SIN INFORMACION DE BARRIOS,l10n_co_base_location.zip_co_132568
2330,SIN INFORMACION DE BARRIOS,l10n_co_base_location.zip_co_133001
2331,SIN INFORMACION DE BARRIOS,l10n_co_base_location.zip_co_133007
2332,SIN INFORMACION DE BARRIOS,l10n_co_base_location.zip_co_133008
2333,SIN INFORMACION DE BARRIOS,l10n_co_base_location.zip_co_133020
2334,SIN INFORMACION DE BARRIOS,l10n_co_base_location.zip_co_133027
2335,SIN INFORMACION DE BARRIOS,l10n_co_base_location.zip_co_133028
2336,SIN INFORMACION DE BARRIOS,l10n_co_base_location.zip_co_133040
2337,SIN INFORMACION DE BARRIOS,l10n_co_base_location.zip_co_133047
2338,SIN INFORMACION DE BARRIOS,l10n_co_base_location.zip_co_133048
2339,SIN INFORMACION DE BARRIOS,l10n_co_base_location.zip_co_133049
2340,SIN INFORMACION DE BARRIOS,l10n_co_base_location.zip_co_133501
2341,SIN INFORMACION DE BARRIOS,l10n_co_base_location.zip_co_133507
2342,SIN INFORMACION DE BARRIOS,l10n_co_base_location.zip_co_133508
2343,SIN INFORMACION DE BARRIOS,l10n_co_base_location.zip_co_133510
2344,SIN INFORMACION DE BARRIOS,l10n_co_base_location.zip_co_133517
2345,SIN INFORMACION DE BARRIOS,l10n_co_base_location.zip_co_133518
2346,SIN INFORMACION DE BARRIOS,l10n_co_base_location.zip_co_133530
2347,SIN INFORMACION DE BARRIOS,l10n_co_base_location.zip_co_133537
2348,SIN INFORMACION DE BARRIOS,l10n_co_base_location.zip_co_133538
2349,SIN INFORMACION DE BARRIOS,l10n_co_base_location.zip_co_133550
2350,SIN INFORMACION DE BARRIOS,l10n_co_base_location.zip_co_133557
2351,SIN INFORMACION DE BARRIOS,l10n_co_base_location.zip_co_133558
2352,SIN INFORMACION DE BARRIOS,l10n_co_base_location.zip_co_133560
2353,SIN INFORMACION DE BARRIOS,l10n_co_base_location.zip_co_133567
2354,ARROYITO,l10n_co_base_location.zip_co_134001
2355,BOCA GRANDE,l10n_co_base_location.zip_co_134001
2356,CASA BLANCA,l10n_co_base_location.zip_co_134001
2357,EL CARMEN,l10n_co_base_location.zip_co_134001
2358,EL EDUCADOR,l10n_co_base_location.zip_co_134001
2359,OCHO CASAS,l10n_co_base_location.zip_co_134001
2360,PUEBLO NUEVO,l10n_co_base_location.zip_co_134001
2361,SAN MARTÍN,l10n_co_base_location.zip_co_134001
2362,SIN INFORMACION DE BARRIOS,l10n_co_base_location.zip_co_134007
2363,SIN INFORMACION DE BARRIOS,l10n_co_base_location.zip_co_134008
2364,SIN INFORMACION DE BARRIOS,l10n_co_base_location.zip_co_134020
2365,SIN INFORMACION DE BARRIOS,l10n_co_base_location.zip_co_134027
2366,SIN INFORMACION DE BARRIOS,l10n_co_base_location.zip_co_134028
2367,SIN INFORMACION DE BARRIOS,l10n_co_base_location.zip_co_134040
2368,SIN INFORMACION DE BARRIOS,l10n_co_base_location.zip_co_134047
2369,SIN INFORMACION DE BARRIOS,l10n_co_base_location.zip_co_134048
2370,SIN INFORMACION DE BARRIOS,l10n_co_base_location.zip_co_134060
2371,SIN INFORMACION DE BARRIOS,l10n_co_base_location.zip_co_134067
2372,SIN INFORMACION DE BARRIOS,l10n_co_base_location.zip_co_134068
2373,SIN INFORMACION DE BARRIOS,l10n_co_base_location.zip_co_134070
2374,SIN INFORMACION DE BARRIOS,l10n_co_base_location.zip_co_134077
2375,SIN INFORMACION DE BARRIOS,l10n_co_base_location.zip_co_134501
2376,SIN INFORMACION DE BARRIOS,l10n_co_base_location.zip_co_134507
2377,SIN INFORMACION DE BARRIOS,l10n_co_base_location.zip_co_134510
2378,SIN INFORMACION DE BARRIOS,l10n_co_base_location.zip_co_134517
2379,SIN INFORMACION DE BARRIOS,l10n_co_base_location.zip_co_134520
2380,SIN INFORMACION DE BARRIOS,l10n_co_base_location.zip_co_134527
2381,CENTRO,l10n_co_base_location.zip_co_134540
2382,EL JUNCA,l10n_co_base_location.zip_co_134540
2383,EL OASIS,l10n_co_base_location.zip_co_134540
2384,EL PROGRESO,l10n_co_base_location.zip_co_134540
2385,LOS PAJARÍTOS,l10n_co_base_location.zip_co_134540
2386,MARÍA AUXILIADORA,l10n_co_base_location.zip_co_134540
2387,PRIMERO DE MAYO,l10n_co_base_location.zip_co_134540
2388,SAN SEBASTIÁN,l10n_co_base_location.zip_co_134540
2389,SIN INFORMACION DE BARRIOS,l10n_co_base_location.zip_co_134547
2390,SIN INFORMACION DE BARRIOS,l10n_co_base_location.zip_co_134548
2391,SIN INFORMACION DE BARRIOS,l10n_co_base_location.zip_co_135001
2392,SIN INFORMACION DE BARRIOS,l10n_co_base_location.zip_co_135007
2393,SIN INFORMACION DE BARRIOS,l10n_co_base_location.zip_co_135008
2394,ABAJO,l10n_co_base_location.zip_co_135020
2395,AREAS PROYECTADAS,l10n_co_base_location.zip_co_135020
2396,ARRIBA,l10n_co_base_location.zip_co_135020
2397,EL PESEBRE,l10n_co_base_location.zip_co_135020
2398,LA SABANA,l10n_co_base_location.zip_co_135020
2399,LAS PUNTAS,l10n_co_base_location.zip_co_135020
2400,PUPA,l10n_co_base_location.zip_co_135020
2401,SAN FRANCISCO,l10n_co_base_location.zip_co_135020
2402,URBANIZACIÓN LA ORIGINAL,l10n_co_base_location.zip_co_135020
2403,SIN INFORMACION DE BARRIOS,l10n_co_base_location.zip_co_135027
2404,SIN INFORMACION DE BARRIOS,l10n_co_base_location.zip_co_135028
2405,SIN INFORMACION DE BARRIOS,l10n_co_base_location.zip_co_135040
2406,SIN INFORMACION DE BARRIOS,l10n_co_base_location.zip_co_135047
2407,SIN INFORMACION DE BARRIOS,l10n_co_base_location.zip_co_135048
2408,SIN INFORMACION DE BARRIOS,l10n_co_base_location.zip_co_135060
2409,SIN INFORMACION DE BARRIOS,l10n_co_base_location.zip_co_135067
2410,ALTOS DE COOSERVICIOS,l10n_co_base_location.zip_co_150001
2411,AQUIMIN,l10n_co_base_location.zip_co_150001
2412,BATALLÓN BOLÍVAR,l10n_co_base_location.zip_co_150001
2413,BOGOTÁ,l10n_co_base_location.zip_co_150001
2414,CENTRO,l10n_co_base_location.zip_co_150001
2415,CIUDADELA SOL DE ORIENTE,l10n_co_base_location.zip_co_150001
2416,CONJUNTO FLORIDA PARK,l10n_co_base_location.zip_co_150001
2417,COOSERVICIOS,l10n_co_base_location.zip_co_150001
2418,CRISTALES,l10n_co_base_location.zip_co_150001
2419,DORA LEONILDE,l10n_co_base_location.zip_co_150001
2420,EL BOSQUE,l10n_co_base_location.zip_co_150001
2421,EL CONSUELO,l10n_co_base_location.zip_co_150001
2422,EL CURUBAL,l10n_co_base_location.zip_co_150001
2423,EL JORDÁN,l10n_co_base_location.zip_co_150001
2424,HUNZA,l10n_co_base_location.zip_co_150001
2425,LA CABAÑA,l10n_co_base_location.zip_co_150001
2426,LA FLORIDA,l10n_co_base_location.zip_co_150001
2427,LA FLORIDA,l10n_co_base_location.zip_co_150001
2428,LA PERLA,l10n_co_base_location.zip_co_150001
2429,L,l10n_co_base_location.zip_co_150001
2430,ALTAMIRA,l10n_co_base_location.zip_co_150002
2431,ALTOS DE LA MARÍA,l10n_co_base_location.zip_co_150002
2432,BELALCÁZAR,l10n_co_base_location.zip_co_150002
2433,BELLO HORIZONTE,l10n_co_base_location.zip_co_150002
2434,CENTENARIO,l10n_co_base_location.zip_co_150002
2435,EL CARMEN,l10n_co_base_location.zip_co_150002
2436,EL CORTIJO,l10n_co_base_location.zip_co_150002
2437,EL MILAGRO,l10n_co_base_location.zip_co_150002
2438,EL TOPO,l10n_co_base_location.zip_co_150002
2439,JORGE ELIECER GAITÁN,l10n_co_base_location.zip_co_150002
2440,KENNEDY,l10n_co_base_location.zip_co_150002
2441,LA CALLEJA,l10n_co_base_location.zip_co_150002
2442,LA CONCEPCIÓN,l10n_co_base_location.zip_co_150002
2443,LA FUENTE I II III,l10n_co_base_location.zip_co_150002
2444,LA FUENTE IV V,l10n_co_base_location.zip_co_150002
2445,LAS AMÉRICAS,l10n_co_base_location.zip_co_150002
2446,LIBERTADOR,l10n_co_base_location.zip_co_150002
2447,LOS COJINES,l10n_co_base_location.zip_co_150002
2448,LOS TRIG,l10n_co_base_location.zip_co_150002
2449,A.S.D,l10n_co_base_location.zip_co_150003
2450,ALCALÁ REAL,l10n_co_base_location.zip_co_150003
2451,ALTOS DE ALEJANDRÍA,l10n_co_base_location.zip_co_150003
2452,ALTOS DE CANAPRO,l10n_co_base_location.zip_co_150003
2453,ALTOS DE SAN DIEGO,l10n_co_base_location.zip_co_150003
2454,ARBOLEDA,l10n_co_base_location.zip_co_150003
2455,ASÍS BOYACENSE,l10n_co_base_location.zip_co_150003
2456,ATARAZANA,l10n_co_base_location.zip_co_150003
2457,BALCONES DE TERRANOVA,l10n_co_base_location.zip_co_150003
2458,BALCONES DEL NORTE,l10n_co_base_location.zip_co_150003
2459,BAVARIA,l10n_co_base_location.zip_co_150003
2460,BUENA VISTA,l10n_co_base_location.zip_co_150003
2461,CAMINITOS DE OICATA,l10n_co_base_location.zip_co_150003
2462,CANAPRO,l10n_co_base_location.zip_co_150003
2463,CAPITOLIO,l10n_co_base_location.zip_co_150003
2464,CENTRO NORTE,l10n_co_base_location.zip_co_150003
2465,COLEGIO EMILIANI,l10n_co_base_location.zip_co_150003
2466,C,l10n_co_base_location.zip_co_150003
2467,SIN INFORMACION DE BARRIOS,l10n_co_base_location.zip_co_150007
2468,SIN INFORMACION DE BARRIOS,l10n_co_base_location.zip_co_150008
2469,SIN INFORMACION DE BARRIOS,l10n_co_base_location.zip_co_150009
2470,SIN INFORMACION DE BARRIOS,l10n_co_base_location.zip_co_150201
2471,SIN INFORMACION DE BARRIOS,l10n_co_base_location.zip_co_150207
2472,SIN INFORMACION DE BARRIOS,l10n_co_base_location.zip_co_150208
2473,SIN INFORMACION DE BARRIOS,l10n_co_base_location.zip_co_150220
2474,SIN INFORMACION DE BARRIOS,l10n_co_base_location.zip_co_150227
2475,SIN INFORMACION DE BARRIOS,l10n_co_base_location.zip_co_150240
2476,SIN INFORMACION DE BARRIOS,l10n_co_base_location.zip_co_150247
2477,SIN INFORMACION DE BARRIOS,l10n_co_base_location.zip_co_150260
2478,SIN INFORMACION DE BARRIOS,l10n_co_base_location.zip_co_150267
2479,SIN INFORMACION DE BARRIOS,l10n_co_base_location.zip_co_150268
2480,SIN INFORMACION DE BARRIOS,l10n_co_base_location.zip_co_150401
2481,SIN INFORMACION DE BARRIOS,l10n_co_base_location.zip_co_150407
2482,SIN INFORMACION DE BARRIOS,l10n_co_base_location.zip_co_150408
2483,SIN INFORMACION DE BARRIOS,l10n_co_base_location.zip_co_150420
2484,SIN INFORMACION DE BARRIOS,l10n_co_base_location.zip_co_150427
2485,SIN INFORMACION DE BARRIOS,l10n_co_base_location.zip_co_150428
2486,CARTAGENA,l10n_co_base_location.zip_co_150440
2487,CENTRO,l10n_co_base_location.zip_co_150440
2488,CORINTIO,l10n_co_base_location.zip_co_150440
2489,EL BOSQUE,l10n_co_base_location.zip_co_150440
2490,FÁTIMA,l10n_co_base_location.zip_co_150440
2491,GAITÁN,l10n_co_base_location.zip_co_150440
2492,LAS QUINTAS,l10n_co_base_location.zip_co_150440
2493,LIBERTADORES,l10n_co_base_location.zip_co_150440
2494,LOS ROSALES,l10n_co_base_location.zip_co_150440
2495,PABLO SOLANO,l10n_co_base_location.zip_co_150440
2496,PRIMERO DE MAYO,l10n_co_base_location.zip_co_150440
2497,SAN FELIPE,l10n_co_base_location.zip_co_150440
2498,SAN MIGUEL,l10n_co_base_location.zip_co_150440
2499,SAUSALITO,l10n_co_base_location.zip_co_150440
2500,VILLA JARDÍN,l10n_co_base_location.zip_co_150440
2501,VILLA PANORAMA,l10n_co_base_location.zip_co_150440
2502,VILLA VIANEY,l10n_co_base_location.zip_co_150440
2503,SIN INFORMACION DE BARRIOS,l10n_co_base_location.zip_co_150447
2504,LA PRADERA,l10n_co_base_location.zip_co_150448
2505,LAS DELICIAS,l10n_co_base_location.zip_co_150448
2506,SIN INFORMACION DE BARRIOS,l10n_co_base_location.zip_co_150449
2507,ALCÁZARES,l10n_co_base_location.zip_co_150461
2508,ARAUQUITA,l10n_co_base_location.zip_co_150461
2509,BAVARIA,l10n_co_base_location.zip_co_150461
2510,BOYACÁ,l10n_co_base_location.zip_co_150461
2511,CARGUA,l10n_co_base_location.zip_co_150461
2512,CENTRO,l10n_co_base_location.zip_co_150461
2513,COLOMBIA,l10n_co_base_location.zip_co_150461
2514,CÁNDIDO QUINTERO,l10n_co_base_location.zip_co_150461
2515,CUNDINAMARCA,l10n_co_base_location.zip_co_150461
2516,EL CARMEN,l10n_co_base_location.zip_co_150461
2517,EL COGOLLO,l10n_co_base_location.zip_co_150461
2518,EL RECREO,l10n_co_base_location.zip_co_150461
2519,LA FUENTE,l10n_co_base_location.zip_co_150461
2520,LA GRUTA,l10n_co_base_location.zip_co_150461
2521,LA MILAGROSA,l10n_co_base_location.zip_co_150461
2522,LA TOLOSA,l10n_co_base_location.zip_co_150461
2523,LAS AMÉRICAS,l10n_co_base_location.zip_co_150461
2524,LAS DELICIAS,l10n_co_base_location.zip_co_150461
2525,LIBERTADOR,l10n_co_base_location.zip_co_150461
2526,LOS HÉROES,l10n_co_base_location.zip_co_150461
2527,LOS LAURELES,l10n_co_base_location.zip_co_150461
2528,MANZANARES,l10n_co_base_location.zip_co_150461
2529,CACIQUE TUNDAMA,l10n_co_base_location.zip_co_150462
2530,CAMILO TORRES,l10n_co_base_location.zip_co_150462
2531,JUAN GRANDE,l10n_co_base_location.zip_co_150462
2532,LA ESPERANZA,l10n_co_base_location.zip_co_150462
2533,LA PAZ,l10n_co_base_location.zip_co_150462
2534,LA PERLA,l10n_co_base_location.zip_co_150462
2535,LAS LAJAS,l10n_co_base_location.zip_co_150462
2536,LOS ALPES,l10n_co_base_location.zip_co_150462
2537,SAN JUAN BOSCO,l10n_co_base_location.zip_co_150462
2538,SANTA ISABEL,l10n_co_base_location.zip_co_150462
2539,SAUSALITO,l10n_co_base_location.zip_co_150462
2540,SIMÓN BOLÍVAR,l10n_co_base_location.zip_co_150462
2541,TUNDAMA,l10n_co_base_location.zip_co_150462
2542,VILLA DEL PRADO,l10n_co_base_location.zip_co_150462
2543,VILLA JULIANA,l10n_co_base_location.zip_co_150462
2544,SAN LUIS,l10n_co_base_location.zip_co_150462
2545,BENJAMÍN HERRERA,l10n_co_base_location.zip_co_150462
2546,CAMPO AMOR,l10n_co_base_location.zip_co_150462
2547,CENTRO,l10n_co_base_location.zip_co_150462
2548,CHAPINERO,l10n_co_base_location.zip_co_150462
2549,SAN LUIS,l10n_co_base_location.zip_co_150467
2550,SIN INFORMACION DE BARRIOS,l10n_co_base_location.zip_co_150468
2551,SIN INFORMACION DE BARRIOS,l10n_co_base_location.zip_co_150469
2552,SIN INFORMACION DE BARRIOS,l10n_co_base_location.zip_co_150477
2553,SIN INFORMACION DE BARRIOS,l10n_co_base_location.zip_co_150480
2554,SIN INFORMACION DE BARRIOS,l10n_co_base_location.zip_co_150487
2555,SIN INFORMACION DE BARRIOS,l10n_co_base_location.zip_co_150488
2556,SIN INFORMACION DE BARRIOS,l10n_co_base_location.zip_co_150601
2557,SIN INFORMACION DE BARRIOS,l10n_co_base_location.zip_co_150607
2558,SIN INFORMACION DE BARRIOS,l10n_co_base_location.zip_co_150610
2559,SIN INFORMACION DE BARRIOS,l10n_co_base_location.zip_co_150617
2560,SIN INFORMACION DE BARRIOS,l10n_co_base_location.zip_co_150620
2561,SIN INFORMACION DE BARRIOS,l10n_co_base_location.zip_co_150627
2562,SIN INFORMACION DE BARRIOS,l10n_co_base_location.zip_co_150640
2563,SIN INFORMACION DE BARRIOS,l10n_co_base_location.zip_co_150647
2564,SIN INFORMACION DE BARRIOS,l10n_co_base_location.zip_co_150660
2565,SIN INFORMACION DE BARRIOS,l10n_co_base_location.zip_co_150667
2566,SIN INFORMACION DE BARRIOS,l10n_co_base_location.zip_co_150680
2567,SIN INFORMACION DE BARRIOS,l10n_co_base_location.zip_co_150687
2568,SIN INFORMACION DE BARRIOS,l10n_co_base_location.zip_co_150801
2569,SIN INFORMACION DE BARRIOS,l10n_co_base_location.zip_co_150807
2570,SIN INFORMACION DE BARRIOS,l10n_co_base_location.zip_co_150820
2571,SIN INFORMACION DE BARRIOS,l10n_co_base_location.zip_co_150827
2572,SIN INFORMACION DE BARRIOS,l10n_co_base_location.zip_co_150840
2573,SIN INFORMACION DE BARRIOS,l10n_co_base_location.zip_co_150847
2574,SIN INFORMACION DE BARRIOS,l10n_co_base_location.zip_co_150860
2575,SIN INFORMACION DE BARRIOS,l10n_co_base_location.zip_co_150867
2576,SIN INFORMACION DE BARRIOS,l10n_co_base_location.zip_co_150880
2577,SIN INFORMACION DE BARRIOS,l10n_co_base_location.zip_co_150887
2578,SIN INFORMACION DE BARRIOS,l10n_co_base_location.zip_co_151001
2579,SIN INFORMACION DE BARRIOS,l10n_co_base_location.zip_co_151007
2580,SIN INFORMACION DE BARRIOS,l10n_co_base_location.zip_co_151020
2581,SIN INFORMACION DE BARRIOS,l10n_co_base_location.zip_co_151027
2582,SIN INFORMACION DE BARRIOS,l10n_co_base_location.zip_co_151040
2583,SIN INFORMACION DE BARRIOS,l10n_co_base_location.zip_co_151047
2584,SIN INFORMACION DE BARRIOS,l10n_co_base_location.zip_co_151060
2585,SIN INFORMACION DE BARRIOS,l10n_co_base_location.zip_co_151067
2586,SIN INFORMACION DE BARRIOS,l10n_co_base_location.zip_co_151201
2587,SIN INFORMACION DE BARRIOS,l10n_co_base_location.zip_co_151207
2588,SIN INFORMACION DE BARRIOS,l10n_co_base_location.zip_co_151220
2589,SIN INFORMACION DE BARRIOS,l10n_co_base_location.zip_co_151227
2590,SIN INFORMACION DE BARRIOS,l10n_co_base_location.zip_co_151240
2591,SIN INFORMACION DE BARRIOS,l10n_co_base_location.zip_co_151247
2592,SIN INFORMACION DE BARRIOS,l10n_co_base_location.zip_co_151260
2593,SIN INFORMACION DE BARRIOS,l10n_co_base_location.zip_co_151267
2594,SIN INFORMACION DE BARRIOS,l10n_co_base_location.zip_co_151280
2595,SIN INFORMACION DE BARRIOS,l10n_co_base_location.zip_co_151287
2596,SIN INFORMACION DE BARRIOS,l10n_co_base_location.zip_co_151401
2597,SIN INFORMACION DE BARRIOS,l10n_co_base_location.zip_co_151407
2598,SIN INFORMACION DE BARRIOS,l10n_co_base_location.zip_co_151420
2599,SIN INFORMACION DE BARRIOS,l10n_co_base_location.zip_co_151427
2600,SIN INFORMACION DE BARRIOS,l10n_co_base_location.zip_co_151440
2601,SIN INFORMACION DE BARRIOS,l10n_co_base_location.zip_co_151447
2602,SIN INFORMACION DE BARRIOS,l10n_co_base_location.zip_co_151448
2603,SIN INFORMACION DE BARRIOS,l10n_co_base_location.zip_co_151601
2604,SIN INFORMACION DE BARRIOS,l10n_co_base_location.zip_co_151607
2605,SIN INFORMACION DE BARRIOS,l10n_co_base_location.zip_co_151608
2606,SIN INFORMACION DE BARRIOS,l10n_co_base_location.zip_co_151609
2607,SIN INFORMACION DE BARRIOS,l10n_co_base_location.zip_co_151620
2608,SIN INFORMACION DE BARRIOS,l10n_co_base_location.zip_co_151627
2609,SIN INFORMACION DE BARRIOS,l10n_co_base_location.zip_co_151628
2610,SIN INFORMACION DE BARRIOS,l10n_co_base_location.zip_co_151640
2611,SIN INFORMACION DE BARRIOS,l10n_co_base_location.zip_co_151647
2612,SIN INFORMACION DE BARRIOS,l10n_co_base_location.zip_co_151660
2613,SIN INFORMACION DE BARRIOS,l10n_co_base_location.zip_co_151667
2614,SIN INFORMACION DE BARRIOS,l10n_co_base_location.zip_co_151801
2615,SIN INFORMACION DE BARRIOS,l10n_co_base_location.zip_co_151807
2616,SIN INFORMACION DE BARRIOS,l10n_co_base_location.zip_co_151820
2617,SIN INFORMACION DE BARRIOS,l10n_co_base_location.zip_co_151827
2618,SIN INFORMACION DE BARRIOS,l10n_co_base_location.zip_co_151840
2619,SIN INFORMACION DE BARRIOS,l10n_co_base_location.zip_co_151847
2620,SIN INFORMACION DE BARRIOS,l10n_co_base_location.zip_co_152001
2621,SIN INFORMACION DE BARRIOS,l10n_co_base_location.zip_co_152007
2622,SIN INFORMACION DE BARRIOS,l10n_co_base_location.zip_co_152020
2623,SIN INFORMACION DE BARRIOS,l10n_co_base_location.zip_co_152027
2624,SIN INFORMACION DE BARRIOS,l10n_co_base_location.zip_co_152040
2625,SIN INFORMACION DE BARRIOS,l10n_co_base_location.zip_co_152047
2626,SIN INFORMACION DE BARRIOS,l10n_co_base_location.zip_co_152060
2627,SIN INFORMACION DE BARRIOS,l10n_co_base_location.zip_co_152067
2628,SIN INFORMACION DE BARRIOS,l10n_co_base_location.zip_co_152080
2629,SIN INFORMACION DE BARRIOS,l10n_co_base_location.zip_co_152087
2630,SIN INFORMACION DE BARRIOS,l10n_co_base_location.zip_co_152201
2631,SIN INFORMACION DE BARRIOS,l10n_co_base_location.zip_co_152207
2632,BENJAMÍN HERRERA,l10n_co_base_location.zip_co_152210
2633,CAMPO AMOR,l10n_co_base_location.zip_co_152210
2634,CENTRO,l10n_co_base_location.zip_co_152210
2635,CHAPINERO,l10n_co_base_location.zip_co_152210
2636,CHICAMOCHA,l10n_co_base_location.zip_co_152210
2637,EL CORTÉZ,l10n_co_base_location.zip_co_152210
2638,EL DIAMANTE,l10n_co_base_location.zip_co_152210
2639,EL DURAZNO,l10n_co_base_location.zip_co_152210
2640,EL LAGUITO,l10n_co_base_location.zip_co_152210
2641,EL ORIENTE,l10n_co_base_location.zip_co_152210
2642,EL PRADO,l10n_co_base_location.zip_co_152210
2643,EL RECREO,l10n_co_base_location.zip_co_152210
2644,EL SOL,l10n_co_base_location.zip_co_152210
2645,GUSTAVO JIMÉNEZ,l10n_co_base_location.zip_co_152210
2646,JORGE ELIECER GAITÁN,l10n_co_base_location.zip_co_152210
2647,JOSÉ ANTONIO GALÁN,l10n_co_base_location.zip_co_152210
2648,JUAN JOSÉ RONDÓN,l10n_co_base_location.zip_co_152210
2649,LA ESMERALDA,l10n_co_base_location.zip_co_152210
2650,LA FLORIDA,l10n_co_base_location.zip_co_152210
2651,LA,l10n_co_base_location.zip_co_152210
2652,ALAMOS DEL SUR,l10n_co_base_location.zip_co_152211
2653,ANGELMAR,l10n_co_base_location.zip_co_152211
2654,COLOMBIA,l10n_co_base_location.zip_co_152211
2655,EL CARMEN,l10n_co_base_location.zip_co_152211
2656,EL JARDÍN,l10n_co_base_location.zip_co_152211
2657,EL NOGAL,l10n_co_base_location.zip_co_152211
2658,EL ROSARIO,l10n_co_base_location.zip_co_152211
2659,LA CASTELLANA,l10n_co_base_location.zip_co_152211
2660,LA VILLITA,l10n_co_base_location.zip_co_152211
2661,LAS AMÉRICAS,l10n_co_base_location.zip_co_152211
2662,LOS ARRAYANES,l10n_co_base_location.zip_co_152211
2663,LOS ROSALES,l10n_co_base_location.zip_co_152211
2664,MAGDALENA,l10n_co_base_location.zip_co_152211
2665,OLAYA HERRERA,l10n_co_base_location.zip_co_152211
2666,SAN ANDRESITO,l10n_co_base_location.zip_co_152211
2667,SAN RAFAEL,l10n_co_base_location.zip_co_152211
2668,SANTA CATALINA,l10n_co_base_location.zip_co_152211
2669,SANTA INÉS,l10n_co_base_location.zip_co_152211
2670,SIETE DE AGOSTO,l10n_co_base_location.zip_co_152211
2671,SIMÓN BO,l10n_co_base_location.zip_co_152211
2672,SIN INFORMACION DE BARRIOS,l10n_co_base_location.zip_co_152217
2673,SIN INFORMACION DE BARRIOS,l10n_co_base_location.zip_co_152218
2674,SIN INFORMACION DE BARRIOS,l10n_co_base_location.zip_co_152219
2675,SIN INFORMACION DE BARRIOS,l10n_co_base_location.zip_co_152230
2676,SIN INFORMACION DE BARRIOS,l10n_co_base_location.zip_co_152237
2677,SIN INFORMACION DE BARRIOS,l10n_co_base_location.zip_co_152240
2678,SIN INFORMACION DE BARRIOS,l10n_co_base_location.zip_co_152247
2679,SIN INFORMACION DE BARRIOS,l10n_co_base_location.zip_co_152250
2680,SIN INFORMACION DE BARRIOS,l10n_co_base_location.zip_co_152257
2681,SIN INFORMACION DE BARRIOS,l10n_co_base_location.zip_co_152260
2682,LA ISLA,l10n_co_base_location.zip_co_152267
2683,SIN INFORMACION DE BARRIOS,l10n_co_base_location.zip_co_152268
2684,SIN INFORMACION DE BARRIOS,l10n_co_base_location.zip_co_152280
2685,SIN INFORMACION DE BARRIOS,l10n_co_base_location.zip_co_152287
2686,SIN INFORMACION DE BARRIOS,l10n_co_base_location.zip_co_152288
2687,SIN INFORMACION DE BARRIOS,l10n_co_base_location.zip_co_152401
2688,SIN INFORMACION DE BARRIOS,l10n_co_base_location.zip_co_152407
2689,SIN INFORMACION DE BARRIOS,l10n_co_base_location.zip_co_152420
2690,SIN INFORMACION DE BARRIOS,l10n_co_base_location.zip_co_152427
2691,SIN INFORMACION DE BARRIOS,l10n_co_base_location.zip_co_152428
2692,SIN INFORMACION DE BARRIOS,l10n_co_base_location.zip_co_152429
2693,SIN INFORMACION DE BARRIOS,l10n_co_base_location.zip_co_152440
2694,SIN INFORMACION DE BARRIOS,l10n_co_base_location.zip_co_152447
2695,SIN INFORMACION DE BARRIOS,l10n_co_base_location.zip_co_152448
2696,SIN INFORMACION DE BARRIOS,l10n_co_base_location.zip_co_152460
2697,SIN INFORMACION DE BARRIOS,l10n_co_base_location.zip_co_152467
2698,SIN INFORMACION DE BARRIOS,l10n_co_base_location.zip_co_152468
2699,SIN INFORMACION DE BARRIOS,l10n_co_base_location.zip_co_152469
2700,SIN INFORMACION DE BARRIOS,l10n_co_base_location.zip_co_152601
2701,SIN INFORMACION DE BARRIOS,l10n_co_base_location.zip_co_152607
2702,SIN INFORMACION DE BARRIOS,l10n_co_base_location.zip_co_152610
2703,SIN INFORMACION DE BARRIOS,l10n_co_base_location.zip_co_152617
2704,SIN INFORMACION DE BARRIOS,l10n_co_base_location.zip_co_152620
2705,SIN INFORMACION DE BARRIOS,l10n_co_base_location.zip_co_152627
2706,SIN INFORMACION DE BARRIOS,l10n_co_base_location.zip_co_152640
2707,SIN INFORMACION DE BARRIOS,l10n_co_base_location.zip_co_152647
2708,SIN INFORMACION DE BARRIOS,l10n_co_base_location.zip_co_152660
2709,SIN INFORMACION DE BARRIOS,l10n_co_base_location.zip_co_152667
2710,SIN INFORMACION DE BARRIOS,l10n_co_base_location.zip_co_152680
2711,SIN INFORMACION DE BARRIOS,l10n_co_base_location.zip_co_152687
2712,SIN INFORMACION DE BARRIOS,l10n_co_base_location.zip_co_152801
2713,SIN INFORMACION DE BARRIOS,l10n_co_base_location.zip_co_152807
2714,SIN INFORMACION DE BARRIOS,l10n_co_base_location.zip_co_152820
2715,SIN INFORMACION DE BARRIOS,l10n_co_base_location.zip_co_152827
2716,SIN INFORMACION DE BARRIOS,l10n_co_base_location.zip_co_152840
2717,SIN INFORMACION DE BARRIOS,l10n_co_base_location.zip_co_152847
2718,SIN INFORMACION DE BARRIOS,l10n_co_base_location.zip_co_152860
2719,SIN INFORMACION DE BARRIOS,l10n_co_base_location.zip_co_152867
2720,SIN INFORMACION DE BARRIOS,l10n_co_base_location.zip_co_153001
2721,SIN INFORMACION DE BARRIOS,l10n_co_base_location.zip_co_153007
2722,SIN INFORMACION DE BARRIOS,l10n_co_base_location.zip_co_153020
2723,SIN INFORMACION DE BARRIOS,l10n_co_base_location.zip_co_153027
2724,SIN INFORMACION DE BARRIOS,l10n_co_base_location.zip_co_153030
2725,SIN INFORMACION DE BARRIOS,l10n_co_base_location.zip_co_153037
2726,SIN INFORMACION DE BARRIOS,l10n_co_base_location.zip_co_153040
2727,SIN INFORMACION DE BARRIOS,l10n_co_base_location.zip_co_153047
2728,SIN INFORMACION DE BARRIOS,l10n_co_base_location.zip_co_153050
2729,SIN INFORMACION DE BARRIOS,l10n_co_base_location.zip_co_153057
2730,SIN INFORMACION DE BARRIOS,l10n_co_base_location.zip_co_153060
2731,SIN INFORMACION DE BARRIOS,l10n_co_base_location.zip_co_153067
2732,SIN INFORMACION DE BARRIOS,l10n_co_base_location.zip_co_153201
2733,SIN INFORMACION DE BARRIOS,l10n_co_base_location.zip_co_153207
2734,SIN INFORMACION DE BARRIOS,l10n_co_base_location.zip_co_153210
2735,SIN INFORMACION DE BARRIOS,l10n_co_base_location.zip_co_153217
2736,SIN INFORMACION DE BARRIOS,l10n_co_base_location.zip_co_153220
2737,SIN INFORMACION DE BARRIOS,l10n_co_base_location.zip_co_153227
2738,SIN INFORMACION DE BARRIOS,l10n_co_base_location.zip_co_153240
2739,SIN INFORMACION DE BARRIOS,l10n_co_base_location.zip_co_153247
2740,SIN INFORMACION DE BARRIOS,l10n_co_base_location.zip_co_153248
2741,SIN INFORMACION DE BARRIOS,l10n_co_base_location.zip_co_153260
2742,SIN INFORMACION DE BARRIOS,l10n_co_base_location.zip_co_153267
2743,SIN INFORMACION DE BARRIOS,l10n_co_base_location.zip_co_153268
2744,SIN INFORMACION DE BARRIOS,l10n_co_base_location.zip_co_153280
2745,SIN INFORMACION DE BARRIOS,l10n_co_base_location.zip_co_153287
2746,SIN INFORMACION DE BARRIOS,l10n_co_base_location.zip_co_153401
2747,SIN INFORMACION DE BARRIOS,l10n_co_base_location.zip_co_153407
2748,SIN INFORMACION DE BARRIOS,l10n_co_base_location.zip_co_153408
2749,SIN INFORMACION DE BARRIOS,l10n_co_base_location.zip_co_153420
2750,SIN INFORMACION DE BARRIOS,l10n_co_base_location.zip_co_153427
2751,SIN INFORMACION DE BARRIOS,l10n_co_base_location.zip_co_153440
2752,SIN INFORMACION DE BARRIOS,l10n_co_base_location.zip_co_153447
2753,SIN INFORMACION DE BARRIOS,l10n_co_base_location.zip_co_153450
2754,SIN INFORMACION DE BARRIOS,l10n_co_base_location.zip_co_153457
2755,SIN INFORMACION DE BARRIOS,l10n_co_base_location.zip_co_153460
2756,SIN INFORMACION DE BARRIOS,l10n_co_base_location.zip_co_153467
2757,SIN INFORMACION DE BARRIOS,l10n_co_base_location.zip_co_153468
2758,SIN INFORMACION DE BARRIOS,l10n_co_base_location.zip_co_153480
2759,SIN INFORMACION DE BARRIOS,l10n_co_base_location.zip_co_153487
2760,SIN INFORMACION DE BARRIOS,l10n_co_base_location.zip_co_153601
2761,SIN INFORMACION DE BARRIOS,l10n_co_base_location.zip_co_153607
2762,SIN INFORMACION DE BARRIOS,l10n_co_base_location.zip_co_153608
2763,SIN INFORMACION DE BARRIOS,l10n_co_base_location.zip_co_153610
2764,SIN INFORMACION DE BARRIOS,l10n_co_base_location.zip_co_153617
2765,SIN INFORMACION DE BARRIOS,l10n_co_base_location.zip_co_153620
2766,SIN INFORMACION DE BARRIOS,l10n_co_base_location.zip_co_153627
2767,SIN INFORMACION DE BARRIOS,l10n_co_base_location.zip_co_153630
2768,SIN INFORMACION DE BARRIOS,l10n_co_base_location.zip_co_153637
2769,SIN INFORMACION DE BARRIOS,l10n_co_base_location.zip_co_153640
2770,SIN INFORMACION DE BARRIOS,l10n_co_base_location.zip_co_153647
2771,SIN INFORMACION DE BARRIOS,l10n_co_base_location.zip_co_153648
2772,SIN INFORMACION DE BARRIOS,l10n_co_base_location.zip_co_153649
2773,SIN INFORMACION DE BARRIOS,l10n_co_base_location.zip_co_153660
2774,SIN INFORMACION DE BARRIOS,l10n_co_base_location.zip_co_153667
2775,SIN INFORMACION DE BARRIOS,l10n_co_base_location.zip_co_153668
2776,SIN INFORMACION DE BARRIOS,l10n_co_base_location.zip_co_153801
2777,SIN INFORMACION DE BARRIOS,l10n_co_base_location.zip_co_153807
2778,SIN INFORMACION DE BARRIOS,l10n_co_base_location.zip_co_153808
2779,SIN INFORMACION DE BARRIOS,l10n_co_base_location.zip_co_153809
2780,SIN INFORMACION DE BARRIOS,l10n_co_base_location.zip_co_153820
2781,SIN INFORMACION DE BARRIOS,l10n_co_base_location.zip_co_153827
2782,SIN INFORMACION DE BARRIOS,l10n_co_base_location.zip_co_153840
2783,SIN INFORMACION DE BARRIOS,l10n_co_base_location.zip_co_153847
2784,SIN INFORMACION DE BARRIOS,l10n_co_base_location.zip_co_153860
2785,SIN INFORMACION DE BARRIOS,l10n_co_base_location.zip_co_153867
2786,SIN INFORMACION DE BARRIOS,l10n_co_base_location.zip_co_153880
2787,SIN INFORMACION DE BARRIOS,l10n_co_base_location.zip_co_153887
2788,SIN INFORMACION DE BARRIOS,l10n_co_base_location.zip_co_154001
2789,SIN INFORMACION DE BARRIOS,l10n_co_base_location.zip_co_154007
2790,SIN INFORMACION DE BARRIOS,l10n_co_base_location.zip_co_154020
2791,SIN INFORMACION DE BARRIOS,l10n_co_base_location.zip_co_154027
2792,SIN INFORMACION DE BARRIOS,l10n_co_base_location.zip_co_154040
2793,SIN INFORMACION DE BARRIOS,l10n_co_base_location.zip_co_154047
2794,SIN INFORMACION DE BARRIOS,l10n_co_base_location.zip_co_154060
2795,SIN INFORMACION DE BARRIOS,l10n_co_base_location.zip_co_154067
2796,SIN INFORMACION DE BARRIOS,l10n_co_base_location.zip_co_154080
2797,SIN INFORMACION DE BARRIOS,l10n_co_base_location.zip_co_154087
2798,SIN INFORMACION DE BARRIOS,l10n_co_base_location.zip_co_154201
2799,SIN INFORMACION DE BARRIOS,l10n_co_base_location.zip_co_154207
2800,SIN INFORMACION DE BARRIOS,l10n_co_base_location.zip_co_154220
2801,SIN INFORMACION DE BARRIOS,l10n_co_base_location.zip_co_154227
2802,SIN INFORMACION DE BARRIOS,l10n_co_base_location.zip_co_154240
2803,SIN INFORMACION DE BARRIOS,l10n_co_base_location.zip_co_154247
2804,SIN INFORMACION DE BARRIOS,l10n_co_base_location.zip_co_154260
2805,SIN INFORMACION DE BARRIOS,l10n_co_base_location.zip_co_154267
2806,SIN INFORMACION DE BARRIOS,l10n_co_base_location.zip_co_154268
2807,SIN INFORMACION DE BARRIOS,l10n_co_base_location.zip_co_154269
2808,SIN INFORMACION DE BARRIOS,l10n_co_base_location.zip_co_154401
2809,SIN INFORMACION DE BARRIOS,l10n_co_base_location.zip_co_154407
2810,SIN INFORMACION DE BARRIOS,l10n_co_base_location.zip_co_154420
2811,SIN INFORMACION DE BARRIOS,l10n_co_base_location.zip_co_154427
2812,SIN INFORMACION DE BARRIOS,l10n_co_base_location.zip_co_154428
2813,SIN INFORMACION DE BARRIOS,l10n_co_base_location.zip_co_154440
2814,SIN INFORMACION DE BARRIOS,l10n_co_base_location.zip_co_154447
2815,SIN INFORMACION DE BARRIOS,l10n_co_base_location.zip_co_154448
2816,SIN INFORMACION DE BARRIOS,l10n_co_base_location.zip_co_154460
2817,SIN INFORMACION DE BARRIOS,l10n_co_base_location.zip_co_154467
2818,SIN INFORMACION DE BARRIOS,l10n_co_base_location.zip_co_154601
2819,SIN INFORMACION DE BARRIOS,l10n_co_base_location.zip_co_154607
2820,SIN INFORMACION DE BARRIOS,l10n_co_base_location.zip_co_154608
2821,SIN INFORMACION DE BARRIOS,l10n_co_base_location.zip_co_154609
2822,SIN INFORMACION DE BARRIOS,l10n_co_base_location.zip_co_154617
2823,SIN INFORMACION DE BARRIOS,l10n_co_base_location.zip_co_154640
2824,SIN INFORMACION DE BARRIOS,l10n_co_base_location.zip_co_154647
2825,SIN INFORMACION DE BARRIOS,l10n_co_base_location.zip_co_154648
2826,SIN INFORMACION DE BARRIOS,l10n_co_base_location.zip_co_154660
2827,SIN INFORMACION DE BARRIOS,l10n_co_base_location.zip_co_154667
2828,SIN INFORMACION DE BARRIOS,l10n_co_base_location.zip_co_154670
2829,SIN INFORMACION DE BARRIOS,l10n_co_base_location.zip_co_154677
2830,SIN INFORMACION DE BARRIOS,l10n_co_base_location.zip_co_154680
2831,SIN INFORMACION DE BARRIOS,l10n_co_base_location.zip_co_154687
2832,SIN INFORMACION DE BARRIOS,l10n_co_base_location.zip_co_154801
2833,SIN INFORMACION DE BARRIOS,l10n_co_base_location.zip_co_154807
2834,SIN INFORMACION DE BARRIOS,l10n_co_base_location.zip_co_154808
2835,SIN INFORMACION DE BARRIOS,l10n_co_base_location.zip_co_154820
2836,SIN INFORMACION DE BARRIOS,l10n_co_base_location.zip_co_154827
2837,SIN INFORMACION DE BARRIOS,l10n_co_base_location.zip_co_154828
2838,SIN INFORMACION DE BARRIOS,l10n_co_base_location.zip_co_154840
2839,SIN INFORMACION DE BARRIOS,l10n_co_base_location.zip_co_154847
2840,SIN INFORMACION DE BARRIOS,l10n_co_base_location.zip_co_154848
2841,SIN INFORMACION DE BARRIOS,l10n_co_base_location.zip_co_154860
2842,SIN INFORMACION DE BARRIOS,l10n_co_base_location.zip_co_154867
2843,SIN INFORMACION DE BARRIOS,l10n_co_base_location.zip_co_154880
2844,SIN INFORMACION DE BARRIOS,l10n_co_base_location.zip_co_154887
2845,SIN INFORMACION DE BARRIOS,l10n_co_base_location.zip_co_155001
2846,SIN INFORMACION DE BARRIOS,l10n_co_base_location.zip_co_155007
2847,SIN INFORMACION DE BARRIOS,l10n_co_base_location.zip_co_155020
2848,SIN INFORMACION DE BARRIOS,l10n_co_base_location.zip_co_155027
2849,SIN INFORMACION DE BARRIOS,l10n_co_base_location.zip_co_155028
2850,SIN INFORMACION DE BARRIOS,l10n_co_base_location.zip_co_155040
2851,SIN INFORMACION DE BARRIOS,l10n_co_base_location.zip_co_155047
2852,SIN INFORMACION DE BARRIOS,l10n_co_base_location.zip_co_155048
2853,CENTRO,l10n_co_base_location.zip_co_155060
2854,DANUBIO,l10n_co_base_location.zip_co_155060
2855,EL CARMEN,l10n_co_base_location.zip_co_155060
2856,PORVENIR,l10n_co_base_location.zip_co_155060
2857,SIN INFORMACION DE BARRIOS,l10n_co_base_location.zip_co_155067
2858,BOSQUE,l10n_co_base_location.zip_co_155068
2859,SIN INFORMACION DE BARRIOS,l10n_co_base_location.zip_co_155201
2860,SIN INFORMACION DE BARRIOS,l10n_co_base_location.zip_co_155207
2861,SIN INFORMACION DE BARRIOS,l10n_co_base_location.zip_co_155208
2862,SIN INFORMACION DE BARRIOS,l10n_co_base_location.zip_co_155209
2863,SIN INFORMACION DE BARRIOS,l10n_co_base_location.zip_co_155217
2864,SIN INFORMACION DE BARRIOS,l10n_co_base_location.zip_co_155218
2865,SIN INFORMACION DE BARRIOS,l10n_co_base_location.zip_co_155219
2866,ALTOS DE CAPRI,l10n_co_base_location.zip_co_170001
2867,ASÍS,l10n_co_base_location.zip_co_170001
2868,AURES,l10n_co_base_location.zip_co_170001
2869,BELLA MONTAÑA HOSP GERI,l10n_co_base_location.zip_co_170001
2870,CAMPO HERMOSO,l10n_co_base_location.zip_co_170001
2871,CENTRO,l10n_co_base_location.zip_co_170001
2872,CHIPRE,l10n_co_base_location.zip_co_170001
2873,CIUDADELA LA LINDA,l10n_co_base_location.zip_co_170001
2874,COLÓN,l10n_co_base_location.zip_co_170001
2875,CORINTIO,l10n_co_base_location.zip_co_170001
2876,DELICIAS,l10n_co_base_location.zip_co_170001
2877,ESTRADA,l10n_co_base_location.zip_co_170001
2878,FANNY GONZÁLEZ,l10n_co_base_location.zip_co_170001
2879,GALÁN,l10n_co_base_location.zip_co_170001
2880,LA FRANCIA,l10n_co_base_location.zip_co_170001
2881,LOS AGUSTINOS,l10n_co_base_location.zip_co_170001
2882,MORROGACHO,l10n_co_base_location.zip_co_170001
2883,SACATÍN,l10n_co_base_location.zip_co_170001
2884,SAN IGNACIO,l10n_co_base_location.zip_co_170001
2885,SAN JOSÉ,l10n_co_base_location.zip_co_170001
2886,SANTA HELENA,l10n_co_base_location.zip_co_170001
2887,SECTOR,l10n_co_base_location.zip_co_170001
2888,BOSQUES DEL NORTE,l10n_co_base_location.zip_co_170002
2889,COMUNEROS,l10n_co_base_location.zip_co_170002
2890,EL CARIBE,l10n_co_base_location.zip_co_170002
2891,EL PORVENIR,l10n_co_base_location.zip_co_170002
2892,EL SOL,l10n_co_base_location.zip_co_170002
2893,LA ARGENTINA,l10n_co_base_location.zip_co_170002
2894,LA ASUNCIÓN,l10n_co_base_location.zip_co_170002
2895,LA CAROLA,l10n_co_base_location.zip_co_170002
2896,LA LEONORA,l10n_co_base_location.zip_co_170002
2897,LA RAMBLA,l10n_co_base_location.zip_co_170002
2898,LAURELES,l10n_co_base_location.zip_co_170002
2899,LOS CEDROS,l10n_co_base_location.zip_co_170002
2900,LOS ROSALES,l10n_co_base_location.zip_co_170002
2901,MINITAS,l10n_co_base_location.zip_co_170002
2902,PERALONSO,l10n_co_base_location.zip_co_170002
2903,SAN CAYETANO,l10n_co_base_location.zip_co_170002
2904,SAN JORGE,l10n_co_base_location.zip_co_170002
2905,SAN SEBASTIÁN (I,l10n_co_base_location.zip_co_170002
2906,II ETAPA),l10n_co_base_location.zip_co_170002
2907,SINAÍ,l10n_co_base_location.zip_co_170002
2908,SOLFERINO,l10n_co_base_location.zip_co_170002
2909,VILLAH,l10n_co_base_location.zip_co_170002
2910,ALTA SUIZA,l10n_co_base_location.zip_co_170003
2911,BAJA SUIZA,l10n_co_base_location.zip_co_170003
2912,CASERÍO LA ENEA,l10n_co_base_location.zip_co_170003
2913,CERROS DE LA ALHAMBRA,l10n_co_base_location.zip_co_170003
2914,COLSEGUROS,l10n_co_base_location.zip_co_170003
2915,EL TRÉBOL,l10n_co_base_location.zip_co_170003
2916,JUANCHITO,l10n_co_base_location.zip_co_170003
2917,LA ENEA,l10n_co_base_location.zip_co_170003
2918,LA SULTANA,l10n_co_base_location.zip_co_170003
2919,LA TOSCANA,l10n_co_base_location.zip_co_170003
2920,LUSITANIA,l10n_co_base_location.zip_co_170003
2921,MALTERÍA,l10n_co_base_location.zip_co_170003
2922,MILÁN,l10n_co_base_location.zip_co_170003
2923,RESIDENCIAS MANIZALES,l10n_co_base_location.zip_co_170003
2924,SAN MARCEL,l10n_co_base_location.zip_co_170003
2925,ARANJUEZ,l10n_co_base_location.zip_co_170004
2926,ARBOLEDA,l10n_co_base_location.zip_co_170004
2927,BAJO PRADO,l10n_co_base_location.zip_co_170004
2928,BELÉN,l10n_co_base_location.zip_co_170004
2929,BETANIA,l10n_co_base_location.zip_co_170004
2930,CAMELIA,l10n_co_base_location.zip_co_170004
2931,CAMILO TORRES,l10n_co_base_location.zip_co_170004
2932,COLOMBIA,l10n_co_base_location.zip_co_170004
2933,EL CAMPÍN,l10n_co_base_location.zip_co_170004
2934,FÁTIMA,l10n_co_base_location.zip_co_170004
2935,GONZÁLEZ,l10n_co_base_location.zip_co_170004
2936,GUAYACANES,l10n_co_base_location.zip_co_170004
2937,KENNEDY,l10n_co_base_location.zip_co_170004
2938,LA ESTRELLA,l10n_co_base_location.zip_co_170004
2939,LAS COLINAS,l10n_co_base_location.zip_co_170004
2940,LLERAS,l10n_co_base_location.zip_co_170004
2941,BAVARIA,l10n_co_base_location.zip_co_170004
2942,MALHABAR,l10n_co_base_location.zip_co_170004
2943,PALERMO,l10n_co_base_location.zip_co_170004
2944,PALOGRANDE,l10n_co_base_location.zip_co_170004
2945,PERSIA,l10n_co_base_location.zip_co_170004
2946,PRADO,l10n_co_base_location.zip_co_170004
2947,PÍO XII,l10n_co_base_location.zip_co_170004
2948,SAN CANCIO,l10n_co_base_location.zip_co_170004
2949,URIBE,l10n_co_base_location.zip_co_170004
2950,VERSA,l10n_co_base_location.zip_co_170004
2951,20 DE JULIO,l10n_co_base_location.zip_co_170006
2952,ARRAYANES,l10n_co_base_location.zip_co_170006
2953,CAMPO AMOR,l10n_co_base_location.zip_co_170006
2954,CASTELLANA,l10n_co_base_location.zip_co_170006
2955,CENTENARIO,l10n_co_base_location.zip_co_170006
2956,CERVANTES,l10n_co_base_location.zip_co_170006
2957,EL BOSQUE,l10n_co_base_location.zip_co_170006
2958,BOSCONIA,l10n_co_base_location.zip_co_170006
2959,EL CARMEN,l10n_co_base_location.zip_co_170006
2960,EL PARAÍSO (ALFEREZ),l10n_co_base_location.zip_co_170006
2961,ESTAMBÚL,l10n_co_base_location.zip_co_170006
2962,MULTIFAMILIAR,l10n_co_base_location.zip_co_170006
2963,FUNDADORES,l10n_co_base_location.zip_co_170006
2964,GUAMAL,l10n_co_base_location.zip_co_170006
2965,JESÚS DE LA ESPERANZA,l10n_co_base_location.zip_co_170006
2966,MARMATO,l10n_co_base_location.zip_co_170006
2967,NEVADO,l10n_co_base_location.zip_co_170006
2968,NOGALES,l10n_co_base_location.zip_co_170006
2969,PORTAL DE NOGA,l10n_co_base_location.zip_co_170006
2970,PANORAMA,l10n_co_base_location.zip_co_170006
2971,LA MON,l10n_co_base_location.zip_co_170006
2972,SIN INFORMACION DE BARRIOS,l10n_co_base_location.zip_co_170007
2973,SIN INFORMACION DE BARRIOS,l10n_co_base_location.zip_co_170008
2974,SIN INFORMACION DE BARRIOS,l10n_co_base_location.zip_co_170009
2975,ALHAMBRA,l10n_co_base_location.zip_co_170017
2976,COLINAS PORTA,l10n_co_base_location.zip_co_170017
2977,BOSQUES DE NIZA,l10n_co_base_location.zip_co_170017
2978,LA CUMBRE,l10n_co_base_location.zip_co_170017
2979,SIN INFORMACION DE BARRIOS,l10n_co_base_location.zip_co_171001
2980,SIN INFORMACION DE BARRIOS,l10n_co_base_location.zip_co_171007
2981,SIN INFORMACION DE BARRIOS,l10n_co_base_location.zip_co_171008
2982,SIN INFORMACION DE BARRIOS,l10n_co_base_location.zip_co_171020
2983,SIN INFORMACION DE BARRIOS,l10n_co_base_location.zip_co_171027
2984,SIN INFORMACION DE BARRIOS,l10n_co_base_location.zip_co_171028
2985,SIN INFORMACION DE BARRIOS,l10n_co_base_location.zip_co_171040
2986,SIN INFORMACION DE BARRIOS,l10n_co_base_location.zip_co_171047
2987,SIN INFORMACION DE BARRIOS,l10n_co_base_location.zip_co_172001
2988,SIN INFORMACION DE BARRIOS,l10n_co_base_location.zip_co_172007
2989,SIN INFORMACION DE BARRIOS,l10n_co_base_location.zip_co_172008
2990,SIN INFORMACION DE BARRIOS,l10n_co_base_location.zip_co_172009
2991,SIN INFORMACION DE BARRIOS,l10n_co_base_location.zip_co_172020
2992,SIN INFORMACION DE BARRIOS,l10n_co_base_location.zip_co_172027
2993,SIN INFORMACION DE BARRIOS,l10n_co_base_location.zip_co_172028
2994,SIN INFORMACION DE BARRIOS,l10n_co_base_location.zip_co_172029
2995,SIN INFORMACION DE BARRIOS,l10n_co_base_location.zip_co_172040
2996,SIN INFORMACION DE BARRIOS,l10n_co_base_location.zip_co_172047
2997,SIN INFORMACION DE BARRIOS,l10n_co_base_location.zip_co_172048
2998,SIN INFORMACION DE BARRIOS,l10n_co_base_location.zip_co_172060
2999,SIN INFORMACION DE BARRIOS,l10n_co_base_location.zip_co_172067
3000,SIN INFORMACION DE BARRIOS,l10n_co_base_location.zip_co_173001
3001,SIN INFORMACION DE BARRIOS,l10n_co_base_location.zip_co_173007
3002,SIN INFORMACION DE BARRIOS,l10n_co_base_location.zip_co_173020
3003,SIN INFORMACION DE BARRIOS,l10n_co_base_location.zip_co_173027
3004,SIN INFORMACION DE BARRIOS,l10n_co_base_location.zip_co_173028
3005,SIN INFORMACION DE BARRIOS,l10n_co_base_location.zip_co_173040
3006,SIN INFORMACION DE BARRIOS,l10n_co_base_location.zip_co_173047
3007,SIN INFORMACION DE BARRIOS,l10n_co_base_location.zip_co_173048
3008,SIN INFORMACION DE BARRIOS,l10n_co_base_location.zip_co_173060
3009,SIN INFORMACION DE BARRIOS,l10n_co_base_location.zip_co_173067
3010,SIN INFORMACION DE BARRIOS,l10n_co_base_location.zip_co_173068
3011,SIN INFORMACION DE BARRIOS,l10n_co_base_location.zip_co_173069
3012,SIN INFORMACION DE BARRIOS,l10n_co_base_location.zip_co_174001
3013,SIN INFORMACION DE BARRIOS,l10n_co_base_location.zip_co_174007
3014,SIN INFORMACION DE BARRIOS,l10n_co_base_location.zip_co_174008
3015,SIN INFORMACION DE BARRIOS,l10n_co_base_location.zip_co_174009
3016,SIN INFORMACION DE BARRIOS,l10n_co_base_location.zip_co_174030
3017,SIN INFORMACION DE BARRIOS,l10n_co_base_location.zip_co_174037
3018,SIN INFORMACION DE BARRIOS,l10n_co_base_location.zip_co_174038
3019,SIN INFORMACION DE BARRIOS,l10n_co_base_location.zip_co_175001
3020,SIN INFORMACION DE BARRIOS,l10n_co_base_location.zip_co_175007
3021,ALFONSO LOPEZ,l10n_co_base_location.zip_co_175030
3022,EL REPOSO,l10n_co_base_location.zip_co_175030
3023,FERRO MÉXICO,l10n_co_base_location.zip_co_175030
3024,LA CONCORDIA,l10n_co_base_location.zip_co_175030
3025,LA FORTUNA,l10n_co_base_location.zip_co_175030
3026,LAS FERIAS,l10n_co_base_location.zip_co_175030
3027,LOS ANDES,l10n_co_base_location.zip_co_175030
3028,URBANIZACIÓN EL PARAÍSO,l10n_co_base_location.zip_co_175030
3029,URBANIZACIÓN PITALITO,l10n_co_base_location.zip_co_175030
3030,URBANIZACIÓN VILLA ESPERANZA,l10n_co_base_location.zip_co_175030
3031,VICTORIA REAL,l10n_co_base_location.zip_co_175030
3032,BUCAMBA,l10n_co_base_location.zip_co_175031
3033,BUENOS AIRES,l10n_co_base_location.zip_co_175031
3034,CENTRO,l10n_co_base_location.zip_co_175031
3035,CHICÓ,l10n_co_base_location.zip_co_175031
3036,CONEJO,l10n_co_base_location.zip_co_175031
3037,COREA,l10n_co_base_location.zip_co_175031
3038,EL CABRERO,l10n_co_base_location.zip_co_175031
3039,LA FEIPCIACA,l10n_co_base_location.zip_co_175031
3040,LA MAGDALENA,l10n_co_base_location.zip_co_175031
3041,LA SOLEDAD,l10n_co_base_location.zip_co_175031
3042,LAS CRUCES,l10n_co_base_location.zip_co_175031
3043,LAS DELICIAS,l10n_co_base_location.zip_co_175031
3044,LAS MARGARITAS,l10n_co_base_location.zip_co_175031
3045,LAS PALMAS,l10n_co_base_location.zip_co_175031
3046,LAS VILLAS,l10n_co_base_location.zip_co_175031
3047,LIBORIO,l10n_co_base_location.zip_co_175031
3048,LOS ALPES,l10n_co_base_location.zip_co_175031
3049,LOS LAURELES,l10n_co_base_location.zip_co_175031
3050,MOBIL,l10n_co_base_location.zip_co_175031
3051,OBRERO,l10n_co_base_location.zip_co_175031
3052,PILAR VILLEGAS,l10n_co_base_location.zip_co_175031
3053,PLAZA DE LOS LIMONE,l10n_co_base_location.zip_co_175031
3054,SIN INFORMACION DE BARRIOS,l10n_co_base_location.zip_co_175037
3055,SIN INFORMACION DE BARRIOS,l10n_co_base_location.zip_co_175038
3056,SIN INFORMACION DE BARRIOS,l10n_co_base_location.zip_co_176001
3057,SIN INFORMACION DE BARRIOS,l10n_co_base_location.zip_co_176007
3058,SIN INFORMACION DE BARRIOS,l10n_co_base_location.zip_co_176008
3059,SIN INFORMACION DE BARRIOS,l10n_co_base_location.zip_co_176020
3060,SIN INFORMACION DE BARRIOS,l10n_co_base_location.zip_co_176027
3061,SIN INFORMACION DE BARRIOS,l10n_co_base_location.zip_co_176028
3062,SIN INFORMACION DE BARRIOS,l10n_co_base_location.zip_co_176040
3063,SIN INFORMACION DE BARRIOS,l10n_co_base_location.zip_co_176047
3064,SIN INFORMACION DE BARRIOS,l10n_co_base_location.zip_co_176048
3065,SIN INFORMACION DE BARRIOS,l10n_co_base_location.zip_co_177001
3066,SIN INFORMACION DE BARRIOS,l10n_co_base_location.zip_co_177007
3067,SIN INFORMACION DE BARRIOS,l10n_co_base_location.zip_co_177020
3068,SIN INFORMACION DE BARRIOS,l10n_co_base_location.zip_co_177027
3069,SIN INFORMACION DE BARRIOS,l10n_co_base_location.zip_co_177040
3070,SIN INFORMACION DE BARRIOS,l10n_co_base_location.zip_co_177047
3071,SIN INFORMACION DE BARRIOS,l10n_co_base_location.zip_co_177060
3072,SIN INFORMACION DE BARRIOS,l10n_co_base_location.zip_co_177067
3073,SIN INFORMACION DE BARRIOS,l10n_co_base_location.zip_co_177068
3074,SIN INFORMACION DE BARRIOS,l10n_co_base_location.zip_co_177080
3075,SIN INFORMACION DE BARRIOS,l10n_co_base_location.zip_co_177087
3076,SIN INFORMACION DE BARRIOS,l10n_co_base_location.zip_co_177088
3077,SIN INFORMACION DE BARRIOS,l10n_co_base_location.zip_co_177089
3078,SIN INFORMACION DE BARRIOS,l10n_co_base_location.zip_co_178001
3079,SIN INFORMACION DE BARRIOS,l10n_co_base_location.zip_co_178007
3080,SIN INFORMACION DE BARRIOS,l10n_co_base_location.zip_co_178020
3081,SIN INFORMACION DE BARRIOS,l10n_co_base_location.zip_co_178027
3082,SIN INFORMACION DE BARRIOS,l10n_co_base_location.zip_co_178028
3083,SIN INFORMACION DE BARRIOS,l10n_co_base_location.zip_co_178040
3084,SIN INFORMACION DE BARRIOS,l10n_co_base_location.zip_co_178047
3085,SIN INFORMACION DE BARRIOS,l10n_co_base_location.zip_co_178048
3086,SIN INFORMACION DE BARRIOS,l10n_co_base_location.zip_co_178049
3087,SIN INFORMACION DE BARRIOS,l10n_co_base_location.zip_co_178057
3088,ALAMOS,l10n_co_base_location.zip_co_180001
3089,ALFONSO LOPEZ,l10n_co_base_location.zip_co_180001
3090,ALTOS DE LA COLINA,l10n_co_base_location.zip_co_180001
3091,BRISAS DEL HACHA,l10n_co_base_location.zip_co_180001
3092,BUENOS AIRES ALTO,l10n_co_base_location.zip_co_180001
3093,BUENOS AIRES BAJO,l10n_co_base_location.zip_co_180001
3094,CEMENTERIO,l10n_co_base_location.zip_co_180001
3095,CENTRO,l10n_co_base_location.zip_co_180001
3096,CIRCACIA,l10n_co_base_location.zip_co_180001
3097,EL CUNDUY,l10n_co_base_location.zip_co_180001
3098,EL RAICERO,l10n_co_base_location.zip_co_180001
3099,EL TORASSO ALTO,l10n_co_base_location.zip_co_180001
3100,EL TORASSO BAJO,l10n_co_base_location.zip_co_180001
3101,GALÁN,l10n_co_base_location.zip_co_180001
3102,GUAMAL,l10n_co_base_location.zip_co_180001
3103,HERNANDO TURBAY,l10n_co_base_location.zip_co_180001
3104,INCORA,l10n_co_base_location.zip_co_180001
3105,JERICÓ,l10n_co_base_location.zip_co_180001
3106,JORGE AUGUSTO SÁNCHEZ,l10n_co_base_location.zip_co_180001
3107,17 DE ENERO,l10n_co_base_location.zip_co_180002
3108,20 DE JULIO,l10n_co_base_location.zip_co_180002
3109,ABBAS TURBAY,l10n_co_base_location.zip_co_180002
3110,ALAMOS NORORIENTAL,l10n_co_base_location.zip_co_180002
3111,ANA MARÍA,l10n_co_base_location.zip_co_180002
3112,ANGEL R ACOSTA,l10n_co_base_location.zip_co_180002
3113,ASENTAMIENTO SUBNORMAL EL MIRADOR,l10n_co_base_location.zip_co_180002
3114,ASENTAMIENTO SUBNORMAL IDEMA,l10n_co_base_location.zip_co_180002
3115,ASOCIACIÓN DE VIVIENDA VISTA HERMOSA,l10n_co_base_location.zip_co_180002
3116,AV PUENTE LÓPEZ,l10n_co_base_location.zip_co_180002
3117,BELLA VISTA ETAPA I,l10n_co_base_location.zip_co_180002
3118,BELLA VISTA ETAPA II,l10n_co_base_location.zip_co_180002
3119,BELLO,l10n_co_base_location.zip_co_180002
3120,ENTRE RÍOS,l10n_co_base_location.zip_co_180007
3121,URBANIZACIÓN NISOLA,l10n_co_base_location.zip_co_180007
3122,SIN INFORMACION DE BARRIOS,l10n_co_base_location.zip_co_180008
3123,SIN INFORMACION DE BARRIOS,l10n_co_base_location.zip_co_180009
3124,SIN INFORMACION DE BARRIOS,l10n_co_base_location.zip_co_180017
3125,SIN INFORMACION DE BARRIOS,l10n_co_base_location.zip_co_181010
3126,SIN INFORMACION DE BARRIOS,l10n_co_base_location.zip_co_181017
3127,SIN INFORMACION DE BARRIOS,l10n_co_base_location.zip_co_181018
3128,SIN INFORMACION DE BARRIOS,l10n_co_base_location.zip_co_181019
3129,SIN INFORMACION DE BARRIOS,l10n_co_base_location.zip_co_181030
3130,SIN INFORMACION DE BARRIOS,l10n_co_base_location.zip_co_181037
3131,SIN INFORMACION DE BARRIOS,l10n_co_base_location.zip_co_181038
3132,SIN INFORMACION DE BARRIOS,l10n_co_base_location.zip_co_181039
3133,SIN INFORMACION DE BARRIOS,l10n_co_base_location.zip_co_181050
3134,SIN INFORMACION DE BARRIOS,l10n_co_base_location.zip_co_181057
3135,SIN INFORMACION DE BARRIOS,l10n_co_base_location.zip_co_181058
3136,SIN INFORMACION DE BARRIOS,l10n_co_base_location.zip_co_181059
3137,SIN INFORMACION DE BARRIOS,l10n_co_base_location.zip_co_181067
3138,SIN INFORMACION DE BARRIOS,l10n_co_base_location.zip_co_182010
3139,SIN INFORMACION DE BARRIOS,l10n_co_base_location.zip_co_182017
3140,SIN INFORMACION DE BARRIOS,l10n_co_base_location.zip_co_182018
3141,SIN INFORMACION DE BARRIOS,l10n_co_base_location.zip_co_182019
3142,SIN INFORMACION DE BARRIOS,l10n_co_base_location.zip_co_182050
3143,SIN INFORMACION DE BARRIOS,l10n_co_base_location.zip_co_182057
3144,SIN INFORMACION DE BARRIOS,l10n_co_base_location.zip_co_182058
3145,SIN INFORMACION DE BARRIOS,l10n_co_base_location.zip_co_182059
3146,SIN INFORMACION DE BARRIOS,l10n_co_base_location.zip_co_183010
3147,SIN INFORMACION DE BARRIOS,l10n_co_base_location.zip_co_183017
3148,SIN INFORMACION DE BARRIOS,l10n_co_base_location.zip_co_183018
3149,SIN INFORMACION DE BARRIOS,l10n_co_base_location.zip_co_183019
3150,SIN INFORMACION DE BARRIOS,l10n_co_base_location.zip_co_183027
3151,SIN INFORMACION DE BARRIOS,l10n_co_base_location.zip_co_184010
3152,SIN INFORMACION DE BARRIOS,l10n_co_base_location.zip_co_184017
3153,SIN INFORMACION DE BARRIOS,l10n_co_base_location.zip_co_184018
3154,SIN INFORMACION DE BARRIOS,l10n_co_base_location.zip_co_184019
3155,SIN INFORMACION DE BARRIOS,l10n_co_base_location.zip_co_185010
3156,SIN INFORMACION DE BARRIOS,l10n_co_base_location.zip_co_185017
3157,SIN INFORMACION DE BARRIOS,l10n_co_base_location.zip_co_185018
3158,SIN INFORMACION DE BARRIOS,l10n_co_base_location.zip_co_185030
3159,SIN INFORMACION DE BARRIOS,l10n_co_base_location.zip_co_185037
3160,SIN INFORMACION DE BARRIOS,l10n_co_base_location.zip_co_185038
3161,SIN INFORMACION DE BARRIOS,l10n_co_base_location.zip_co_185050
3162,SIN INFORMACION DE BARRIOS,l10n_co_base_location.zip_co_185057
3163,SIN INFORMACION DE BARRIOS,l10n_co_base_location.zip_co_185058
3164,SIN INFORMACION DE BARRIOS,l10n_co_base_location.zip_co_185070
3165,SIN INFORMACION DE BARRIOS,l10n_co_base_location.zip_co_185077
3166,SIN INFORMACION DE BARRIOS,l10n_co_base_location.zip_co_185078
3167,SIN INFORMACION DE BARRIOS,l10n_co_base_location.zip_co_186010
3168,SIN INFORMACION DE BARRIOS,l10n_co_base_location.zip_co_186017
3169,SIN INFORMACION DE BARRIOS,l10n_co_base_location.zip_co_186018
3170,SIN INFORMACION DE BARRIOS,l10n_co_base_location.zip_co_186030
3171,SIN INFORMACION DE BARRIOS,l10n_co_base_location.zip_co_186037
3172,SIN INFORMACION DE BARRIOS,l10n_co_base_location.zip_co_186038
3173,SIN INFORMACION DE BARRIOS,l10n_co_base_location.zip_co_186050
3174,SIN INFORMACION DE BARRIOS,l10n_co_base_location.zip_co_186057
3175,SIN INFORMACION DE BARRIOS,l10n_co_base_location.zip_co_186058
3176,SIN INFORMACION DE BARRIOS,l10n_co_base_location.zip_co_186059
3177,SIN INFORMACION DE BARRIOS,l10n_co_base_location.zip_co_186070
3178,SIN INFORMACION DE BARRIOS,l10n_co_base_location.zip_co_186077
3179,SIN INFORMACION DE BARRIOS,l10n_co_base_location.zip_co_186078
3180,13 DE OCTUBRE,l10n_co_base_location.zip_co_190001
3181,BALCONES DEL NORTE,l10n_co_base_location.zip_co_190001
3182,BELLAVISTA,l10n_co_base_location.zip_co_190001
3183,BELLO HORIZONTE,l10n_co_base_location.zip_co_190001
3184,BOSQUES DEL PINAR,l10n_co_base_location.zip_co_190001
3185,CANALES DE BRUJAS,l10n_co_base_location.zip_co_190001
3186,CANTERBURY,l10n_co_base_location.zip_co_190001
3187,CONJUNTO MARÍA PAZ,l10n_co_base_location.zip_co_190001
3188,CRUZ ROJA,l10n_co_base_location.zip_co_190001
3189,DESTECHADOS DEL NORTE,l10n_co_base_location.zip_co_190001
3190,EL BAMBÚ,l10n_co_base_location.zip_co_190001
3191,EL PLACER,l10n_co_base_location.zip_co_190001
3192,EL TABLAZO,l10n_co_base_location.zip_co_190001
3193,EL TABLAZO I,l10n_co_base_location.zip_co_190001
3194,EL UVO,l10n_co_base_location.zip_co_190001
3195,GRAN BRETAÑA,l10n_co_base_location.zip_co_190001
3196,GUAYACANES DEL RÍO,l10n_co_base_location.zip_co_190001
3197,AIDA LUCÍA,l10n_co_base_location.zip_co_190002
3198,ALTOS DEL JARDÍN,l10n_co_base_location.zip_co_190002
3199,ANTONIO NARIÑO,l10n_co_base_location.zip_co_190002
3200,ASENTAMIENTO LA ISLA,l10n_co_base_location.zip_co_190002
3201,BELALCÁZAR,l10n_co_base_location.zip_co_190002
3202,BOLÍVAR,l10n_co_base_location.zip_co_190002
3203,BOSQUES DE POMONA,l10n_co_base_location.zip_co_190002
3204,CALDAS,l10n_co_base_location.zip_co_190002
3205,CAMILO TORRES,l10n_co_base_location.zip_co_190002
3206,CAMPAMENTO,l10n_co_base_location.zip_co_190002
3207,CAMPO BELLO,l10n_co_base_location.zip_co_190002
3208,CATAY,l10n_co_base_location.zip_co_190002
3209,CIUDAD JARDÍN,l10n_co_base_location.zip_co_190002
3210,EL LICEO,l10n_co_base_location.zip_co_190002
3211,EL PORTÓN,l10n_co_base_location.zip_co_190002
3212,EL RECUERDO,l10n_co_base_location.zip_co_190002
3213,EL REFUGIO,l10n_co_base_location.zip_co_190002
3214,EL RINCÓN DE POMONA,l10n_co_base_location.zip_co_190002
3215,EL TRIUNFO,l10n_co_base_location.zip_co_190002
3216,1 DE MAYO,l10n_co_base_location.zip_co_190003
3217,ALFONSO LOPEZ,l10n_co_base_location.zip_co_190003
3218,ARGENTINA,l10n_co_base_location.zip_co_190003
3219,AVELINO UL,l10n_co_base_location.zip_co_190003
3220,BERLÍN,l10n_co_base_location.zip_co_190003
3221,BLOQUES MOSCOPAN,l10n_co_base_location.zip_co_190003
3222,CADILLAL,l10n_co_base_location.zip_co_190003
3223,CALICANTO,l10n_co_base_location.zip_co_190003
3224,CENTRO,l10n_co_base_location.zip_co_190003
3225,COLGATE PALMOLIVE,l10n_co_base_location.zip_co_190003
3226,COLOMBIA I ETAPA,l10n_co_base_location.zip_co_190003
3227,EL ACHIRAL,l10n_co_base_location.zip_co_190003
3228,EL BOQUERON,l10n_co_base_location.zip_co_190003
3229,EL DEAN,l10n_co_base_location.zip_co_190003
3230,EL EMPEDRADO,l10n_co_base_location.zip_co_190003
3231,EL LAGO,l10n_co_base_location.zip_co_190003
3232,EL LIMONAR,l10n_co_base_location.zip_co_190003
3233,EL POBLADO,l10n_co_base_location.zip_co_190003
3234,EL PRADO,l10n_co_base_location.zip_co_190003
3235,FUCHA,l10n_co_base_location.zip_co_190003
3236,GABRIEL GARCÍA M,l10n_co_base_location.zip_co_190003
3237,31 DE MARZO,l10n_co_base_location.zip_co_190004
3238,5 DE ABRIL,l10n_co_base_location.zip_co_190004
3239,CANADÁ,l10n_co_base_location.zip_co_190004
3240,CARLOS I,l10n_co_base_location.zip_co_190004
3241,CHAPINERO,l10n_co_base_location.zip_co_190004
3242,COLOMBIA II ETAPA,l10n_co_base_location.zip_co_190004
3243,EL MIRADOR,l10n_co_base_location.zip_co_190004
3244,EL PAJONAL,l10n_co_base_location.zip_co_190004
3245,EL RETIRO,l10n_co_base_location.zip_co_190004
3246,GALERÍAS LAS PALMAS,l10n_co_base_location.zip_co_190004
3247,JOSÉ MARÍA OBANDO,l10n_co_base_location.zip_co_190004
3248,JUNÍN,l10n_co_base_location.zip_co_190004
3249,KENNEDY,l10n_co_base_location.zip_co_190004
3250,LA CAMPIÑA,l10n_co_base_location.zip_co_190004
3251,LA CAPITANA,l10n_co_base_location.zip_co_190004
3252,LA ESMERALDA,l10n_co_base_location.zip_co_190004
3253,LA INDEPENDENCIA,l10n_co_base_location.zip_co_190004
3254,LA ISABELA,l10n_co_base_location.zip_co_190004
3255,LA LADERA,l10n_co_base_location.zip_co_190004
3256,LA LIBERTAD,l10n_co_base_location.zip_co_190004
3257,LOMAS DE LA PAZ,l10n_co_base_location.zip_co_190007
3258,NUEVO TEQUENDAMA,l10n_co_base_location.zip_co_190007
3259,SIN INFORMACION DE BARRIOS,l10n_co_base_location.zip_co_190008
3260,SIN INFORMACION DE BARRIOS,l10n_co_base_location.zip_co_190009
3261,PLATEADO,l10n_co_base_location.zip_co_190017
3262,PUEBLILLO,l10n_co_base_location.zip_co_190017
3263,URBANIZACIÓN LOS ANDES,l10n_co_base_location.zip_co_190017
3264,ASENTAMIENTO SAMUEL SILVERIO,l10n_co_base_location.zip_co_190018
3265,LOS DOS BRAZOS,l10n_co_base_location.zip_co_190018
3266,LOS FAROLES,l10n_co_base_location.zip_co_190018
3267,PUELENJE,l10n_co_base_location.zip_co_190018
3268,VEREDA DE TORRES,l10n_co_base_location.zip_co_190018
3269,VEREDA EL BOQUERÓN,l10n_co_base_location.zip_co_190018
3270,VEREDA EL SALVADOR,l10n_co_base_location.zip_co_190018
3271,VEREDA EL TÚNEL,l10n_co_base_location.zip_co_190018
3272,SIN INFORMACION DE BARRIOS,l10n_co_base_location.zip_co_190501
3273,SIN INFORMACION DE BARRIOS,l10n_co_base_location.zip_co_190507
3274,SIN INFORMACION DE BARRIOS,l10n_co_base_location.zip_co_190508
3275,SIN INFORMACION DE BARRIOS,l10n_co_base_location.zip_co_190509
3276,SIN INFORMACION DE BARRIOS,l10n_co_base_location.zip_co_190517
3277,SIN INFORMACION DE BARRIOS,l10n_co_base_location.zip_co_190518
3278,SIN INFORMACION DE BARRIOS,l10n_co_base_location.zip_co_190530
3279,SIN INFORMACION DE BARRIOS,l10n_co_base_location.zip_co_190537
3280,SIN INFORMACION DE BARRIOS,l10n_co_base_location.zip_co_190538
3281,SIN INFORMACION DE BARRIOS,l10n_co_base_location.zip_co_190539
3282,SIN INFORMACION DE BARRIOS,l10n_co_base_location.zip_co_190547
3283,SIN INFORMACION DE BARRIOS,l10n_co_base_location.zip_co_190548
3284,SIN INFORMACION DE BARRIOS,l10n_co_base_location.zip_co_190550
3285,SIN INFORMACION DE BARRIOS,l10n_co_base_location.zip_co_190557
3286,SIN INFORMACION DE BARRIOS,l10n_co_base_location.zip_co_190558
3287,SIN INFORMACION DE BARRIOS,l10n_co_base_location.zip_co_190559
3288,SIN INFORMACION DE BARRIOS,l10n_co_base_location.zip_co_190567
3289,SIN INFORMACION DE BARRIOS,l10n_co_base_location.zip_co_190580
3290,SIN INFORMACION DE BARRIOS,l10n_co_base_location.zip_co_190587
3291,SIN INFORMACION DE BARRIOS,l10n_co_base_location.zip_co_190588
3292,SIN INFORMACION DE BARRIOS,l10n_co_base_location.zip_co_190589
3293,SIN INFORMACION DE BARRIOS,l10n_co_base_location.zip_co_190597
3294,SIN INFORMACION DE BARRIOS,l10n_co_base_location.zip_co_191001
3295,SIN INFORMACION DE BARRIOS,l10n_co_base_location.zip_co_191007
3296,SIN INFORMACION DE BARRIOS,l10n_co_base_location.zip_co_191008
3297,SIN INFORMACION DE BARRIOS,l10n_co_base_location.zip_co_191009
3298,SIN INFORMACION DE BARRIOS,l10n_co_base_location.zip_co_191017
3299,SIN INFORMACION DE BARRIOS,l10n_co_base_location.zip_co_191030
3300,SIN INFORMACION DE BARRIOS,l10n_co_base_location.zip_co_191037
3301,SIN INFORMACION DE BARRIOS,l10n_co_base_location.zip_co_191038
3302,SIN INFORMACION DE BARRIOS,l10n_co_base_location.zip_co_191039
3303,SIN INFORMACION DE BARRIOS,l10n_co_base_location.zip_co_191047
3304,SIN INFORMACION DE BARRIOS,l10n_co_base_location.zip_co_191048
3305,SIN INFORMACION DE BARRIOS,l10n_co_base_location.zip_co_191049
3306,ALAMEDA,l10n_co_base_location.zip_co_191060
3307,ALFONSO CAICEDO ROA,l10n_co_base_location.zip_co_191060
3308,BELLAVISTA,l10n_co_base_location.zip_co_191060
3309,EL JARDÍN,l10n_co_base_location.zip_co_191060
3310,LOS ALMENDROS,l10n_co_base_location.zip_co_191060
3311,SAN FERNANDO,l10n_co_base_location.zip_co_191060
3312,TERRONAL,l10n_co_base_location.zip_co_191060
3313,TRES DE MARZO,l10n_co_base_location.zip_co_191060
3314,VALENTIN RAMOS,l10n_co_base_location.zip_co_191060
3315,PUEBLO NUEVO,l10n_co_base_location.zip_co_191067
3316,SIN INFORMACION DE BARRIOS,l10n_co_base_location.zip_co_191070
3317,SIN INFORMACION DE BARRIOS,l10n_co_base_location.zip_co_191077
3318,SIN INFORMACION DE BARRIOS,l10n_co_base_location.zip_co_191078
3319,SIN INFORMACION DE BARRIOS,l10n_co_base_location.zip_co_191079
3320,SIN INFORMACION DE BARRIOS,l10n_co_base_location.zip_co_191087
3321,SIN INFORMACION DE BARRIOS,l10n_co_base_location.zip_co_191088
3322,ALTOS DE PARÍS,l10n_co_base_location.zip_co_191501
3323,ALVARO H CAICEDO,l10n_co_base_location.zip_co_191501
3324,ANTONIO NARIÑO,l10n_co_base_location.zip_co_191501
3325,BETANIA,l10n_co_base_location.zip_co_191501
3326,BOSQUES DEL LIMONAR,l10n_co_base_location.zip_co_191501
3327,CAÑAVERAL,l10n_co_base_location.zip_co_191501
3328,CARLOS A GUZMÁN,l10n_co_base_location.zip_co_191501
3329,EL CEMENTERIO,l10n_co_base_location.zip_co_191501
3330,EL CENTRO,l10n_co_base_location.zip_co_191501
3331,EL HIPÓDROMO,l10n_co_base_location.zip_co_191501
3332,EL JARDÍN,l10n_co_base_location.zip_co_191501
3333,EL PORVENIR,l10n_co_base_location.zip_co_191501
3334,EL TRIUNFO,l10n_co_base_location.zip_co_191501
3335,GRANADA,l10n_co_base_location.zip_co_191501
3336,JORGE ELIECER GAITÁN,l10n_co_base_location.zip_co_191501
3337,LA CABAÑA,l10n_co_base_location.zip_co_191501
3338,LA CEIBA,l10n_co_base_location.zip_co_191501
3339,LA ESPERANZA,l10n_co_base_location.zip_co_191501
3340,LA GR,l10n_co_base_location.zip_co_191501
3341,PRADOS DEL NORTE,l10n_co_base_location.zip_co_191507
3342,SIN INFORMACION DE BARRIOS,l10n_co_base_location.zip_co_191520
3343,SIN INFORMACION DE BARRIOS,l10n_co_base_location.zip_co_191527
3344,SIN INFORMACION DE BARRIOS,l10n_co_base_location.zip_co_191528
3345,SIN INFORMACION DE BARRIOS,l10n_co_base_location.zip_co_191529
3346,SIN INFORMACION DE BARRIOS,l10n_co_base_location.zip_co_191540
3347,SIN INFORMACION DE BARRIOS,l10n_co_base_location.zip_co_191547
3348,SIN INFORMACION DE BARRIOS,l10n_co_base_location.zip_co_191560
3349,SIN INFORMACION DE BARRIOS,l10n_co_base_location.zip_co_191567
3350,SIN INFORMACION DE BARRIOS,l10n_co_base_location.zip_co_191568
3351,SIN INFORMACION DE BARRIOS,l10n_co_base_location.zip_co_191569
3352,SIN INFORMACION DE BARRIOS,l10n_co_base_location.zip_co_192001
3353,SIN INFORMACION DE BARRIOS,l10n_co_base_location.zip_co_192007
3354,SIN INFORMACION DE BARRIOS,l10n_co_base_location.zip_co_192008
3355,SIN INFORMACION DE BARRIOS,l10n_co_base_location.zip_co_192009
3356,SIN INFORMACION DE BARRIOS,l10n_co_base_location.zip_co_192020
3357,SIN INFORMACION DE BARRIOS,l10n_co_base_location.zip_co_192027
3358,SIN INFORMACION DE BARRIOS,l10n_co_base_location.zip_co_192028
3359,SIN INFORMACION DE BARRIOS,l10n_co_base_location.zip_co_192029
3360,SIN INFORMACION DE BARRIOS,l10n_co_base_location.zip_co_192040
3361,SIN INFORMACION DE BARRIOS,l10n_co_base_location.zip_co_192047
3362,SIN INFORMACION DE BARRIOS,l10n_co_base_location.zip_co_192048
3363,SIN INFORMACION DE BARRIOS,l10n_co_base_location.zip_co_192049
3364,SIN INFORMACION DE BARRIOS,l10n_co_base_location.zip_co_192057
3365,SIN INFORMACION DE BARRIOS,l10n_co_base_location.zip_co_192070
3366,SIN INFORMACION DE BARRIOS,l10n_co_base_location.zip_co_192077
3367,SIN INFORMACION DE BARRIOS,l10n_co_base_location.zip_co_192078
3368,SIN INFORMACION DE BARRIOS,l10n_co_base_location.zip_co_192079
3369,SIN INFORMACION DE BARRIOS,l10n_co_base_location.zip_co_192087
3370,SIN INFORMACION DE BARRIOS,l10n_co_base_location.zip_co_192501
3371,SIN INFORMACION DE BARRIOS,l10n_co_base_location.zip_co_192507
3372,SIN INFORMACION DE BARRIOS,l10n_co_base_location.zip_co_192508
3373,SIN INFORMACION DE BARRIOS,l10n_co_base_location.zip_co_192509
3374,SIN INFORMACION DE BARRIOS,l10n_co_base_location.zip_co_192517
3375,SIN INFORMACION DE BARRIOS,l10n_co_base_location.zip_co_192518
3376,SIN INFORMACION DE BARRIOS,l10n_co_base_location.zip_co_192531
3377,SIN INFORMACION DE BARRIOS,l10n_co_base_location.zip_co_192537
3378,SIN INFORMACION DE BARRIOS,l10n_co_base_location.zip_co_192538
3379,SIN INFORMACION DE BARRIOS,l10n_co_base_location.zip_co_192539
3380,SIN INFORMACION DE BARRIOS,l10n_co_base_location.zip_co_192547
3381,SIN INFORMACION DE BARRIOS,l10n_co_base_location.zip_co_192548
3382,SIN INFORMACION DE BARRIOS,l10n_co_base_location.zip_co_192570
3383,SIN INFORMACION DE BARRIOS,l10n_co_base_location.zip_co_192577
3384,SIN INFORMACION DE BARRIOS,l10n_co_base_location.zip_co_192578
3385,SIN INFORMACION DE BARRIOS,l10n_co_base_location.zip_co_192579
3386,SIN INFORMACION DE BARRIOS,l10n_co_base_location.zip_co_193001
3387,SIN INFORMACION DE BARRIOS,l10n_co_base_location.zip_co_193007
3388,SIN INFORMACION DE BARRIOS,l10n_co_base_location.zip_co_193008
3389,SIN INFORMACION DE BARRIOS,l10n_co_base_location.zip_co_193009
3390,SIN INFORMACION DE BARRIOS,l10n_co_base_location.zip_co_193501
3391,SIN INFORMACION DE BARRIOS,l10n_co_base_location.zip_co_193507
3392,SIN INFORMACION DE BARRIOS,l10n_co_base_location.zip_co_193508
3393,SIN INFORMACION DE BARRIOS,l10n_co_base_location.zip_co_193520
3394,SIN INFORMACION DE BARRIOS,l10n_co_base_location.zip_co_193527
3395,SIN INFORMACION DE BARRIOS,l10n_co_base_location.zip_co_193528
3396,SIN INFORMACION DE BARRIOS,l10n_co_base_location.zip_co_193529
3397,SIN INFORMACION DE BARRIOS,l10n_co_base_location.zip_co_193537
3398,SIN INFORMACION DE BARRIOS,l10n_co_base_location.zip_co_193550
3399,SIN INFORMACION DE BARRIOS,l10n_co_base_location.zip_co_193557
3400,SIN INFORMACION DE BARRIOS,l10n_co_base_location.zip_co_193558
3401,SIN INFORMACION DE BARRIOS,l10n_co_base_location.zip_co_193570
3402,SIN INFORMACION DE BARRIOS,l10n_co_base_location.zip_co_193577
3403,SIN INFORMACION DE BARRIOS,l10n_co_base_location.zip_co_193578
3404,SIN INFORMACION DE BARRIOS,l10n_co_base_location.zip_co_193579
3405,SIN INFORMACION DE BARRIOS,l10n_co_base_location.zip_co_193587
3406,SIN INFORMACION DE BARRIOS,l10n_co_base_location.zip_co_193588
3407,SIN INFORMACION DE BARRIOS,l10n_co_base_location.zip_co_193589
3408,SIN INFORMACION DE BARRIOS,l10n_co_base_location.zip_co_193597
3409,SIN INFORMACION DE BARRIOS,l10n_co_base_location.zip_co_194001
3410,SIN INFORMACION DE BARRIOS,l10n_co_base_location.zip_co_194007
3411,SIN INFORMACION DE BARRIOS,l10n_co_base_location.zip_co_194008
3412,SIN INFORMACION DE BARRIOS,l10n_co_base_location.zip_co_194020
3413,SIN INFORMACION DE BARRIOS,l10n_co_base_location.zip_co_194027
3414,SIN INFORMACION DE BARRIOS,l10n_co_base_location.zip_co_194028
3415,SIN INFORMACION DE BARRIOS,l10n_co_base_location.zip_co_194029
3416,SIN INFORMACION DE BARRIOS,l10n_co_base_location.zip_co_194037
3417,SIN INFORMACION DE BARRIOS,l10n_co_base_location.zip_co_194038
3418,SIN INFORMACION DE BARRIOS,l10n_co_base_location.zip_co_194060
3419,SIN INFORMACION DE BARRIOS,l10n_co_base_location.zip_co_194067
3420,SIN INFORMACION DE BARRIOS,l10n_co_base_location.zip_co_194068
3421,SIN INFORMACION DE BARRIOS,l10n_co_base_location.zip_co_194080
3422,SIN INFORMACION DE BARRIOS,l10n_co_base_location.zip_co_194087
3423,SIN INFORMACION DE BARRIOS,l10n_co_base_location.zip_co_194088
3424,SIN INFORMACION DE BARRIOS,l10n_co_base_location.zip_co_194089
3425,SIN INFORMACION DE BARRIOS,l10n_co_base_location.zip_co_194501
3426,SIN INFORMACION DE BARRIOS,l10n_co_base_location.zip_co_194507
3427,SIN INFORMACION DE BARRIOS,l10n_co_base_location.zip_co_194508
3428,SIN INFORMACION DE BARRIOS,l10n_co_base_location.zip_co_194509
3429,SIN INFORMACION DE BARRIOS,l10n_co_base_location.zip_co_194520
3430,SIN INFORMACION DE BARRIOS,l10n_co_base_location.zip_co_194527
3431,SIN INFORMACION DE BARRIOS,l10n_co_base_location.zip_co_194528
3432,SIN INFORMACION DE BARRIOS,l10n_co_base_location.zip_co_194550
3433,SIN INFORMACION DE BARRIOS,l10n_co_base_location.zip_co_194557
3434,SIN INFORMACION DE BARRIOS,l10n_co_base_location.zip_co_194558
3435,SIN INFORMACION DE BARRIOS,l10n_co_base_location.zip_co_195001
3436,SIN INFORMACION DE BARRIOS,l10n_co_base_location.zip_co_195007
3437,SIN INFORMACION DE BARRIOS,l10n_co_base_location.zip_co_195008
3438,SIN INFORMACION DE BARRIOS,l10n_co_base_location.zip_co_195009
3439,SIN INFORMACION DE BARRIOS,l10n_co_base_location.zip_co_195017
3440,SIN INFORMACION DE BARRIOS,l10n_co_base_location.zip_co_195018
3441,SIN INFORMACION DE BARRIOS,l10n_co_base_location.zip_co_195019
3442,SIN INFORMACION DE BARRIOS,l10n_co_base_location.zip_co_195040
3443,SIN INFORMACION DE BARRIOS,l10n_co_base_location.zip_co_195047
3444,SIN INFORMACION DE BARRIOS,l10n_co_base_location.zip_co_195060
3445,SIN INFORMACION DE BARRIOS,l10n_co_base_location.zip_co_195067
3446,SIN INFORMACION DE BARRIOS,l10n_co_base_location.zip_co_195068
3447,SIN INFORMACION DE BARRIOS,l10n_co_base_location.zip_co_195069
3448,SIN INFORMACION DE BARRIOS,l10n_co_base_location.zip_co_195501
3449,SIN INFORMACION DE BARRIOS,l10n_co_base_location.zip_co_195507
3450,SIN INFORMACION DE BARRIOS,l10n_co_base_location.zip_co_195508
3451,SIN INFORMACION DE BARRIOS,l10n_co_base_location.zip_co_195509
3452,SIN INFORMACION DE BARRIOS,l10n_co_base_location.zip_co_195530
3453,SIN INFORMACION DE BARRIOS,l10n_co_base_location.zip_co_195537
3454,SIN INFORMACION DE BARRIOS,l10n_co_base_location.zip_co_195538
3455,SIN INFORMACION DE BARRIOS,l10n_co_base_location.zip_co_195539
3456,SIN INFORMACION DE BARRIOS,l10n_co_base_location.zip_co_195547
3457,SIN INFORMACION DE BARRIOS,l10n_co_base_location.zip_co_195560
3458,SIN INFORMACION DE BARRIOS,l10n_co_base_location.zip_co_195567
3459,SIN INFORMACION DE BARRIOS,l10n_co_base_location.zip_co_196001
3460,SIN INFORMACION DE BARRIOS,l10n_co_base_location.zip_co_196007
3461,SIN INFORMACION DE BARRIOS,l10n_co_base_location.zip_co_196008
3462,SIN INFORMACION DE BARRIOS,l10n_co_base_location.zip_co_196009
3463,SIN INFORMACION DE BARRIOS,l10n_co_base_location.zip_co_196030
3464,SIN INFORMACION DE BARRIOS,l10n_co_base_location.zip_co_196037
3465,SIN INFORMACION DE BARRIOS,l10n_co_base_location.zip_co_196038
3466,SIN INFORMACION DE BARRIOS,l10n_co_base_location.zip_co_196060
3467,SIN INFORMACION DE BARRIOS,l10n_co_base_location.zip_co_196067
3468,SIN INFORMACION DE BARRIOS,l10n_co_base_location.zip_co_196068
3469,ALFONSO LOPEZ,l10n_co_base_location.zip_co_200001
3470,ALTAGRACIA,l10n_co_base_location.zip_co_200001
3471,CANAGUATE,l10n_co_base_location.zip_co_200001
3472,CENTRO,l10n_co_base_location.zip_co_200001
3473,CHIMILÁ,l10n_co_base_location.zip_co_200001
3474,CIUDAD JARDÍN,l10n_co_base_location.zip_co_200001
3475,CONJUNTO RESIDENCIAL DEL NORTE,l10n_co_base_location.zip_co_200001
3476,EL CARMEN,l10n_co_base_location.zip_co_200001
3477,GAITÁN,l10n_co_base_location.zip_co_200001
3478,GUAJIRA,l10n_co_base_location.zip_co_200001
3479,GUATAPURÍ,l10n_co_base_location.zip_co_200001
3480,HOSPITAL,l10n_co_base_location.zip_co_200001
3481,KENNEDY,l10n_co_base_location.zip_co_200001
3482,LA ESPERANZA ORIENTE,l10n_co_base_location.zip_co_200001
3483,LA GARITA,l10n_co_base_location.zip_co_200001
3484,LA GRANJA,l10n_co_base_location.zip_co_200001
3485,LAS DELICIAS,l10n_co_base_location.zip_co_200001
3486,LAS PALMAS,l10n_co_base_location.zip_co_200001
3487,LOS ÁNGELES,l10n_co_base_location.zip_co_200001
3488,LOS CAMPANOS,l10n_co_base_location.zip_co_200001
3489,CANDELARIA,l10n_co_base_location.zip_co_200002
3490,CINCO DE NOVIEMBRE,l10n_co_base_location.zip_co_200002
3491,DOCE DE OCTUBRE,l10n_co_base_location.zip_co_200002
3492,LOS COCOS,l10n_co_base_location.zip_co_200002
3493,LOS MILAGROS,l10n_co_base_location.zip_co_200002
3494,MAYALES ETAPA I,l10n_co_base_location.zip_co_200002
3495,PANAMÁ,l10n_co_base_location.zip_co_200002
3496,SAN FERNANDO,l10n_co_base_location.zip_co_200002
3497,SANTA RITA,l10n_co_base_location.zip_co_200002
3498,SANTA ROSA,l10n_co_base_location.zip_co_200002
3499,SIMÓN BOLÍVAR,l10n_co_base_location.zip_co_200002
3500,URBANIZACIÓN LOS MAYALES,l10n_co_base_location.zip_co_200002
3501,URBANIZACIÓN MAYALES ETAPA II,l10n_co_base_location.zip_co_200002
3502,VILLA CLARA,l10n_co_base_location.zip_co_200002
3503,VILLA DEL ROSARIO,l10n_co_base_location.zip_co_200002
3504,20 DE MARZO,l10n_co_base_location.zip_co_200003
3505,COLEGIO LOPERENA,l10n_co_base_location.zip_co_200003
3506,DON CARMELO,l10n_co_base_location.zip_co_200003
3507,EL OASIS,l10n_co_base_location.zip_co_200003
3508,EL PRADO,l10n_co_base_location.zip_co_200003
3509,EL PÁRAMO,l10n_co_base_location.zip_co_200003
3510,LA FELICIDAD,l10n_co_base_location.zip_co_200003
3511,LA MANUELITA,l10n_co_base_location.zip_co_200003
3512,LOS ÁLAMOS,l10n_co_base_location.zip_co_200003
3513,MAREIGUA,l10n_co_base_location.zip_co_200003
3514,NUEVO MILENIO,l10n_co_base_location.zip_co_200003
3515,PRIMERO DE MAYO,l10n_co_base_location.zip_co_200003
3516,RINCÓN DE ZIRUMA,l10n_co_base_location.zip_co_200003
3517,RUEDA,l10n_co_base_location.zip_co_200003
3518,SAN FRANCISCO,l10n_co_base_location.zip_co_200003
3519,SAN MARTÍN,l10n_co_base_location.zip_co_200003
3520,SIETE DE AGOSTO,l10n_co_base_location.zip_co_200003
3521,URBANIZACIÓN OG.B,l10n_co_base_location.zip_co_200003
3522,VALLE MESA,l10n_co_base_location.zip_co_200003
3523,ALAMOS II,l10n_co_base_location.zip_co_200004
3524,ALAMOS III,l10n_co_base_location.zip_co_200004
3525,BUENAVISTA,l10n_co_base_location.zip_co_200004
3526,CASIMIRO MAESTRE,l10n_co_base_location.zip_co_200004
3527,CENTRAL DE ABASTOS,l10n_co_base_location.zip_co_200004
3528,CICERÓN MAESTRE,l10n_co_base_location.zip_co_200004
3529,CIUDADELA 450 AÑOS I ETAPA,l10n_co_base_location.zip_co_200004
3530,CIUDADELA 450 AÑOS II ETAPA,l10n_co_base_location.zip_co_200004
3531,CIUDADELA 450 AÑOS III ETAPA,l10n_co_base_location.zip_co_200004
3532,EL CERRITO,l10n_co_base_location.zip_co_200004
3533,EL HOGAR,l10n_co_base_location.zip_co_200004
3534,EL PROGRESO,l10n_co_base_location.zip_co_200004
3535,ENRIQUE PUPO,l10n_co_base_location.zip_co_200004
3536,FRANCISCO DE PAULA SANTANDER,l10n_co_base_location.zip_co_200004
3537,5 DE ENERO,l10n_co_base_location.zip_co_200005
3538,ARIZONA,l10n_co_base_location.zip_co_200005
3539,AZÚCAR BUENA,l10n_co_base_location.zip_co_200005
3540,BELLO HORIZONTE,l10n_co_base_location.zip_co_200005
3541,CAMPO ROMERO,l10n_co_base_location.zip_co_200005
3542,CANDELARIA NORTE,l10n_co_base_location.zip_co_200005
3543,CEIBA ALTA GRACIA,l10n_co_base_location.zip_co_200005
3544,CIUDAD TAYRONA III,l10n_co_base_location.zip_co_200005
3545,DIVINO NIÑO,l10n_co_base_location.zip_co_200005
3546,DON ALBERTO,l10n_co_base_location.zip_co_200005
3547,DUNDACARE,l10n_co_base_location.zip_co_200005
3548,EDGARDO PUPO,l10n_co_base_location.zip_co_200005
3549,EL AMPARO,l10n_co_base_location.zip_co_200005
3550,ENEAL,l10n_co_base_location.zip_co_200005
3551,FRANCISCO EL HOMBRE,l10n_co_base_location.zip_co_200005
3552,FUTURO DE LOS NIÑOS,l10n_co_base_location.zip_co_200005
3553,GARUPAL,l10n_co_base_location.zip_co_200005
3554,ICHAGUA,l10n_co_base_location.zip_co_200005
3555,IRA,l10n_co_base_location.zip_co_200005
3556,SIN INFORMACION DE BARRIOS,l10n_co_base_location.zip_co_200007
3557,SIN INFORMACION DE BARRIOS,l10n_co_base_location.zip_co_200008
3558,SIN INFORMACION DE BARRIOS,l10n_co_base_location.zip_co_200009
3559,SIN INFORMACION DE BARRIOS,l10n_co_base_location.zip_co_200017
3560,SIN INFORMACION DE BARRIOS,l10n_co_base_location.zip_co_200018
3561,SIN INFORMACION DE BARRIOS,l10n_co_base_location.zip_co_201001
3562,SIN INFORMACION DE BARRIOS,l10n_co_base_location.zip_co_201007
3563,SIN INFORMACION DE BARRIOS,l10n_co_base_location.zip_co_201008
3564,SIN INFORMACION DE BARRIOS,l10n_co_base_location.zip_co_201010
3565,SIN INFORMACION DE BARRIOS,l10n_co_base_location.zip_co_201017
3566,SIN INFORMACION DE BARRIOS,l10n_co_base_location.zip_co_201018
3567,16 DE JULIO,l10n_co_base_location.zip_co_201020
3568,18 DE FEBRERO,l10n_co_base_location.zip_co_201020
3569,ARMERO,l10n_co_base_location.zip_co_201020
3570,BRISAS DEL CESÁR,l10n_co_base_location.zip_co_201020
3571,EL CARMEN,l10n_co_base_location.zip_co_201020
3572,EL RECREO,l10n_co_base_location.zip_co_201020
3573,ENRIQUE AARÓN,l10n_co_base_location.zip_co_201020
3574,ESTACIÓN,l10n_co_base_location.zip_co_201020
3575,INSTITUTO,l10n_co_base_location.zip_co_201020
3576,JORGE E GAITÁN,l10n_co_base_location.zip_co_201020
3577,JUAN BOSCO,l10n_co_base_location.zip_co_201020
3578,LA UNIÓN,l10n_co_base_location.zip_co_201020
3579,LOMA FRESCA,l10n_co_base_location.zip_co_201020
3580,LOS ÁNGELES,l10n_co_base_location.zip_co_201020
3581,LOS ALMENDROS,l10n_co_base_location.zip_co_201020
3582,NUEVA BOSCONIA,l10n_co_base_location.zip_co_201020
3583,PARAÍSO,l10n_co_base_location.zip_co_201020
3584,SAN FRANCISCO DE ASÍS,l10n_co_base_location.zip_co_201020
3585,SAN MARTÍN,l10n_co_base_location.zip_co_201020
3586,SAN,l10n_co_base_location.zip_co_201020
3587,ARONIA,l10n_co_base_location.zip_co_201027
3588,EL BOSQUE,l10n_co_base_location.zip_co_201027
3589,FEDERACIÓN,l10n_co_base_location.zip_co_201027
3590,PORTAL DE BOSCONIA,l10n_co_base_location.zip_co_201027
3591,URBANIZACIÓN LG,l10n_co_base_location.zip_co_201027
3592,URBANIZACIÓN VILLA CAMPESTRE,l10n_co_base_location.zip_co_201027
3593,SIN INFORMACION DE BARRIOS,l10n_co_base_location.zip_co_201030
3594,SIN INFORMACION DE BARRIOS,l10n_co_base_location.zip_co_201037
3595,SIN INFORMACION DE BARRIOS,l10n_co_base_location.zip_co_201038
3596,SIN INFORMACION DE BARRIOS,l10n_co_base_location.zip_co_201040
3597,SIN INFORMACION DE BARRIOS,l10n_co_base_location.zip_co_201047
3598,SIN INFORMACION DE BARRIOS,l10n_co_base_location.zip_co_201048
3599,SIN INFORMACION DE BARRIOS,l10n_co_base_location.zip_co_201050
3600,SIN INFORMACION DE BARRIOS,l10n_co_base_location.zip_co_201057
3601,SIN INFORMACION DE BARRIOS,l10n_co_base_location.zip_co_201058
3602,SIN INFORMACION DE BARRIOS,l10n_co_base_location.zip_co_202001
3603,SIN INFORMACION DE BARRIOS,l10n_co_base_location.zip_co_202007
3604,SIN INFORMACION DE BARRIOS,l10n_co_base_location.zip_co_202010
3605,SIN INFORMACION DE BARRIOS,l10n_co_base_location.zip_co_202017
3606,SIN INFORMACION DE BARRIOS,l10n_co_base_location.zip_co_202018
3607,SIN INFORMACION DE BARRIOS,l10n_co_base_location.zip_co_202030
3608,SIN INFORMACION DE BARRIOS,l10n_co_base_location.zip_co_202037
3609,SIN INFORMACION DE BARRIOS,l10n_co_base_location.zip_co_202038
3610,15 DE NOVIEMBRE,l10n_co_base_location.zip_co_202050
3611,AIDA QUINTERO,l10n_co_base_location.zip_co_202050
3612,ALFONSO ÁVILA,l10n_co_base_location.zip_co_202050
3613,ATANASIO GIRARDOT,l10n_co_base_location.zip_co_202050
3614,BUENOS AIRES,l10n_co_base_location.zip_co_202050
3615,CAMILO TORRES,l10n_co_base_location.zip_co_202050
3616,EL BOSQUE,l10n_co_base_location.zip_co_202050
3617,EL CARMEN,l10n_co_base_location.zip_co_202050
3618,EL CENTRO,l10n_co_base_location.zip_co_202050
3619,EL ESTADIO,l10n_co_base_location.zip_co_202050
3620,EL LÍBANO,l10n_co_base_location.zip_co_202050
3621,EL MILLÓN,l10n_co_base_location.zip_co_202050
3622,EL POLICARPA SALAVARRIETA,l10n_co_base_location.zip_co_202050
3623,EL SOCORRO,l10n_co_base_location.zip_co_202050
3624,EL TESORO,l10n_co_base_location.zip_co_202050
3625,FÁTIMA,l10n_co_base_location.zip_co_202050
3626,HERNÁN GÓMEZ,l10n_co_base_location.zip_co_202050
3627,JOSÉ A GALÁN,l10n_co_base_location.zip_co_202050
3628,JUGUETE,l10n_co_base_location.zip_co_202050
3629,SIN INFORMACION DE BARRIOS,l10n_co_base_location.zip_co_202057
3630,SIN INFORMACION DE BARRIOS,l10n_co_base_location.zip_co_202058
3631,SIN INFORMACION DE BARRIOS,l10n_co_base_location.zip_co_203001
3632,SIN INFORMACION DE BARRIOS,l10n_co_base_location.zip_co_203007
3633,17 DE FEBRERO,l10n_co_base_location.zip_co_203020
3634,20 DE NOVIEMBRE,l10n_co_base_location.zip_co_203020
3635,5 DE MARZO,l10n_co_base_location.zip_co_203020
3636,EL CENTRO,l10n_co_base_location.zip_co_203020
3637,EL PARAÍSO,l10n_co_base_location.zip_co_203020
3638,EL PROGRESO,l10n_co_base_location.zip_co_203020
3639,LA FLORIDA,l10n_co_base_location.zip_co_203020
3640,LA Y,l10n_co_base_location.zip_co_203020
3641,LAS MALVINAS,l10n_co_base_location.zip_co_203020
3642,LOS COMUNEROS,l10n_co_base_location.zip_co_203020
3643,LUIS CARLOS GALÁN,l10n_co_base_location.zip_co_203020
3644,OVELIO JIMÉNEZ,l10n_co_base_location.zip_co_203020
3645,SAN JOSÉ,l10n_co_base_location.zip_co_203020
3646,SANTANDER,l10n_co_base_location.zip_co_203020
3647,SIMÓN BOLÍVAR,l10n_co_base_location.zip_co_203020
3648,TOSCANO,l10n_co_base_location.zip_co_203020
3649,SIN INFORMACION DE BARRIOS,l10n_co_base_location.zip_co_203027
3650,SIN INFORMACION DE BARRIOS,l10n_co_base_location.zip_co_203040
3651,SIN INFORMACION DE BARRIOS,l10n_co_base_location.zip_co_203047
3652,SIN INFORMACION DE BARRIOS,l10n_co_base_location.zip_co_203048
3653,SIN INFORMACION DE BARRIOS,l10n_co_base_location.zip_co_203060
3654,SIN INFORMACION DE BARRIOS,l10n_co_base_location.zip_co_203067
3655,SIN INFORMACION DE BARRIOS,l10n_co_base_location.zip_co_204001
3656,SIN INFORMACION DE BARRIOS,l10n_co_base_location.zip_co_204007
3657,SIN INFORMACION DE BARRIOS,l10n_co_base_location.zip_co_204020
3658,SIN INFORMACION DE BARRIOS,l10n_co_base_location.zip_co_204027
3659,SIN INFORMACION DE BARRIOS,l10n_co_base_location.zip_co_204028
3660,SIN INFORMACION DE BARRIOS,l10n_co_base_location.zip_co_204040
3661,SIN INFORMACION DE BARRIOS,l10n_co_base_location.zip_co_204047
3662,SIN INFORMACION DE BARRIOS,l10n_co_base_location.zip_co_204060
3663,SIN INFORMACION DE BARRIOS,l10n_co_base_location.zip_co_204067
3664,SIN INFORMACION DE BARRIOS,l10n_co_base_location.zip_co_204068
3665,SIN INFORMACION DE BARRIOS,l10n_co_base_location.zip_co_205001
3666,SIN INFORMACION DE BARRIOS,l10n_co_base_location.zip_co_205007
3667,SIN INFORMACION DE BARRIOS,l10n_co_base_location.zip_co_205008
3668,7 DE AGOSTO,l10n_co_base_location.zip_co_205010
3669,ALTO PRADO,l10n_co_base_location.zip_co_205010
3670,BARAHOJA,l10n_co_base_location.zip_co_205010
3671,BRISAS DE BUTURAMA,l10n_co_base_location.zip_co_205010
3672,CAÑAVERAL,l10n_co_base_location.zip_co_205010
3673,CENTRO,l10n_co_base_location.zip_co_205010
3674,CIUDADELA DE LA PAZ,l10n_co_base_location.zip_co_205010
3675,CORDILLERA,l10n_co_base_location.zip_co_205010
3676,DIVINO AMOR,l10n_co_base_location.zip_co_205010
3677,DIVINO NIÑO,l10n_co_base_location.zip_co_205010
3678,EL BOSQUE,l10n_co_base_location.zip_co_205010
3679,EL CARRETERO,l10n_co_base_location.zip_co_205010
3680,EL HIGUERÓN,l10n_co_base_location.zip_co_205010
3681,EL PROGRESO,l10n_co_base_location.zip_co_205010
3682,FLORIDABLANCA,l10n_co_base_location.zip_co_205010
3683,IDEMA,l10n_co_base_location.zip_co_205010
3684,JERUSALEM,l10n_co_base_location.zip_co_205010
3685,JOAQUÍN FIDEL ROYERO,l10n_co_base_location.zip_co_205010
3686,JOHN F KENNEDY,l10n_co_base_location.zip_co_205010
3687,URBANIZACI¾N VILLA CAMPESTRE,l10n_co_base_location.zip_co_205017
3688,SIN INFORMACION DE BARRIOS,l10n_co_base_location.zip_co_205018
3689,SIN INFORMACION DE BARRIOS,l10n_co_base_location.zip_co_205030
3690,SIN INFORMACION DE BARRIOS,l10n_co_base_location.zip_co_205037
3691,SIN INFORMACION DE BARRIOS,l10n_co_base_location.zip_co_205040
3692,SIN INFORMACION DE BARRIOS,l10n_co_base_location.zip_co_205047
3693,SIN INFORMACION DE BARRIOS,l10n_co_base_location.zip_co_205048
3694,SIN INFORMACION DE BARRIOS,l10n_co_base_location.zip_co_205050
3695,SIN INFORMACION DE BARRIOS,l10n_co_base_location.zip_co_205057
3696,SIN INFORMACION DE BARRIOS,l10n_co_base_location.zip_co_205058
3697,SIN INFORMACION DE BARRIOS,l10n_co_base_location.zip_co_205059
3698,SIN INFORMACION DE BARRIOS,l10n_co_base_location.zip_co_205070
3699,SIN INFORMACION DE BARRIOS,l10n_co_base_location.zip_co_205077
3700,SIN INFORMACION DE BARRIOS,l10n_co_base_location.zip_co_205078
3701,CAMPO ALEGRE,l10n_co_base_location.zip_co_230001
3702,CASA FINCA,l10n_co_base_location.zip_co_230001
3703,CASITA NUEVA,l10n_co_base_location.zip_co_230001
3704,EL AMPARO,l10n_co_base_location.zip_co_230001
3705,EL BONGO,l10n_co_base_location.zip_co_230001
3706,EL CAMPANO,l10n_co_base_location.zip_co_230001
3707,EL DORADO,l10n_co_base_location.zip_co_230001
3708,EL POBLADO,l10n_co_base_location.zip_co_230001
3709,EL ROSARIO,l10n_co_base_location.zip_co_230001
3710,EL TAMBO,l10n_co_base_location.zip_co_230001
3711,JUAN XXIII,l10n_co_base_location.zip_co_230001
3712,LA ALBORAYA,l10n_co_base_location.zip_co_230001
3713,LA ESMERALDA,l10n_co_base_location.zip_co_230001
3714,LA ESPERANZA,l10n_co_base_location.zip_co_230001
3715,LA PALMA,l10n_co_base_location.zip_co_230001
3716,LA RIBERA,l10n_co_base_location.zip_co_230001
3717,LA VID,l10n_co_base_location.zip_co_230001
3718,LOS EBANOS,l10n_co_base_location.zip_co_230001
3719,MAGDALENA,l10n_co_base_location.zip_co_230001
3720,MANUEL JIMÉNEZ,l10n_co_base_location.zip_co_230001
3721,MI RANCHITO,l10n_co_base_location.zip_co_230001
3722,MIN,l10n_co_base_location.zip_co_230001
3723,20 DE JULIO,l10n_co_base_location.zip_co_230002
3724,25 DE AGOSTO,l10n_co_base_location.zip_co_230002
3725,7 DE MAYO,l10n_co_base_location.zip_co_230002
3726,ALAMEDAS DEL SINÚ,l10n_co_base_location.zip_co_230002
3727,ALTOS DE LA FLORESTA,l10n_co_base_location.zip_co_230002
3728,ALTOS DEL COUNTRY,l10n_co_base_location.zip_co_230002
3729,BOSQUES DE SEVILLA,l10n_co_base_location.zip_co_230002
3730,CAMILO TORRES,l10n_co_base_location.zip_co_230002
3731,CANTABRIA,l10n_co_base_location.zip_co_230002
3732,EL CEIBAL,l10n_co_base_location.zip_co_230002
3733,EL CENTRO,l10n_co_base_location.zip_co_230002
3734,EL CÁRMEN,l10n_co_base_location.zip_co_230002
3735,EL EDÉN I,l10n_co_base_location.zip_co_230002
3736,EL EDÉN II,l10n_co_base_location.zip_co_230002
3737,EL RECREO,l10n_co_base_location.zip_co_230002
3738,LA CASTELLANA,l10n_co_base_location.zip_co_230002
3739,LA CEIBA,l10n_co_base_location.zip_co_230002
3740,LA ESPAÑOLA,l10n_co_base_location.zip_co_230002
3741,LA FLO,l10n_co_base_location.zip_co_230002
3742,14 DE JULIO,l10n_co_base_location.zip_co_230003
3743,6 DE MARZO,l10n_co_base_location.zip_co_230003
3744,BALBOA,l10n_co_base_location.zip_co_230003
3745,BUENAVISTA,l10n_co_base_location.zip_co_230003
3746,CANTA CLARO,l10n_co_base_location.zip_co_230003
3747,CARIBE,l10n_co_base_location.zip_co_230003
3748,CHAMBACÚ,l10n_co_base_location.zip_co_230003
3749,CHUCHURUBI,l10n_co_base_location.zip_co_230003
3750,COLÓN,l10n_co_base_location.zip_co_230003
3751,COSTA DE ORO,l10n_co_base_location.zip_co_230003
3752,DAMASCO,l10n_co_base_location.zip_co_230003
3753,EL ALIVIO,l10n_co_base_location.zip_co_230003
3754,EL COLISEO,l10n_co_base_location.zip_co_230003
3755,GRANADA,l10n_co_base_location.zip_co_230003
3756,GUADALAJARA,l10n_co_base_location.zip_co_230003
3757,LA JULIA,l10n_co_base_location.zip_co_230003
3758,LA PRADERA,l10n_co_base_location.zip_co_230003
3759,LA VICTORIA,l10n_co_base_location.zip_co_230003
3760,LAS ACACIAS,l10n_co_base_location.zip_co_230003
3761,LOS ÁLAMOS,l10n_co_base_location.zip_co_230003
3762,LOS URAPANES,l10n_co_base_location.zip_co_230003
3763,MIRAFLORES,l10n_co_base_location.zip_co_230003
3764,NUEVA,l10n_co_base_location.zip_co_230003
3765,1 DE MAYO,l10n_co_base_location.zip_co_230004
3766,2 DE SEPTIEMBRE,l10n_co_base_location.zip_co_230004
3767,ALFONSO LOPEZ,l10n_co_base_location.zip_co_230004
3768,ANDALUCÍA,l10n_co_base_location.zip_co_230004
3769,BOSTON,l10n_co_base_location.zip_co_230004
3770,BRISAS DEL SINÚ,l10n_co_base_location.zip_co_230004
3771,COLINA REAL,l10n_co_base_location.zip_co_230004
3772,EDMUNDO LÓPEZ,l10n_co_base_location.zip_co_230004
3773,EDMUNDO LÓPEZ II,l10n_co_base_location.zip_co_230004
3774,EL PARAÍSO,l10n_co_base_location.zip_co_230004
3775,EL PRADO,l10n_co_base_location.zip_co_230004
3776,EL TENDAL,l10n_co_base_location.zip_co_230004
3777,FURATENA,l10n_co_base_location.zip_co_230004
3778,GALILEA,l10n_co_base_location.zip_co_230004
3779,LA CAMPIÑA,l10n_co_base_location.zip_co_230004
3780,LA CANDELARIA,l10n_co_base_location.zip_co_230004
3781,LA COQUERA,l10n_co_base_location.zip_co_230004
3782,LA GRANJA,l10n_co_base_location.zip_co_230004
3783,LAS COLINAS (EL CERRO),l10n_co_base_location.zip_co_230004
3784,LOS,l10n_co_base_location.zip_co_230004
3785,SIN INFORMACION DE BARRIOS,l10n_co_base_location.zip_co_230007
3786,SIN INFORMACION DE BARRIOS,l10n_co_base_location.zip_co_230008
3787,LOS CEDROS,l10n_co_base_location.zip_co_230009
3788,URBANIZACIÓN ALTOS DEL NORTE,l10n_co_base_location.zip_co_230009
3789,URBANIZACIÓN COMFACOR,l10n_co_base_location.zip_co_230009
3790,URBANIZACIÓN VILLA CIELO,l10n_co_base_location.zip_co_230009
3791,SIN INFORMACION DE BARRIOS,l10n_co_base_location.zip_co_230017
3792,SIN INFORMACION DE BARRIOS,l10n_co_base_location.zip_co_230018
3793,SIN INFORMACION DE BARRIOS,l10n_co_base_location.zip_co_230019
3794,SIN INFORMACION DE BARRIOS,l10n_co_base_location.zip_co_230027
3795,SIN INFORMACION DE BARRIOS,l10n_co_base_location.zip_co_230028
3796,SIN INFORMACION DE BARRIOS,l10n_co_base_location.zip_co_230029
3797,SIN INFORMACION DE BARRIOS,l10n_co_base_location.zip_co_230501
3798,SIN INFORMACION DE BARRIOS,l10n_co_base_location.zip_co_230507
3799,26 DE JUNIO,l10n_co_base_location.zip_co_230520
3800,AÑO NUEVO,l10n_co_base_location.zip_co_230520
3801,BOCA GRANDE,l10n_co_base_location.zip_co_230520
3802,CACAGUAL,l10n_co_base_location.zip_co_230520
3803,CRISTO REY,l10n_co_base_location.zip_co_230520
3804,EL CENTRO,l10n_co_base_location.zip_co_230520
3805,EL PARAÍSO,l10n_co_base_location.zip_co_230520
3806,EL PEPO,l10n_co_base_location.zip_co_230520
3807,INCORA,l10n_co_base_location.zip_co_230520
3808,JOSÉ ANTONIO GALÁN,l10n_co_base_location.zip_co_230520
3809,LA ENCANADA,l10n_co_base_location.zip_co_230520
3810,LA FÉ,l10n_co_base_location.zip_co_230520
3811,LAS FLORES,l10n_co_base_location.zip_co_230520
3812,LAS VEGAS,l10n_co_base_location.zip_co_230520
3813,NUEVO MILENIO,l10n_co_base_location.zip_co_230520
3814,SAN ANTERO,l10n_co_base_location.zip_co_230520
3815,SAN MARTÍN,l10n_co_base_location.zip_co_230520
3816,SANTO DOMINGO,l10n_co_base_location.zip_co_230520
3817,SIN INFORMACION DE BARRIOS,l10n_co_base_location.zip_co_230527
3818,SIN INFORMACION DE BARRIOS,l10n_co_base_location.zip_co_230528
3819,SIN INFORMACION DE BARRIOS,l10n_co_base_location.zip_co_230529
3820,SIN INFORMACION DE BARRIOS,l10n_co_base_location.zip_co_230537
3821,SIN INFORMACION DE BARRIOS,l10n_co_base_location.zip_co_230538
3822,SIN INFORMACION DE BARRIOS,l10n_co_base_location.zip_co_230550
3823,SIN INFORMACION DE BARRIOS,l10n_co_base_location.zip_co_230557
3824,SIN INFORMACION DE BARRIOS,l10n_co_base_location.zip_co_230558
3825,SIN INFORMACION DE BARRIOS,l10n_co_base_location.zip_co_230559
3826,SIN INFORMACION DE BARRIOS,l10n_co_base_location.zip_co_231001
3827,SIN INFORMACION DE BARRIOS,l10n_co_base_location.zip_co_231007
3828,SIN INFORMACION DE BARRIOS,l10n_co_base_location.zip_co_231008
3829,25 DE AGOSTO,l10n_co_base_location.zip_co_231020
3830,ALTO KENNEDY,l10n_co_base_location.zip_co_231020
3831,ALTO PRADO,l10n_co_base_location.zip_co_231020
3832,ALTOS DEL PÍROPO (ETAPA 1),l10n_co_base_location.zip_co_231020
3833,ARENAL,l10n_co_base_location.zip_co_231020
3834,BAJO KENNEDY,l10n_co_base_location.zip_co_231020
3835,BUENAVENTURA,l10n_co_base_location.zip_co_231020
3836,CASCAJAL,l10n_co_base_location.zip_co_231020
3837,EL CENTRO,l10n_co_base_location.zip_co_231020
3838,EL PROGRESO,l10n_co_base_location.zip_co_231020
3839,FINZENÚ,l10n_co_base_location.zip_co_231020
3840,ISLAS MARGARITAS,l10n_co_base_location.zip_co_231020
3841,JESUS M. LUGO,l10n_co_base_location.zip_co_231020
3842,LA ESMERALDA,l10n_co_base_location.zip_co_231020
3843,LA ESPERANZA,l10n_co_base_location.zip_co_231020
3844,LA GLORIA,l10n_co_base_location.zip_co_231020
3845,LAS COLINAS,l10n_co_base_location.zip_co_231020
3846,LAS DELICIAS,l10n_co_base_location.zip_co_231020
3847,LOS ALPES,l10n_co_base_location.zip_co_231020
3848,SIN INFORMACION DE BARRIOS,l10n_co_base_location.zip_co_231027
3849,SIN INFORMACION DE BARRIOS,l10n_co_base_location.zip_co_231028
3850,SIN INFORMACION DE BARRIOS,l10n_co_base_location.zip_co_231029
3851,SIN INFORMACION DE BARRIOS,l10n_co_base_location.zip_co_231037
3852,SIN INFORMACION DE BARRIOS,l10n_co_base_location.zip_co_231038
3853,SIN INFORMACION DE BARRIOS,l10n_co_base_location.zip_co_231039
3854,SIN INFORMACION DE BARRIOS,l10n_co_base_location.zip_co_231047
3855,SIN INFORMACION DE BARRIOS,l10n_co_base_location.zip_co_231048
3856,SIN INFORMACION DE BARRIOS,l10n_co_base_location.zip_co_231501
3857,SIN INFORMACION DE BARRIOS,l10n_co_base_location.zip_co_231507
3858,SIN INFORMACION DE BARRIOS,l10n_co_base_location.zip_co_231508
3859,SIN INFORMACION DE BARRIOS,l10n_co_base_location.zip_co_231509
3860,BEJIGA,l10n_co_base_location.zip_co_231520
3861,CALLE CENTRAL,l10n_co_base_location.zip_co_231520
3862,CAMPANO,l10n_co_base_location.zip_co_231520
3863,CARDALES,l10n_co_base_location.zip_co_231520
3864,CERVELLA,l10n_co_base_location.zip_co_231520
3865,EL PANTEÓN,l10n_co_base_location.zip_co_231520
3866,LA ESPERANZA,l10n_co_base_location.zip_co_231520
3867,LAS FLORES,l10n_co_base_location.zip_co_231520
3868,MINUTO DE DIOS,l10n_co_base_location.zip_co_231520
3869,MIRAMAR,l10n_co_base_location.zip_co_231520
3870,NUEVA ESPERANZA,l10n_co_base_location.zip_co_231520
3871,NUEVE DE JUNIO,l10n_co_base_location.zip_co_231520
3872,OBRERO,l10n_co_base_location.zip_co_231520
3873,PARAÍSO,l10n_co_base_location.zip_co_231520
3874,PATA DE VACA,l10n_co_base_location.zip_co_231520
3875,PETARE,l10n_co_base_location.zip_co_231520
3876,POLO NORTE,l10n_co_base_location.zip_co_231520
3877,SAGRADO CORAZÓN,l10n_co_base_location.zip_co_231520
3878,SIERRA MORENA,l10n_co_base_location.zip_co_231520
3879,SIN INFORMACION DE BARRIOS,l10n_co_base_location.zip_co_231527
3880,SIN INFORMACION DE BARRIOS,l10n_co_base_location.zip_co_231528
3881,SIN INFORMACION DE BARRIOS,l10n_co_base_location.zip_co_231540
3882,SIN INFORMACION DE BARRIOS,l10n_co_base_location.zip_co_231547
3883,CEMENTERIO,l10n_co_base_location.zip_co_232001
3884,CENTRAL,l10n_co_base_location.zip_co_232001
3885,EL MAMON,l10n_co_base_location.zip_co_232001
3886,EL RINCÓN,l10n_co_base_location.zip_co_232001
3887,EL ROBLE,l10n_co_base_location.zip_co_232001
3888,LA VICTORIA,l10n_co_base_location.zip_co_232001
3889,LAS LLAMAS,l10n_co_base_location.zip_co_232001
3890,LETICIA,l10n_co_base_location.zip_co_232001
3891,SAN ANTONIO,l10n_co_base_location.zip_co_232001
3892,SANTA LUCÍA,l10n_co_base_location.zip_co_232001
3893,SANTANDER,l10n_co_base_location.zip_co_232001
3894,VENEZUELA,l10n_co_base_location.zip_co_232001
3895,VILLA CECILIA,l10n_co_base_location.zip_co_232001
3896,ZONA DE DESARROLLO,l10n_co_base_location.zip_co_232001
3897,SIN INFORMACION DE BARRIOS,l10n_co_base_location.zip_co_232007
3898,SIN INFORMACION DE BARRIOS,l10n_co_base_location.zip_co_232008
3899,SIN INFORMACION DE BARRIOS,l10n_co_base_location.zip_co_232010
3900,SIN INFORMACION DE BARRIOS,l10n_co_base_location.zip_co_232017
3901,SIN INFORMACION DE BARRIOS,l10n_co_base_location.zip_co_232018
3902,SIN INFORMACION DE BARRIOS,l10n_co_base_location.zip_co_232020
3903,SIN INFORMACION DE BARRIOS,l10n_co_base_location.zip_co_232027
3904,SIN INFORMACION DE BARRIOS,l10n_co_base_location.zip_co_232030
3905,SIN INFORMACION DE BARRIOS,l10n_co_base_location.zip_co_232038
3906,SIN INFORMACION DE BARRIOS,l10n_co_base_location.zip_co_232039
3907,SIN INFORMACION DE BARRIOS,l10n_co_base_location.zip_co_232050
3908,SIN INFORMACION DE BARRIOS,l10n_co_base_location.zip_co_232057
3909,SIN INFORMACION DE BARRIOS,l10n_co_base_location.zip_co_232058
3910,SIN INFORMACION DE BARRIOS,l10n_co_base_location.zip_co_232059
3911,SIN INFORMACION DE BARRIOS,l10n_co_base_location.zip_co_232501
3912,SIN INFORMACION DE BARRIOS,l10n_co_base_location.zip_co_232507
3913,SIN INFORMACION DE BARRIOS,l10n_co_base_location.zip_co_232508
3914,SIN INFORMACION DE BARRIOS,l10n_co_base_location.zip_co_232509
3915,SIN INFORMACION DE BARRIOS,l10n_co_base_location.zip_co_232517
3916,ALFONSO LOPEZ,l10n_co_base_location.zip_co_232520
3917,CARTAGENITA,l10n_co_base_location.zip_co_232520
3918,CENTRO,l10n_co_base_location.zip_co_232520
3919,EL CARMEN,l10n_co_base_location.zip_co_232520
3920,EL MILAGRO,l10n_co_base_location.zip_co_232520
3921,GRANADA,l10n_co_base_location.zip_co_232520
3922,INSCREDIAL,l10n_co_base_location.zip_co_232520
3923,LAS AMÉRICAS,l10n_co_base_location.zip_co_232520
3924,LAS COLINAS,l10n_co_base_location.zip_co_232520
3925,LOS ÁNGELES,l10n_co_base_location.zip_co_232520
3926,LOS ALPES,l10n_co_base_location.zip_co_232520
3927,ONCE DE NOVIEMBRE,l10n_co_base_location.zip_co_232520
3928,ONCE DE SEPTIEMBRE,l10n_co_base_location.zip_co_232520
3929,SAN ISIDRO,l10n_co_base_location.zip_co_232520
3930,SAN JOSÉ,l10n_co_base_location.zip_co_232520
3931,SAN LUIS,l10n_co_base_location.zip_co_232520
3932,SANTA LUCÍA,l10n_co_base_location.zip_co_232520
3933,SANTA TERESA,l10n_co_base_location.zip_co_232520
3934,SEIS DE ENERO,l10n_co_base_location.zip_co_232520
3935,TRECE DE MA,l10n_co_base_location.zip_co_232520
3936,SIN INFORMACION DE BARRIOS,l10n_co_base_location.zip_co_232527
3937,SAN MARTÝN,l10n_co_base_location.zip_co_232528
3938,JULIO MANZUR,l10n_co_base_location.zip_co_232529
3939,SIN INFORMACION DE BARRIOS,l10n_co_base_location.zip_co_232537
3940,SIN INFORMACION DE BARRIOS,l10n_co_base_location.zip_co_232538
3941,16 DE JUNIO,l10n_co_base_location.zip_co_232540
3942,3 DE MAYO,l10n_co_base_location.zip_co_232540
3943,ALFONSO LOPEZ,l10n_co_base_location.zip_co_232540
3944,ANDRÉS RODRIGUEZ,l10n_co_base_location.zip_co_232540
3945,BELALCÁZAR,l10n_co_base_location.zip_co_232540
3946,BOSQUE BARAJI,l10n_co_base_location.zip_co_232540
3947,BOSQUE CENTRO,l10n_co_base_location.zip_co_232540
3948,BRISAS Y COREA,l10n_co_base_location.zip_co_232540
3949,CAMILO TORRES,l10n_co_base_location.zip_co_232540
3950,CENTENARIO,l10n_co_base_location.zip_co_232540
3951,COSTA NORTE,l10n_co_base_location.zip_co_232540
3952,EL CARMEN,l10n_co_base_location.zip_co_232540
3953,EL CENTRO,l10n_co_base_location.zip_co_232540
3954,EL COROCITO,l10n_co_base_location.zip_co_232540
3955,EL PORVENIR,l10n_co_base_location.zip_co_232540
3956,EL PRADO,l10n_co_base_location.zip_co_232540
3957,EL SOCORRO,l10n_co_base_location.zip_co_232540
3958,EL TRIUNFO,l10n_co_base_location.zip_co_232540
3959,GUAYABAL,l10n_co_base_location.zip_co_232540
3960,JULIO JU,l10n_co_base_location.zip_co_232540
3961,SIN INFORMACION DE BARRIOS,l10n_co_base_location.zip_co_232547
3962,SIN INFORMACION DE BARRIOS,l10n_co_base_location.zip_co_232548
3963,SIN INFORMACION DE BARRIOS,l10n_co_base_location.zip_co_232549
3964,SIN INFORMACION DE BARRIOS,l10n_co_base_location.zip_co_232557
3965,SIN INFORMACION DE BARRIOS,l10n_co_base_location.zip_co_232558
3966,SIN INFORMACION DE BARRIOS,l10n_co_base_location.zip_co_232559
3967,CEMENTERIO,l10n_co_base_location.zip_co_233001
3968,EL CARMEN,l10n_co_base_location.zip_co_233001
3969,EL CENTRO,l10n_co_base_location.zip_co_233001
3970,EL MANGO,l10n_co_base_location.zip_co_233001
3971,EL POZO,l10n_co_base_location.zip_co_233001
3972,EL PRADO,l10n_co_base_location.zip_co_233001
3973,J.E. GAITAN,l10n_co_base_location.zip_co_233001
3974,JUAN XXIII,l10n_co_base_location.zip_co_233001
3975,LA BALSA,l10n_co_base_location.zip_co_233001
3976,LA BOMBA,l10n_co_base_location.zip_co_233001
3977,LA CRUZ,l10n_co_base_location.zip_co_233001
3978,LA FLORESTA,l10n_co_base_location.zip_co_233001
3979,LARA BONILLA,l10n_co_base_location.zip_co_233001
3980,LAS FLORES,l10n_co_base_location.zip_co_233001
3981,PUEBLECITO,l10n_co_base_location.zip_co_233001
3982,RICARDO BARRERA,l10n_co_base_location.zip_co_233001
3983,SIN INFORMACION DE BARRIOS,l10n_co_base_location.zip_co_233007
3984,SIN INFORMACION DE BARRIOS,l10n_co_base_location.zip_co_233008
3985,SIN INFORMACION DE BARRIOS,l10n_co_base_location.zip_co_233009
3986,BOGOTÁ,l10n_co_base_location.zip_co_233020
3987,CENTRO,l10n_co_base_location.zip_co_233020
3988,EL ALMENDRO,l10n_co_base_location.zip_co_233020
3989,EL CARMEN,l10n_co_base_location.zip_co_233020
3990,LA ESTRELLA,l10n_co_base_location.zip_co_233020
3991,POLIDEPORTIVO,l10n_co_base_location.zip_co_233020
3992,SAN JOSÉ,l10n_co_base_location.zip_co_233020
3993,SIN INFORMACION DE BARRIOS,l10n_co_base_location.zip_co_233027
3994,SIN INFORMACION DE BARRIOS,l10n_co_base_location.zip_co_233028
3995,SIN INFORMACION DE BARRIOS,l10n_co_base_location.zip_co_233040
3996,SIN INFORMACION DE BARRIOS,l10n_co_base_location.zip_co_233047
3997,SIN INFORMACION DE BARRIOS,l10n_co_base_location.zip_co_233048
3998,SIN INFORMACION DE BARRIOS,l10n_co_base_location.zip_co_233049
3999,SIN INFORMACION DE BARRIOS,l10n_co_base_location.zip_co_233057
4000,SIN INFORMACION DE BARRIOS,l10n_co_base_location.zip_co_233501
4001,SIN INFORMACION DE BARRIOS,l10n_co_base_location.zip_co_233507
4002,BRISAS DE AYAPEL,l10n_co_base_location.zip_co_233530
4003,CENTRO,l10n_co_base_location.zip_co_233530
4004,EL RECREO,l10n_co_base_location.zip_co_233530
4005,LA AVENIDA,l10n_co_base_location.zip_co_233530
4006,LA VICTORIA,l10n_co_base_location.zip_co_233530
4007,LLERAS,l10n_co_base_location.zip_co_233530
4008,LOMA LINDA,l10n_co_base_location.zip_co_233530
4009,MIRAFLORES,l10n_co_base_location.zip_co_233530
4010,OSPINA PÉREZ,l10n_co_base_location.zip_co_233530
4011,PALMIRA,l10n_co_base_location.zip_co_233530
4012,SANTA CECILIA,l10n_co_base_location.zip_co_233530
4013,SANTA ELENA,l10n_co_base_location.zip_co_233530
4014,DIVINO NIÑO,l10n_co_base_location.zip_co_233537
4015,LA ESTRELLA,l10n_co_base_location.zip_co_233537
4016,LA INMACULADA,l10n_co_base_location.zip_co_233537
4017,LA INVASIÓN,l10n_co_base_location.zip_co_233537
4018,PRADO,l10n_co_base_location.zip_co_233537
4019,SAN CARLOS,l10n_co_base_location.zip_co_233537
4020,SAN JERÓNIMO,l10n_co_base_location.zip_co_233537
4021,SAN JOSÉ,l10n_co_base_location.zip_co_233537
4022,SANTA ANA,l10n_co_base_location.zip_co_233537
4023,SANTA INÉS,l10n_co_base_location.zip_co_233537
4024,SECTOR TURÍSTICO NORTE,l10n_co_base_location.zip_co_233537
4025,SIETE DE AGOSTO,l10n_co_base_location.zip_co_233537
4026,VILLA ESPERANZA,l10n_co_base_location.zip_co_233537
4027,SIN INFORMACION DE BARRIOS,l10n_co_base_location.zip_co_233538
4028,SIN INFORMACION DE BARRIOS,l10n_co_base_location.zip_co_233539
4029,ANOIZAR FLOREZ,l10n_co_base_location.zip_co_234001
4030,BUENAVENTURA,l10n_co_base_location.zip_co_234001
4031,CANCÚN,l10n_co_base_location.zip_co_234001
4032,CANDELARIA SECTOR BAJO,l10n_co_base_location.zip_co_234001
4033,CENTRO,l10n_co_base_location.zip_co_234001
4034,EL MIRADOR,l10n_co_base_location.zip_co_234001
4035,JAGUA,l10n_co_base_location.zip_co_234001
4036,LA CANDELARIA ARRIBA,l10n_co_base_location.zip_co_234001
4037,LA CASA LOMA,l10n_co_base_location.zip_co_234001
4038,LA LIBERTAD,l10n_co_base_location.zip_co_234001
4039,LA LUCHA,l10n_co_base_location.zip_co_234001
4040,LA PAZ,l10n_co_base_location.zip_co_234001
4041,LA PESQUERA,l10n_co_base_location.zip_co_234001
4042,LOMA FRESCA,l10n_co_base_location.zip_co_234001
4043,LOS LAURELES,l10n_co_base_location.zip_co_234001
4044,MUCHA JAGUA,l10n_co_base_location.zip_co_234001
4045,MUSA NADER I,l10n_co_base_location.zip_co_234001
4046,MUSA NADER II,l10n_co_base_location.zip_co_234001
4047,NUEVO HORIZONTE,l10n_co_base_location.zip_co_234001
4048,SIN INFORMACION DE BARRIOS,l10n_co_base_location.zip_co_234007
4049,EL NUEVO PORVENIR,l10n_co_base_location.zip_co_234008
4050,EL PORVENIR,l10n_co_base_location.zip_co_234008
4051,PUEBLO BELÉN,l10n_co_base_location.zip_co_234008
4052,SIN INFORMACION DE BARRIOS,l10n_co_base_location.zip_co_234010
4053,SIN INFORMACION DE BARRIOS,l10n_co_base_location.zip_co_234017
4054,AGUAS VIVAS,l10n_co_base_location.zip_co_234030
4055,BLANCA URZOLA,l10n_co_base_location.zip_co_234030
4056,CAMILO JIMÉNEZ,l10n_co_base_location.zip_co_234030
4057,CENTRO,l10n_co_base_location.zip_co_234030
4058,EL EDÉN,l10n_co_base_location.zip_co_234030
4059,EL PROGRESO,l10n_co_base_location.zip_co_234030
4060,LA UNIÓN,l10n_co_base_location.zip_co_234030
4061,LAS CRUCES,l10n_co_base_location.zip_co_234030
4062,MIRAFLORES,l10n_co_base_location.zip_co_234030
4063,PALMIRA,l10n_co_base_location.zip_co_234030
4064,SAN JOSÉ,l10n_co_base_location.zip_co_234030
4065,SANTIAGO SÁNCHEZ,l10n_co_base_location.zip_co_234030
4066,SIETE DE SEPTIEMBRE,l10n_co_base_location.zip_co_234030
4067,VEINTE DE JULIO,l10n_co_base_location.zip_co_234030
4068,VEINTE DE MARZO,l10n_co_base_location.zip_co_234030
4069,VENDE AGUJAS,l10n_co_base_location.zip_co_234030
4070,SIN INFORMACION DE BARRIOS,l10n_co_base_location.zip_co_234037
4071,RAM¾N RUBIO,l10n_co_base_location.zip_co_234038
4072,SIN INFORMACION DE BARRIOS,l10n_co_base_location.zip_co_234039
4073,19 DE MARZO,l10n_co_base_location.zip_co_234501
4074,20 DE JULIO,l10n_co_base_location.zip_co_234501
4075,A. GARCIA B.,l10n_co_base_location.zip_co_234501
4076,ALFONSO LOPEZ,l10n_co_base_location.zip_co_234501
4077,CALIFORNIA,l10n_co_base_location.zip_co_234501
4078,EL CENTRO,l10n_co_base_location.zip_co_234501
4079,EL DIAMANTE,l10n_co_base_location.zip_co_234501
4080,EL PARAÍSO,l10n_co_base_location.zip_co_234501
4081,EL PRADO,l10n_co_base_location.zip_co_234501
4082,EL RECREO,l10n_co_base_location.zip_co_234501
4083,ESCOLAR,l10n_co_base_location.zip_co_234501
4084,G. BULA H.,l10n_co_base_location.zip_co_234501
4085,GALÁN,l10n_co_base_location.zip_co_234501
4086,L. LÓPEZ G.,l10n_co_base_location.zip_co_234501
4087,LA ESMERALDA,l10n_co_base_location.zip_co_234501
4088,LA PAZ,l10n_co_base_location.zip_co_234501
4089,LA UNIÓN,l10n_co_base_location.zip_co_234501
4090,NUEVO ORIENTE,l10n_co_base_location.zip_co_234501
4091,SAN CARLOS,l10n_co_base_location.zip_co_234501
4092,SAN JOSÉ,l10n_co_base_location.zip_co_234501
4093,URBANIZACIÓN VILLA DE,l10n_co_base_location.zip_co_234501
4094,SIN INFORMACION DE BARRIOS,l10n_co_base_location.zip_co_234507
4095,MONTEVIDEO,l10n_co_base_location.zip_co_234508
4096,VIRGILIO VARGAS,l10n_co_base_location.zip_co_234508
4097,SIN INFORMACION DE BARRIOS,l10n_co_base_location.zip_co_234509
4098,SIN INFORMACION DE BARRIOS,l10n_co_base_location.zip_co_234517
4099,SIN INFORMACION DE BARRIOS,l10n_co_base_location.zip_co_234518
4100,6 DE ENERO,l10n_co_base_location.zip_co_234530
4101,ALFONSO LOPEZ,l10n_co_base_location.zip_co_234530
4102,EL CENTRO,l10n_co_base_location.zip_co_234530
4103,EL PARAÍSO,l10n_co_base_location.zip_co_234530
4104,EL ROSARIO,l10n_co_base_location.zip_co_234530
4105,IVÁN ROSALES,l10n_co_base_location.zip_co_234530
4106,JARAGUAY,l10n_co_base_location.zip_co_234530
4107,LA CRUZ,l10n_co_base_location.zip_co_234530
4108,NAZARETH,l10n_co_base_location.zip_co_234530
4109,OSPINA PÉREZ,l10n_co_base_location.zip_co_234530
4110,PUERTO RICO,l10n_co_base_location.zip_co_234530
4111,SAN JOSÉ,l10n_co_base_location.zip_co_234530
4112,SAN MARCOS,l10n_co_base_location.zip_co_234530
4113,SAN NICOLÁS,l10n_co_base_location.zip_co_234530
4114,VILLA SERAFINA,l10n_co_base_location.zip_co_234530
4115,20 DE ENERO,l10n_co_base_location.zip_co_234537
4116,ACCIÓN SOCIAL,l10n_co_base_location.zip_co_234537
4117,BUENA VISTA,l10n_co_base_location.zip_co_234538
4118,BUENOS AIRES,l10n_co_base_location.zip_co_234538
4119,LAS PIEDRAS,l10n_co_base_location.zip_co_234538
4120,LAS PIEDRAS I,l10n_co_base_location.zip_co_234538
4121,VILLA LINEY,l10n_co_base_location.zip_co_234538
4122,SIN INFORMACION DE BARRIOS,l10n_co_base_location.zip_co_234539
4123,SIN INFORMACION DE BARRIOS,l10n_co_base_location.zip_co_235001
4124,SIN INFORMACION DE BARRIOS,l10n_co_base_location.zip_co_235007
4125,SIN INFORMACION DE BARRIOS,l10n_co_base_location.zip_co_235008
4126,ARRIBA,l10n_co_base_location.zip_co_235020
4127,CENTRO,l10n_co_base_location.zip_co_235020
4128,EL OASIS,l10n_co_base_location.zip_co_235020
4129,NUEVO,l10n_co_base_location.zip_co_235020
4130,SIN INFORMACION DE BARRIOS,l10n_co_base_location.zip_co_235027
4131,SIN INFORMACION DE BARRIOS,l10n_co_base_location.zip_co_235028
4132,SIN INFORMACION DE BARRIOS,l10n_co_base_location.zip_co_235040
4133,SIN INFORMACION DE BARRIOS,l10n_co_base_location.zip_co_235047
4134,SIN INFORMACION DE BARRIOS,l10n_co_base_location.zip_co_235048
4135,SIN INFORMACION DE BARRIOS,l10n_co_base_location.zip_co_250001
4136,SIN INFORMACION DE BARRIOS,l10n_co_base_location.zip_co_250002
4137,SIN INFORMACION DE BARRIOS,l10n_co_base_location.zip_co_250007
4138,SIN INFORMACION DE BARRIOS,l10n_co_base_location.zip_co_250008
4139,SIN INFORMACION DE BARRIOS,l10n_co_base_location.zip_co_250010
4140,SIN INFORMACION DE BARRIOS,l10n_co_base_location.zip_co_250017
4141,BELLISCA,l10n_co_base_location.zip_co_250020
4142,CENTRO,l10n_co_base_location.zip_co_250020
4143,EL HATO,l10n_co_base_location.zip_co_250020
4144,EL HATO 2,l10n_co_base_location.zip_co_250020
4145,EL LAGO,l10n_co_base_location.zip_co_250020
4146,EL PALMAR,l10n_co_base_location.zip_co_250020
4147,EL PRADO,l10n_co_base_location.zip_co_250020
4148,EL SOL,l10n_co_base_location.zip_co_250020
4149,GERONA,l10n_co_base_location.zip_co_250020
4150,LA AURORA,l10n_co_base_location.zip_co_250020
4151,LA CHAGUYA,l10n_co_base_location.zip_co_250020
4152,LA FORTUNA,l10n_co_base_location.zip_co_250020
4153,MÉXICO,l10n_co_base_location.zip_co_250020
4154,NUEVO MÉXICO,l10n_co_base_location.zip_co_250020
4155,PENSAMIENTO,l10n_co_base_location.zip_co_250020
4156,POPULAR,l10n_co_base_location.zip_co_250020
4157,PORVENIR,l10n_co_base_location.zip_co_250020
4158,SAMARKANDA,l10n_co_base_location.zip_co_250020
4159,SANTA TERESITA,l10n_co_base_location.zip_co_250020
4160,SERENAS,l10n_co_base_location.zip_co_250020
4161,SERREZUELITA,l10n_co_base_location.zip_co_250020
4162,SIETETROJES,l10n_co_base_location.zip_co_250020
4163,SIETETROJES 1,l10n_co_base_location.zip_co_250020
4164,TIS,l10n_co_base_location.zip_co_250020
4165,BACATÁ,l10n_co_base_location.zip_co_250027
4166,FRANCISCO MARTÍNEZ RICO,l10n_co_base_location.zip_co_250027
4167,HATO CASA BLANCA,l10n_co_base_location.zip_co_250027
4168,MIRAFLORES,l10n_co_base_location.zip_co_250027
4169,VILLA PAOLA,l10n_co_base_location.zip_co_250027
4170,VILLAPAUL,l10n_co_base_location.zip_co_250027
4171,ALCAPARRO,l10n_co_base_location.zip_co_250027
4172,AMPARITO,l10n_co_base_location.zip_co_250027
4173,APROVIM,l10n_co_base_location.zip_co_250027
4174,BARRANQUILLITA,l10n_co_base_location.zip_co_250027
4175,BELLO HORIZONTE,l10n_co_base_location.zip_co_250027
4176,BOLONIA,l10n_co_base_location.zip_co_250027
4177,CASAS GRISES,l10n_co_base_location.zip_co_250027
4178,EL CORTIJO,l10n_co_base_location.zip_co_250027
4179,EL MOLINO,l10n_co_base_location.zip_co_250027
4180,EL PINAR,l10n_co_base_location.zip_co_250027
4181,EL RINCONCITO,l10n_co_base_location.zip_co_250027
4182,EL SOCIEGO,l10n_co_base_location.zip_co_250027
4183,EL TRIUNFO,l10n_co_base_location.zip_co_250027
4184,ESCALLÓN,l10n_co_base_location.zip_co_250027
4185,ALCAPARRO,l10n_co_base_location.zip_co_250030
4186,AMPARITO,l10n_co_base_location.zip_co_250030
4187,APROVIM,l10n_co_base_location.zip_co_250030
4188,BARRANQUILLITA,l10n_co_base_location.zip_co_250030
4189,BELLO HORIZONTE,l10n_co_base_location.zip_co_250030
4190,BOLONIA,l10n_co_base_location.zip_co_250030
4191,CASAS GRISES,l10n_co_base_location.zip_co_250030
4192,EL CORTIJO,l10n_co_base_location.zip_co_250030
4193,EL MOLINO,l10n_co_base_location.zip_co_250030
4194,EL PINAR,l10n_co_base_location.zip_co_250030
4195,EL RINCONCITO,l10n_co_base_location.zip_co_250030
4196,EL SOCIEGO,l10n_co_base_location.zip_co_250030
4197,EL TRIUNFO,l10n_co_base_location.zip_co_250030
4198,ESCALLÓN,l10n_co_base_location.zip_co_250030
4199,ESPERANZA,l10n_co_base_location.zip_co_250030
4200,GABRIEL ECHAVARRÍA,l10n_co_base_location.zip_co_250030
4201,KENNEDY,l10n_co_base_location.zip_co_250030
4202,LA ESPAÑOLA,l10n_co_base_location.zip_co_250030
4203,LA HUERTA,l10n_co_base_location.zip_co_250030
4204,LA MAGNOLIA,l10n_co_base_location.zip_co_250030
4205,LA TRINIDA,l10n_co_base_location.zip_co_250030
4206,SIN INFORMACION DE BARRIOS,l10n_co_base_location.zip_co_250037
4207,SIN INFORMACION DE BARRIOS,l10n_co_base_location.zip_co_250038
4208,SIN INFORMACION DE BARRIOS,l10n_co_base_location.zip_co_250040
4209,SIN INFORMACION DE BARRIOS,l10n_co_base_location.zip_co_250047
4210,ACUAPARQUE ALTANARE,l10n_co_base_location.zip_co_250051
4211,ALAMEDA DEL PINAR,l10n_co_base_location.zip_co_250051
4212,ALTOS DE CAMILO TORRES,l10n_co_base_location.zip_co_250051
4213,ALTOS DE PORTALEGRE,l10n_co_base_location.zip_co_250051
4214,ALTOS DEL BOSQUE I,l10n_co_base_location.zip_co_250051
4215,ALTOS DEL BOSQUE II,l10n_co_base_location.zip_co_250051
4216,ALTOS DEL BOSQUE III,l10n_co_base_location.zip_co_250051
4217,ALTOS DEL PINAR I,l10n_co_base_location.zip_co_250051
4218,ALTOS DEL PINAR II,l10n_co_base_location.zip_co_250051
4219,ALTOS DEL PINAR III,l10n_co_base_location.zip_co_250051
4220,ALTOS DEL PINAR IV,l10n_co_base_location.zip_co_250051
4221,ALTOS DEL SACROMONTE,l10n_co_base_location.zip_co_250051
4222,BOCHI,l10n_co_base_location.zip_co_250051
4223,ABC SANTA ANA,l10n_co_base_location.zip_co_250052
4224,ARIZONA,l10n_co_base_location.zip_co_250052
4225,ATENEA,l10n_co_base_location.zip_co_250052
4226,BUENOS AIRES,l10n_co_base_location.zip_co_250052
4227,CIUDAD DE QUITO,l10n_co_base_location.zip_co_250052
4228,CIUDAD LATINA I,l10n_co_base_location.zip_co_250052
4229,CIUDAD LATINA II,l10n_co_base_location.zip_co_250052
4230,CIUDAD LATINA III,l10n_co_base_location.zip_co_250052
4231,CIUDAD SATÉLITE,l10n_co_base_location.zip_co_250052
4232,COBEG,l10n_co_base_location.zip_co_250052
4233,COMPARTIR,l10n_co_base_location.zip_co_250052
4234,CONVIVA I,l10n_co_base_location.zip_co_250052
4235,CONVIVA II,l10n_co_base_location.zip_co_250052
4236,EL CEDRO,l10n_co_base_location.zip_co_250052
4237,EL SALITRE,l10n_co_base_location.zip_co_250052
4238,EL VIVERO,l10n_co_base_location.zip_co_250052
4239,HOSPITAL GERIÁTRICO,l10n_co_base_location.zip_co_250052
4240,LA FONTANA I,l10n_co_base_location.zip_co_250052
4241,LA FONTANA I,l10n_co_base_location.zip_co_250052
4242,12 DE MARZO,l10n_co_base_location.zip_co_250053
4243,ALTOS DE LA FLORIDA,l10n_co_base_location.zip_co_250053
4244,ANDALUCÍA,l10n_co_base_location.zip_co_250053
4245,BALCÓN REAL,l10n_co_base_location.zip_co_250053
4246,BOSQUE DE CIPI,l10n_co_base_location.zip_co_250053
4247,BOYACÁ,l10n_co_base_location.zip_co_250053
4248,CAGUA,l10n_co_base_location.zip_co_250053
4249,CHICÓ SUR,l10n_co_base_location.zip_co_250053
4250,CIEN FAMILIAS,l10n_co_base_location.zip_co_250053
4251,COHABITAR,l10n_co_base_location.zip_co_250053
4252,COLMENA II,l10n_co_base_location.zip_co_250053
4253,COMFENALCO,l10n_co_base_location.zip_co_250053
4254,CONJUNTO RESIDENCIAL AUTOPISTA SUR,l10n_co_base_location.zip_co_250053
4255,EL ALTICO,l10n_co_base_location.zip_co_250053
4256,EL BOSQUE,l10n_co_base_location.zip_co_250053
4257,CAGUA CHIQUITA,l10n_co_base_location.zip_co_250053
4258,EL CARDAL,l10n_co_base_location.zip_co_250053
4259,EL CIPRES,l10n_co_base_location.zip_co_250053
4260,EL DIVIN,l10n_co_base_location.zip_co_250053
4261,ALTOS DE JUANAMBÚ,l10n_co_base_location.zip_co_250054
4262,ALTOS DE SAN MATEO,l10n_co_base_location.zip_co_250054
4263,ARCO IRIS,l10n_co_base_location.zip_co_250054
4264,BALCONES DE SAN MATEO I,l10n_co_base_location.zip_co_250054
4265,BALCONES DE SAN MATEO II,l10n_co_base_location.zip_co_250054
4266,BARBADOS I,l10n_co_base_location.zip_co_250054
4267,BARBADOS II,l10n_co_base_location.zip_co_250054
4268,BARBADOS III,l10n_co_base_location.zip_co_250054
4269,CAMILO TORRES II,l10n_co_base_location.zip_co_250054
4270,CAPITALINAS,l10n_co_base_location.zip_co_250054
4271,CAPITALINAS II,l10n_co_base_location.zip_co_250054
4272,CASALINDA I,l10n_co_base_location.zip_co_250054
4273,CASALINDA II,l10n_co_base_location.zip_co_250054
4274,CASALINDA III,l10n_co_base_location.zip_co_250054
4275,CASALINDA IV,l10n_co_base_location.zip_co_250054
4276,CASALINDA IX,l10n_co_base_location.zip_co_250054
4277,ALTOS DEL PINO,l10n_co_base_location.zip_co_250055
4278,CARLOS PIZARRO III,l10n_co_base_location.zip_co_250055
4279,CASALOMA,l10n_co_base_location.zip_co_250055
4280,CAZUCA,l10n_co_base_location.zip_co_250055
4281,CIUDADELA SUCRE,l10n_co_base_location.zip_co_250055
4282,BELLAVISTA,l10n_co_base_location.zip_co_250055
4283,CIUDADELA SUCRE,l10n_co_base_location.zip_co_250055
4284,BUENOS AIRES,l10n_co_base_location.zip_co_250055
4285,CIUDADELA SUCRE,l10n_co_base_location.zip_co_250055
4286,LA UNIÓN,l10n_co_base_location.zip_co_250055
4287,CIUDADELA SUCRE,l10n_co_base_location.zip_co_250055
4288,LAS MARGARITAS,l10n_co_base_location.zip_co_250055
4289,CIUDADELA SUCRE,l10n_co_base_location.zip_co_250055
4290,LOS PINOS,l10n_co_base_location.zip_co_250055
4291,CIUDADELA SUCRE,l10n_co_base_location.zip_co_250055
4292,SECTOR JAIME GARZÓN,l10n_co_base_location.zip_co_250055
4293,CIUDADELA,l10n_co_base_location.zip_co_250055
4294,SIN INFORMACION DE BARRIOS,l10n_co_base_location.zip_co_250057
4295,CIUDADELA SUCRE,l10n_co_base_location.zip_co_250058
4296,RINCÓN DEL LAGO,l10n_co_base_location.zip_co_250058
4297,EL CARMEN,l10n_co_base_location.zip_co_250070
4298,EL PROGRESO,l10n_co_base_location.zip_co_250070
4299,LA INMACULADA,l10n_co_base_location.zip_co_250070
4300,LA PAZ,l10n_co_base_location.zip_co_250070
4301,PARQUES DEL MUÑA,l10n_co_base_location.zip_co_250070
4302,SAN JORGE,l10n_co_base_location.zip_co_250070
4303,SAN JOSÉ,l10n_co_base_location.zip_co_250070
4304,SAN JUAN,l10n_co_base_location.zip_co_250070
4305,SAN MARTÍN,l10n_co_base_location.zip_co_250070
4306,SAN RAFAEL,l10n_co_base_location.zip_co_250070
4307,SANTA ISABEL,l10n_co_base_location.zip_co_250070
4308,SANTA TERESA,l10n_co_base_location.zip_co_250070
4309,SIN INFORMACION DE BARRIOS,l10n_co_base_location.zip_co_250077
4310,SIN INFORMACION DE BARRIOS,l10n_co_base_location.zip_co_250078
4311,SIN INFORMACION DE BARRIOS,l10n_co_base_location.zip_co_250201
4312,SIN INFORMACION DE BARRIOS,l10n_co_base_location.zip_co_250207
4313,SIN INFORMACION DE BARRIOS,l10n_co_base_location.zip_co_250208
4314,SIN INFORMACION DE BARRIOS,l10n_co_base_location.zip_co_250210
4315,SIN INFORMACION DE BARRIOS,l10n_co_base_location.zip_co_250217
4316,SIN INFORMACION DE BARRIOS,l10n_co_base_location.zip_co_250220
4317,SIN INFORMACION DE BARRIOS,l10n_co_base_location.zip_co_250227
4318,SIN INFORMACION DE BARRIOS,l10n_co_base_location.zip_co_250228
4319,SIN INFORMACION DE BARRIOS,l10n_co_base_location.zip_co_250230
4320,SIN INFORMACION DE BARRIOS,l10n_co_base_location.zip_co_250237
4321,SIN INFORMACION DE BARRIOS,l10n_co_base_location.zip_co_250240
4322,SIN INFORMACION DE BARRIOS,l10n_co_base_location.zip_co_250247
4323,ALTAMIRA,l10n_co_base_location.zip_co_250251
4324,BANOY,l10n_co_base_location.zip_co_250251
4325,BOLIVAR 83,l10n_co_base_location.zip_co_250251
4326,BOSQUES DE SILENCIA,l10n_co_base_location.zip_co_250251
4327,CAMINO DE BARANDILLAS,l10n_co_base_location.zip_co_250251
4328,CPR. BARANDILLAS,l10n_co_base_location.zip_co_250251
4329,CPR. LA MARIELA,l10n_co_base_location.zip_co_250251
4330,CPR. LA PAZ,l10n_co_base_location.zip_co_250251
4331,TERPEL,l10n_co_base_location.zip_co_250251
4332,CPR. LOTEO PEDROZA,l10n_co_base_location.zip_co_250251
4333,CPR. SANTA ISABEL I,l10n_co_base_location.zip_co_250251
4334,CPR. SUSAGUA,l10n_co_base_location.zip_co_250251
4335,CPR. URB. SAN GABRIEL,l10n_co_base_location.zip_co_250251
4336,EL CEDRO,l10n_co_base_location.zip_co_250251
4337,EL CODITO,l10n_co_base_location.zip_co_250251
4338,EL PRADO,l10n_co_base_location.zip_co_250251
4339,EL REPOSO,l10n_co_base_location.zip_co_250251
4340,EL RO,l10n_co_base_location.zip_co_250251
4341,ALGARRA I,l10n_co_base_location.zip_co_250252
4342,ALGARRA II,l10n_co_base_location.zip_co_250252
4343,ALGARRA III,l10n_co_base_location.zip_co_250252
4344,CASA BLANCA,l10n_co_base_location.zip_co_250252
4345,CEMENTERIO,l10n_co_base_location.zip_co_250252
4346,CONTIGUO LA CONCEPCION,l10n_co_base_location.zip_co_250252
4347,CPR. EL RUDAL,l10n_co_base_location.zip_co_250252
4348,CPR. PASOANCHO,l10n_co_base_location.zip_co_250252
4349,CPR. PORTACHUELO,l10n_co_base_location.zip_co_250252
4350,EL CENTRO,l10n_co_base_location.zip_co_250252
4351,JULIO CARO,l10n_co_base_location.zip_co_250252
4352,LA CONCEPCION,l10n_co_base_location.zip_co_250252
4353,LA FRAGUITA,l10n_co_base_location.zip_co_250252
4354,SAN PABLO,l10n_co_base_location.zip_co_250252
4355,SANTIAGO PEREZ PUEBLO VIEJO,l10n_co_base_location.zip_co_250252
4356,TERRAPLEN,l10n_co_base_location.zip_co_250252
4357,URB. ASPROVITEZ,l10n_co_base_location.zip_co_250252
4358,UR,l10n_co_base_location.zip_co_250252
4359,SIN INFORMACION DE BARRIOS,l10n_co_base_location.zip_co_250257
4360,CPR. SAN MIGUEL,l10n_co_base_location.zip_co_250258
4361,SIN INFORMACION DE BARRIOS,l10n_co_base_location.zip_co_250401
4362,SIN INFORMACION DE BARRIOS,l10n_co_base_location.zip_co_250407
4363,SIN INFORMACION DE BARRIOS,l10n_co_base_location.zip_co_250408
4364,SIN INFORMACION DE BARRIOS,l10n_co_base_location.zip_co_250410
4365,SIN INFORMACION DE BARRIOS,l10n_co_base_location.zip_co_250417
4366,SIN INFORMACION DE BARRIOS,l10n_co_base_location.zip_co_250418
4367,SIN INFORMACION DE BARRIOS,l10n_co_base_location.zip_co_250420
4368,SIN INFORMACION DE BARRIOS,l10n_co_base_location.zip_co_250427
4369,SIN INFORMACION DE BARRIOS,l10n_co_base_location.zip_co_250428
4370,SIN INFORMACION DE BARRIOS,l10n_co_base_location.zip_co_250430
4371,SIN INFORMACION DE BARRIOS,l10n_co_base_location.zip_co_250437
4372,SIN INFORMACION DE BARRIOS,l10n_co_base_location.zip_co_250440
4373,SIN INFORMACION DE BARRIOS,l10n_co_base_location.zip_co_250447
4374,SIN INFORMACION DE BARRIOS,l10n_co_base_location.zip_co_250450
4375,SIN INFORMACION DE BARRIOS,l10n_co_base_location.zip_co_250457
4376,SIN INFORMACION DE BARRIOS,l10n_co_base_location.zip_co_250601
4377,SIN INFORMACION DE BARRIOS,l10n_co_base_location.zip_co_250607
4378,SIN INFORMACION DE BARRIOS,l10n_co_base_location.zip_co_250608
4379,CENTRO (URBANO),l10n_co_base_location.zip_co_250610
4380,EL PORVENIR,l10n_co_base_location.zip_co_250610
4381,EL TEJAR,l10n_co_base_location.zip_co_250610
4382,GUALACIA,l10n_co_base_location.zip_co_250610
4383,LOS TEJARES,l10n_co_base_location.zip_co_250610
4384,VILLA DE SAN JUAN,l10n_co_base_location.zip_co_250610
4385,SIN INFORMACION DE BARRIOS,l10n_co_base_location.zip_co_250617
4386,SIN INFORMACION DE BARRIOS,l10n_co_base_location.zip_co_250618
4387,SIN INFORMACION DE BARRIOS,l10n_co_base_location.zip_co_250620
4388,SIN INFORMACION DE BARRIOS,l10n_co_base_location.zip_co_250627
4389,SIN INFORMACION DE BARRIOS,l10n_co_base_location.zip_co_250630
4390,SIN INFORMACION DE BARRIOS,l10n_co_base_location.zip_co_250637
4391,SIN INFORMACION DE BARRIOS,l10n_co_base_location.zip_co_250640
4392,SIN INFORMACION DE BARRIOS,l10n_co_base_location.zip_co_250647
4393,SIN INFORMACION DE BARRIOS,l10n_co_base_location.zip_co_250801
4394,SIN INFORMACION DE BARRIOS,l10n_co_base_location.zip_co_250807
4395,SIN INFORMACION DE BARRIOS,l10n_co_base_location.zip_co_250808
4396,SIN INFORMACION DE BARRIOS,l10n_co_base_location.zip_co_250810
4397,SIN INFORMACION DE BARRIOS,l10n_co_base_location.zip_co_250817
4398,SIN INFORMACION DE BARRIOS,l10n_co_base_location.zip_co_250818
4399,SIN INFORMACION DE BARRIOS,l10n_co_base_location.zip_co_250820
4400,SIN INFORMACION DE BARRIOS,l10n_co_base_location.zip_co_250827
4401,SIN INFORMACION DE BARRIOS,l10n_co_base_location.zip_co_250830
4402,SIN INFORMACION DE BARRIOS,l10n_co_base_location.zip_co_250837
4403,SIN INFORMACION DE BARRIOS,l10n_co_base_location.zip_co_250840
4404,SIN INFORMACION DE BARRIOS,l10n_co_base_location.zip_co_250847
4405,SIN INFORMACION DE BARRIOS,l10n_co_base_location.zip_co_250848
4406,SIN INFORMACION DE BARRIOS,l10n_co_base_location.zip_co_251001
4407,SIN INFORMACION DE BARRIOS,l10n_co_base_location.zip_co_251007
4408,SIN INFORMACION DE BARRIOS,l10n_co_base_location.zip_co_251008
4409,SIN INFORMACION DE BARRIOS,l10n_co_base_location.zip_co_251010
4410,SIN INFORMACION DE BARRIOS,l10n_co_base_location.zip_co_251017
4411,SIN INFORMACION DE BARRIOS,l10n_co_base_location.zip_co_251020
4412,SIN INFORMACION DE BARRIOS,l10n_co_base_location.zip_co_251027
4413,SIN INFORMACION DE BARRIOS,l10n_co_base_location.zip_co_251030
4414,SIN INFORMACION DE BARRIOS,l10n_co_base_location.zip_co_251037
4415,SIN INFORMACION DE BARRIOS,l10n_co_base_location.zip_co_251038
4416,SIN INFORMACION DE BARRIOS,l10n_co_base_location.zip_co_251040
4417,SIN INFORMACION DE BARRIOS,l10n_co_base_location.zip_co_251047
4418,SIN INFORMACION DE BARRIOS,l10n_co_base_location.zip_co_251048
4419,SIN INFORMACION DE BARRIOS,l10n_co_base_location.zip_co_251050
4420,SIN INFORMACION DE BARRIOS,l10n_co_base_location.zip_co_251057
4421,SIN INFORMACION DE BARRIOS,l10n_co_base_location.zip_co_251058
4422,SIN INFORMACION DE BARRIOS,l10n_co_base_location.zip_co_251060
4423,SIN INFORMACION DE BARRIOS,l10n_co_base_location.zip_co_251067
4424,SIN INFORMACION DE BARRIOS,l10n_co_base_location.zip_co_251201
4425,SIN INFORMACION DE BARRIOS,l10n_co_base_location.zip_co_251207
4426,SIN INFORMACION DE BARRIOS,l10n_co_base_location.zip_co_251208
4427,SIN INFORMACION DE BARRIOS,l10n_co_base_location.zip_co_251210
4428,SIN INFORMACION DE BARRIOS,l10n_co_base_location.zip_co_251217
4429,SIN INFORMACION DE BARRIOS,l10n_co_base_location.zip_co_251218
4430,SIN INFORMACION DE BARRIOS,l10n_co_base_location.zip_co_251220
4431,SIN INFORMACION DE BARRIOS,l10n_co_base_location.zip_co_251227
4432,SIN INFORMACION DE BARRIOS,l10n_co_base_location.zip_co_251230
4433,SIN INFORMACION DE BARRIOS,l10n_co_base_location.zip_co_251237
4434,SIN INFORMACION DE BARRIOS,l10n_co_base_location.zip_co_251238
4435,SIN INFORMACION DE BARRIOS,l10n_co_base_location.zip_co_251240
4436,SIN INFORMACION DE BARRIOS,l10n_co_base_location.zip_co_251247
4437,SIN INFORMACION DE BARRIOS,l10n_co_base_location.zip_co_251250
4438,SIN INFORMACION DE BARRIOS,l10n_co_base_location.zip_co_251257
4439,SIN INFORMACION DE BARRIOS,l10n_co_base_location.zip_co_251260
4440,SIN INFORMACION DE BARRIOS,l10n_co_base_location.zip_co_251267
4441,SIN INFORMACION DE BARRIOS,l10n_co_base_location.zip_co_251268
4442,SIN INFORMACION DE BARRIOS,l10n_co_base_location.zip_co_251401
4443,SIN INFORMACION DE BARRIOS,l10n_co_base_location.zip_co_251407
4444,SIN INFORMACION DE BARRIOS,l10n_co_base_location.zip_co_251420
4445,SIN INFORMACION DE BARRIOS,l10n_co_base_location.zip_co_251427
4446,SIN INFORMACION DE BARRIOS,l10n_co_base_location.zip_co_251428
4447,SIN INFORMACION DE BARRIOS,l10n_co_base_location.zip_co_251601
4448,SIN INFORMACION DE BARRIOS,l10n_co_base_location.zip_co_251607
4449,SIN INFORMACION DE BARRIOS,l10n_co_base_location.zip_co_251620
4450,SIN INFORMACION DE BARRIOS,l10n_co_base_location.zip_co_251627
4451,SIN INFORMACION DE BARRIOS,l10n_co_base_location.zip_co_251628
4452,SIN INFORMACION DE BARRIOS,l10n_co_base_location.zip_co_251640
4453,SIN INFORMACION DE BARRIOS,l10n_co_base_location.zip_co_251647
4454,SIN INFORMACION DE BARRIOS,l10n_co_base_location.zip_co_251648
4455,SIN INFORMACION DE BARRIOS,l10n_co_base_location.zip_co_251801
4456,SIN INFORMACION DE BARRIOS,l10n_co_base_location.zip_co_251807
4457,SIN INFORMACION DE BARRIOS,l10n_co_base_location.zip_co_251808
4458,SIN INFORMACION DE BARRIOS,l10n_co_base_location.zip_co_251810
4459,SIN INFORMACION DE BARRIOS,l10n_co_base_location.zip_co_251817
4460,CIUDAD JARDÍN,l10n_co_base_location.zip_co_251820
4461,EL PALMAR,l10n_co_base_location.zip_co_251820
4462,EL PRADO,l10n_co_base_location.zip_co_251820
4463,LA INMACULADA,l10n_co_base_location.zip_co_251820
4464,LAS DELICIAS,l10n_co_base_location.zip_co_251820
4465,LAS VILLAS,l10n_co_base_location.zip_co_251820
4466,MANUEL F PABÓN,l10n_co_base_location.zip_co_251820
4467,RAFAEL NÚÑEZ,l10n_co_base_location.zip_co_251820
4468,SAN FERNANDO,l10n_co_base_location.zip_co_251820
4469,SANTA BÁRBARA,l10n_co_base_location.zip_co_251820
4470,VILLAS DEL TEJAR,l10n_co_base_location.zip_co_251820
4471,SIN INFORMACION DE BARRIOS,l10n_co_base_location.zip_co_251827
4472,SIN INFORMACION DE BARRIOS,l10n_co_base_location.zip_co_251830
4473,SIN INFORMACION DE BARRIOS,l10n_co_base_location.zip_co_251837
4474,SIN INFORMACION DE BARRIOS,l10n_co_base_location.zip_co_251840
4475,SIN INFORMACION DE BARRIOS,l10n_co_base_location.zip_co_251847
4476,SIN INFORMACION DE BARRIOS,l10n_co_base_location.zip_co_251850
4477,SIN INFORMACION DE BARRIOS,l10n_co_base_location.zip_co_251857
4478,SIN INFORMACION DE BARRIOS,l10n_co_base_location.zip_co_251860
4479,SIN INFORMACION DE BARRIOS,l10n_co_base_location.zip_co_251867
4480,SIN INFORMACION DE BARRIOS,l10n_co_base_location.zip_co_252001
4481,SIN INFORMACION DE BARRIOS,l10n_co_base_location.zip_co_252007
4482,SIN INFORMACION DE BARRIOS,l10n_co_base_location.zip_co_252008
4483,SIN INFORMACION DE BARRIOS,l10n_co_base_location.zip_co_252010
4484,SIN INFORMACION DE BARRIOS,l10n_co_base_location.zip_co_252017
4485,SIN INFORMACION DE BARRIOS,l10n_co_base_location.zip_co_252020
4486,SIN INFORMACION DE BARRIOS,l10n_co_base_location.zip_co_252027
4487,SIN INFORMACION DE BARRIOS,l10n_co_base_location.zip_co_252028
4488,SIN INFORMACION DE BARRIOS,l10n_co_base_location.zip_co_252030
4489,SIN INFORMACION DE BARRIOS,l10n_co_base_location.zip_co_252037
4490,SIN INFORMACION DE BARRIOS,l10n_co_base_location.zip_co_252040
4491,SIN INFORMACION DE BARRIOS,l10n_co_base_location.zip_co_252047
4492,SIN INFORMACION DE BARRIOS,l10n_co_base_location.zip_co_252201
4493,SIN INFORMACION DE BARRIOS,l10n_co_base_location.zip_co_252207
4494,SIN INFORMACION DE BARRIOS,l10n_co_base_location.zip_co_252208
4495,SIN INFORMACION DE BARRIOS,l10n_co_base_location.zip_co_252211
4496,SIN INFORMACION DE BARRIOS,l10n_co_base_location.zip_co_252212
4497,SIN INFORMACION DE BARRIOS,l10n_co_base_location.zip_co_252217
4498,SIN INFORMACION DE BARRIOS,l10n_co_base_location.zip_co_252218
4499,SIN INFORMACION DE BARRIOS,l10n_co_base_location.zip_co_252219
4500,SIN INFORMACION DE BARRIOS,l10n_co_base_location.zip_co_252230
4501,SIN INFORMACION DE BARRIOS,l10n_co_base_location.zip_co_252237
4502,SIN INFORMACION DE BARRIOS,l10n_co_base_location.zip_co_252240
4503,SIN INFORMACION DE BARRIOS,l10n_co_base_location.zip_co_252247
4504,SIN INFORMACION DE BARRIOS,l10n_co_base_location.zip_co_252248
4505,EL CARMELO,l10n_co_base_location.zip_co_252250
4506,EL CENTRO,l10n_co_base_location.zip_co_252250
4507,EL PROGRESO,l10n_co_base_location.zip_co_252250
4508,EL TRIUNFO,l10n_co_base_location.zip_co_252250
4509,MARACAIBO,l10n_co_base_location.zip_co_252250
4510,VENECIA,l10n_co_base_location.zip_co_252250
4511,ZONA DE RIESGO,l10n_co_base_location.zip_co_252250
4512,SIN INFORMACION DE BARRIOS,l10n_co_base_location.zip_co_252257
4513,SIN INFORMACION DE BARRIOS,l10n_co_base_location.zip_co_252401
4514,SIN INFORMACION DE BARRIOS,l10n_co_base_location.zip_co_252407
4515,SIN INFORMACION DE BARRIOS,l10n_co_base_location.zip_co_252408
4516,SIN INFORMACION DE BARRIOS,l10n_co_base_location.zip_co_252410
4517,SIN INFORMACION DE BARRIOS,l10n_co_base_location.zip_co_252417
4518,ALAMEDA,l10n_co_base_location.zip_co_252431
4519,ALCATRAZ I,l10n_co_base_location.zip_co_252431
4520,ALCATRAZ II,l10n_co_base_location.zip_co_252431
4521,ALICANTE I,l10n_co_base_location.zip_co_252431
4522,ALICANTE II,l10n_co_base_location.zip_co_252431
4523,ALTOS DE ALCATRAZ,l10n_co_base_location.zip_co_252431
4524,ALTOS DE CHICALÁ,l10n_co_base_location.zip_co_252431
4525,ALTOS DEL PEÑÓN,l10n_co_base_location.zip_co_252431
4526,BALCONES II,l10n_co_base_location.zip_co_252431
4527,BAVARIA,l10n_co_base_location.zip_co_252431
4528,BLANCO,l10n_co_base_location.zip_co_252431
4529,BOSQUES DEL NORTE,l10n_co_base_location.zip_co_252431
4530,BRISAS DEL BOGOTÁ,l10n_co_base_location.zip_co_252431
4531,COLSUBSIDIO (EL COROZO),l10n_co_base_location.zip_co_252431
4532,DIAMANTE,l10n_co_base_location.zip_co_252431
4533,DIAMANTE POPULAR,l10n_co_base_location.zip_co_252431
4534,EL CEDRITO,l10n_co_base_location.zip_co_252431
4535,EL CEDRO,l10n_co_base_location.zip_co_252431
4536,10 DE MAYO,l10n_co_base_location.zip_co_252432
4537,20 DE JULIO,l10n_co_base_location.zip_co_252432
4538,ALTO DE LA CRUZ,l10n_co_base_location.zip_co_252432
4539,ALTO DE LAS ROSAS,l10n_co_base_location.zip_co_252432
4540,ALTO DEL ROSARIO,l10n_co_base_location.zip_co_252432
4541,ASOCOMÚN,l10n_co_base_location.zip_co_252432
4542,BELLO HORIZONTE,l10n_co_base_location.zip_co_252432
4543,BOCAS DEL BOGOTÁ,l10n_co_base_location.zip_co_252432
4544,BOGOTÁ,l10n_co_base_location.zip_co_252432
4545,BRISAS DE GIRARDOT,l10n_co_base_location.zip_co_252432
4546,BUENOS AIRES,l10n_co_base_location.zip_co_252432
4547,CENTENARIO,l10n_co_base_location.zip_co_252432
4548,CENTRO,l10n_co_base_location.zip_co_252432
4549,CIUDAD MONTES,l10n_co_base_location.zip_co_252432
4550,CIUDADELA COMGIRARDOT,l10n_co_base_location.zip_co_252432
4551,CONDOMINIO EL MIRADOR,l10n_co_base_location.zip_co_252432
4552,CONDOMIN,l10n_co_base_location.zip_co_252432
4553,SIN INFORMACION DE BARRIOS,l10n_co_base_location.zip_co_252437
4554,SIN INFORMACION DE BARRIOS,l10n_co_base_location.zip_co_252601
4555,SIN INFORMACION DE BARRIOS,l10n_co_base_location.zip_co_252607
4556,SIN INFORMACION DE BARRIOS,l10n_co_base_location.zip_co_252608
4557,SIN INFORMACION DE BARRIOS,l10n_co_base_location.zip_co_252610
4558,SIN INFORMACION DE BARRIOS,l10n_co_base_location.zip_co_252617
4559,SIN INFORMACION DE BARRIOS,l10n_co_base_location.zip_co_252620
4560,SIN INFORMACION DE BARRIOS,l10n_co_base_location.zip_co_252627
4561,SIN INFORMACION DE BARRIOS,l10n_co_base_location.zip_co_252630
4562,SIN INFORMACION DE BARRIOS,l10n_co_base_location.zip_co_252637
4563,SIN INFORMACION DE BARRIOS,l10n_co_base_location.zip_co_252638
4564,SIN INFORMACION DE BARRIOS,l10n_co_base_location.zip_co_252640
4565,SIN INFORMACION DE BARRIOS,l10n_co_base_location.zip_co_252647
4566,SIN INFORMACION DE BARRIOS,l10n_co_base_location.zip_co_252648
4567,SIN INFORMACION DE BARRIOS,l10n_co_base_location.zip_co_252650
4568,SIN INFORMACION DE BARRIOS,l10n_co_base_location.zip_co_252657
4569,SIN INFORMACION DE BARRIOS,l10n_co_base_location.zip_co_252660
4570,SIN INFORMACION DE BARRIOS,l10n_co_base_location.zip_co_252667
4571,SIN INFORMACION DE BARRIOS,l10n_co_base_location.zip_co_252668
4572,SIN INFORMACION DE BARRIOS,l10n_co_base_location.zip_co_252801
4573,SIN INFORMACION DE BARRIOS,l10n_co_base_location.zip_co_252807
4574,SIN INFORMACION DE BARRIOS,l10n_co_base_location.zip_co_252810
4575,SIN INFORMACION DE BARRIOS,l10n_co_base_location.zip_co_252817
4576,SIN INFORMACION DE BARRIOS,l10n_co_base_location.zip_co_252820
4577,SIN INFORMACION DE BARRIOS,l10n_co_base_location.zip_co_252827
4578,SIN INFORMACION DE BARRIOS,l10n_co_base_location.zip_co_252830
4579,SIN INFORMACION DE BARRIOS,l10n_co_base_location.zip_co_252837
4580,SIN INFORMACION DE BARRIOS,l10n_co_base_location.zip_co_252840
4581,SIN INFORMACION DE BARRIOS,l10n_co_base_location.zip_co_252847
4582,SIN INFORMACION DE BARRIOS,l10n_co_base_location.zip_co_252848
4583,SIN INFORMACION DE BARRIOS,l10n_co_base_location.zip_co_252850
4584,SIN INFORMACION DE BARRIOS,l10n_co_base_location.zip_co_252857
4585,SIN INFORMACION DE BARRIOS,l10n_co_base_location.zip_co_253001
4586,SIN INFORMACION DE BARRIOS,l10n_co_base_location.zip_co_253007
4587,SIN INFORMACION DE BARRIOS,l10n_co_base_location.zip_co_253010
4588,SIN INFORMACION DE BARRIOS,l10n_co_base_location.zip_co_253017
4589,SIN INFORMACION DE BARRIOS,l10n_co_base_location.zip_co_253020
4590,SIN INFORMACION DE BARRIOS,l10n_co_base_location.zip_co_253027
4591,SIN INFORMACION DE BARRIOS,l10n_co_base_location.zip_co_253030
4592,SIN INFORMACION DE BARRIOS,l10n_co_base_location.zip_co_253037
4593,SIN INFORMACION DE BARRIOS,l10n_co_base_location.zip_co_253040
4594,SIN INFORMACION DE BARRIOS,l10n_co_base_location.zip_co_253047
4595,SIN INFORMACION DE BARRIOS,l10n_co_base_location.zip_co_253048
4596,ALAMOS,l10n_co_base_location.zip_co_253051
4597,ARBELAEZ,l10n_co_base_location.zip_co_253051
4598,BERLÍN,l10n_co_base_location.zip_co_253051
4599,CENTRO,l10n_co_base_location.zip_co_253051
4600,CHAPINERO,l10n_co_base_location.zip_co_253051
4601,CHICUAZA,l10n_co_base_location.zip_co_253051
4602,CONCEPCIÓN,l10n_co_base_location.zip_co_253051
4603,COPIHUE,l10n_co_base_location.zip_co_253051
4604,DANIEL ORTEGA,l10n_co_base_location.zip_co_253051
4605,DIURBA,l10n_co_base_location.zip_co_253051
4606,DOS CAMINOS,l10n_co_base_location.zip_co_253051
4607,EL BOSQUE,l10n_co_base_location.zip_co_253051
4608,EL LLANITO,l10n_co_base_location.zip_co_253051
4609,GIBRALTAR,l10n_co_base_location.zip_co_253051
4610,LA ESMERALDA,l10n_co_base_location.zip_co_253051
4611,LA ESPERANZA,l10n_co_base_location.zip_co_253051
4612,LAS LAJAS,l10n_co_base_location.zip_co_253051
4613,LAS PIEDRAS,l10n_co_base_location.zip_co_253051
4614,LAS QUINTAS,l10n_co_base_location.zip_co_253051
4615,LAURELES,l10n_co_base_location.zip_co_253051
4616,LLANO DEL TUNJO,l10n_co_base_location.zip_co_253051
4617,LLANO POPULAR,l10n_co_base_location.zip_co_253051
4618,LO,l10n_co_base_location.zip_co_253051
4619,ALTILLOS DEL CHICÓ,l10n_co_base_location.zip_co_253052
4620,ARBOLEDA,l10n_co_base_location.zip_co_253052
4621,BRASILIA,l10n_co_base_location.zip_co_253052
4622,CARTAGENITA,l10n_co_base_location.zip_co_253052
4623,EL EDÉN,l10n_co_base_location.zip_co_253052
4624,EL JARDÍN,l10n_co_base_location.zip_co_253052
4625,EL MIRADOR DE LA ARBOLEDA,l10n_co_base_location.zip_co_253052
4626,EL PARAÍSO,l10n_co_base_location.zip_co_253052
4627,EL RINCÓN DE FACA,l10n_co_base_location.zip_co_253052
4628,GIRARDOT,l10n_co_base_location.zip_co_253052
4629,JUAN XXIII,l10n_co_base_location.zip_co_253052
4630,LA CAMPIÑA,l10n_co_base_location.zip_co_253052
4631,LA CONVENCIÓN,l10n_co_base_location.zip_co_253052
4632,LA PAZ,l10n_co_base_location.zip_co_253052
4633,LA PEPITA,l10n_co_base_location.zip_co_253052
4634,LAS MERCEDES,l10n_co_base_location.zip_co_253052
4635,LOS JAZMÍNES,l10n_co_base_location.zip_co_253052
4636,LOS MONARCAS,l10n_co_base_location.zip_co_253052
4637,LOS SAUCOS,l10n_co_base_location.zip_co_253052
4638,MA,l10n_co_base_location.zip_co_253052
4639,LA RIVIERA,l10n_co_base_location.zip_co_253057
4640,SIN INFORMACION DE BARRIOS,l10n_co_base_location.zip_co_253058
4641,SIN INFORMACION DE BARRIOS,l10n_co_base_location.zip_co_253201
4642,SIN INFORMACION DE BARRIOS,l10n_co_base_location.zip_co_253207
4643,SIN INFORMACION DE BARRIOS,l10n_co_base_location.zip_co_253210
4644,SIN INFORMACION DE BARRIOS,l10n_co_base_location.zip_co_253217
4645,SIN INFORMACION DE BARRIOS,l10n_co_base_location.zip_co_253220
4646,SIN INFORMACION DE BARRIOS,l10n_co_base_location.zip_co_253227
4647,SIN INFORMACION DE BARRIOS,l10n_co_base_location.zip_co_253230
4648,SIN INFORMACION DE BARRIOS,l10n_co_base_location.zip_co_253237
4649,SIN INFORMACION DE BARRIOS,l10n_co_base_location.zip_co_253240
4650,SIN INFORMACION DE BARRIOS,l10n_co_base_location.zip_co_253247
4651,SIN INFORMACION DE BARRIOS,l10n_co_base_location.zip_co_253250
4652,SIN INFORMACION DE BARRIOS,l10n_co_base_location.zip_co_253257
4653,SIN INFORMACION DE BARRIOS,l10n_co_base_location.zip_co_253258
4654,SIN INFORMACION DE BARRIOS,l10n_co_base_location.zip_co_253260
4655,SIN INFORMACION DE BARRIOS,l10n_co_base_location.zip_co_253267
4656,SIN INFORMACION DE BARRIOS,l10n_co_base_location.zip_co_253401
4657,SIN INFORMACION DE BARRIOS,l10n_co_base_location.zip_co_253407
4658,SIN INFORMACION DE BARRIOS,l10n_co_base_location.zip_co_253408
4659,ALFONSO LOPEZ,l10n_co_base_location.zip_co_253410
4660,ALTO DE ASEMITO,l10n_co_base_location.zip_co_253410
4661,ALTO DE LAS IGUANAS,l10n_co_base_location.zip_co_253410
4662,BARRANQUILLITA CENTRO,l10n_co_base_location.zip_co_253410
4663,BELLO HORIZONTE,l10n_co_base_location.zip_co_253410
4664,BETANIA,l10n_co_base_location.zip_co_253410
4665,BUENOS AIRES,l10n_co_base_location.zip_co_253410
4666,CARLOS LLERAS,l10n_co_base_location.zip_co_253410
4667,CAYUNDA,l10n_co_base_location.zip_co_253410
4668,CAYUNDA ALTO,l10n_co_base_location.zip_co_253410
4669,COLMENA,l10n_co_base_location.zip_co_253410
4670,EL CENTRO,l10n_co_base_location.zip_co_253410
4671,EL JARDÍN,l10n_co_base_location.zip_co_253410
4672,EL JORDÁN,l10n_co_base_location.zip_co_253410
4673,EL PARAÍSO,l10n_co_base_location.zip_co_253410
4674,EL RECREO,l10n_co_base_location.zip_co_253410
4675,FERNANDO SALAZAR,l10n_co_base_location.zip_co_253410
4676,LAS ACACIAS,l10n_co_base_location.zip_co_253410
4677,LOREN,l10n_co_base_location.zip_co_253410
4678,BAGAZAL,l10n_co_base_location.zip_co_253417
4679,PUENTE BAGAZAL,l10n_co_base_location.zip_co_253417
4680,SIN INFORMACION DE BARRIOS,l10n_co_base_location.zip_co_253418
4681,SIN INFORMACION DE BARRIOS,l10n_co_base_location.zip_co_253420
4682,SIN INFORMACION DE BARRIOS,l10n_co_base_location.zip_co_253427
4683,SIN INFORMACION DE BARRIOS,l10n_co_base_location.zip_co_253430
4684,SIN INFORMACION DE BARRIOS,l10n_co_base_location.zip_co_253437
4685,SIN INFORMACION DE BARRIOS,l10n_co_base_location.zip_co_253440
4686,SIN INFORMACION DE BARRIOS,l10n_co_base_location.zip_co_253447
4687,SIN INFORMACION DE BARRIOS,l10n_co_base_location.zip_co_253448
4688,SIN INFORMACION DE BARRIOS,l10n_co_base_location.zip_co_253449
4689,SIN INFORMACION DE BARRIOS,l10n_co_base_location.zip_co_253460
4690,SIN INFORMACION DE BARRIOS,l10n_co_base_location.zip_co_253467
4691,SIN INFORMACION DE BARRIOS,l10n_co_base_location.zip_co_253468
4692,SIN INFORMACION DE BARRIOS,l10n_co_base_location.zip_co_253480
4693,SIN INFORMACION DE BARRIOS,l10n_co_base_location.zip_co_253487
4694,SIN INFORMACION DE BARRIOS,l10n_co_base_location.zip_co_253601
4695,SIN INFORMACION DE BARRIOS,l10n_co_base_location.zip_co_253607
4696,SIN INFORMACION DE BARRIOS,l10n_co_base_location.zip_co_253608
4697,SIN INFORMACION DE BARRIOS,l10n_co_base_location.zip_co_253610
4698,SIN INFORMACION DE BARRIOS,l10n_co_base_location.zip_co_253617
4699,SIN INFORMACION DE BARRIOS,l10n_co_base_location.zip_co_253618
4700,SIN INFORMACION DE BARRIOS,l10n_co_base_location.zip_co_253620
4701,SIN INFORMACION DE BARRIOS,l10n_co_base_location.zip_co_253627
4702,SIN INFORMACION DE BARRIOS,l10n_co_base_location.zip_co_253630
4703,SIN INFORMACION DE BARRIOS,l10n_co_base_location.zip_co_253637
4704,SIN INFORMACION DE BARRIOS,l10n_co_base_location.zip_co_253640
4705,SIN INFORMACION DE BARRIOS,l10n_co_base_location.zip_co_253647
4706,SIN INFORMACION DE BARRIOS,l10n_co_base_location.zip_co_253648
4707,SIN INFORMACION DE BARRIOS,l10n_co_base_location.zip_co_253650
4708,SIN INFORMACION DE BARRIOS,l10n_co_base_location.zip_co_253657
4709,SIN INFORMACION DE BARRIOS,l10n_co_base_location.zip_co_253658
4710,SIN INFORMACION DE BARRIOS,l10n_co_base_location.zip_co_253660
4711,SIN INFORMACION DE BARRIOS,l10n_co_base_location.zip_co_253667
4712,CENTRO,l10n_co_base_location.zip_co_253801
4713,DANUBIO,l10n_co_base_location.zip_co_253801
4714,EL ALTO,l10n_co_base_location.zip_co_253801
4715,EL BOQUERON,l10n_co_base_location.zip_co_253801
4716,EL RHIN,l10n_co_base_location.zip_co_253801
4717,GALERÍAS,l10n_co_base_location.zip_co_253801
4718,KENNEDY,l10n_co_base_location.zip_co_253801
4719,LA BOMBA,l10n_co_base_location.zip_co_253801
4720,LA CABAÑA,l10n_co_base_location.zip_co_253801
4721,LA PUERTA,l10n_co_base_location.zip_co_253801
4722,LA QUINTA,l10n_co_base_location.zip_co_253801
4723,LAS PUENTES,l10n_co_base_location.zip_co_253801
4724,MARÍA AUXILIADORA,l10n_co_base_location.zip_co_253801
4725,MATADERO VIEJO,l10n_co_base_location.zip_co_253801
4726,PALMA RELA,l10n_co_base_location.zip_co_253801
4727,SAN JAVIER,l10n_co_base_location.zip_co_253801
4728,SANTA BÁRBARA,l10n_co_base_location.zip_co_253801
4729,TRES ESTRELLAS,l10n_co_base_location.zip_co_253801
4730,SIN INFORMACION DE BARRIOS,l10n_co_base_location.zip_co_253807
4731,SIN INFORMACION DE BARRIOS,l10n_co_base_location.zip_co_253808
4732,SIN INFORMACION DE BARRIOS,l10n_co_base_location.zip_co_253820
4733,SIN INFORMACION DE BARRIOS,l10n_co_base_location.zip_co_253827
4734,SIN INFORMACION DE BARRIOS,l10n_co_base_location.zip_co_253840
4735,SIN INFORMACION DE BARRIOS,l10n_co_base_location.zip_co_253847
4736,SIN INFORMACION DE BARRIOS,l10n_co_base_location.zip_co_253848
4737,SIN INFORMACION DE BARRIOS,l10n_co_base_location.zip_co_254001
4738,SIN INFORMACION DE BARRIOS,l10n_co_base_location.zip_co_254007
4739,SIN INFORMACION DE BARRIOS,l10n_co_base_location.zip_co_254008
4740,SIN INFORMACION DE BARRIOS,l10n_co_base_location.zip_co_254020
4741,SIN INFORMACION DE BARRIOS,l10n_co_base_location.zip_co_254027
4742,SIN INFORMACION DE BARRIOS,l10n_co_base_location.zip_co_254030
4743,SIN INFORMACION DE BARRIOS,l10n_co_base_location.zip_co_254037
4744,SIN INFORMACION DE BARRIOS,l10n_co_base_location.zip_co_254040
4745,SIN INFORMACION DE BARRIOS,l10n_co_base_location.zip_co_254047
4746,SIN INFORMACION DE BARRIOS,l10n_co_base_location.zip_co_254050
4747,SIN INFORMACION DE BARRIOS,l10n_co_base_location.zip_co_254057
4748,SIN INFORMACION DE BARRIOS,l10n_co_base_location.zip_co_270001
4749,SIN INFORMACION DE BARRIOS,l10n_co_base_location.zip_co_270002
4750,SIN INFORMACION DE BARRIOS,l10n_co_base_location.zip_co_270007
4751,SIN INFORMACION DE BARRIOS,l10n_co_base_location.zip_co_270008
4752,SIN INFORMACION DE BARRIOS,l10n_co_base_location.zip_co_270009
4753,SIN INFORMACION DE BARRIOS,l10n_co_base_location.zip_co_270070
4754,SIN INFORMACION DE BARRIOS,l10n_co_base_location.zip_co_270077
4755,SIN INFORMACION DE BARRIOS,l10n_co_base_location.zip_co_270078
4756,SIN INFORMACION DE BARRIOS,l10n_co_base_location.zip_co_271010
4757,SIN INFORMACION DE BARRIOS,l10n_co_base_location.zip_co_271017
4758,SIN INFORMACION DE BARRIOS,l10n_co_base_location.zip_co_271018
4759,SIN INFORMACION DE BARRIOS,l10n_co_base_location.zip_co_271030
4760,SIN INFORMACION DE BARRIOS,l10n_co_base_location.zip_co_271037
4761,SIN INFORMACION DE BARRIOS,l10n_co_base_location.zip_co_271050
4762,SIN INFORMACION DE BARRIOS,l10n_co_base_location.zip_co_271057
4763,SIN INFORMACION DE BARRIOS,l10n_co_base_location.zip_co_271058
4764,SIN INFORMACION DE BARRIOS,l10n_co_base_location.zip_co_271070
4765,SIN INFORMACION DE BARRIOS,l10n_co_base_location.zip_co_271077
4766,SIN INFORMACION DE BARRIOS,l10n_co_base_location.zip_co_272010
4767,SIN INFORMACION DE BARRIOS,l10n_co_base_location.zip_co_272017
4768,SIN INFORMACION DE BARRIOS,l10n_co_base_location.zip_co_272018
4769,SIN INFORMACION DE BARRIOS,l10n_co_base_location.zip_co_272020
4770,SIN INFORMACION DE BARRIOS,l10n_co_base_location.zip_co_272027
4771,SIN INFORMACION DE BARRIOS,l10n_co_base_location.zip_co_272030
4772,SIN INFORMACION DE BARRIOS,l10n_co_base_location.zip_co_272037
4773,AVENIDA JIMÉNEZ,l10n_co_base_location.zip_co_272040
4774,BAHÍA SOLANO,l10n_co_base_location.zip_co_272040
4775,CARACAS,l10n_co_base_location.zip_co_272040
4776,DIVINO NIÑO,l10n_co_base_location.zip_co_272040
4777,JIMÉNEZ,l10n_co_base_location.zip_co_272040
4778,LAS BRISAS,l10n_co_base_location.zip_co_272040
4779,MIRAFLORES,l10n_co_base_location.zip_co_272040
4780,PUEBLO NUEVO,l10n_co_base_location.zip_co_272040
4781,SAN ANTONIO,l10n_co_base_location.zip_co_272040
4782,SERPA URIBE,l10n_co_base_location.zip_co_272040
4783,VILLA DEL PRADO,l10n_co_base_location.zip_co_272040
4784,VÍRGEN DEL CARMEN,l10n_co_base_location.zip_co_272040
4785,SIN INFORMACION DE BARRIOS,l10n_co_base_location.zip_co_272047
4786,SIN INFORMACION DE BARRIOS,l10n_co_base_location.zip_co_272048
4787,SIN INFORMACION DE BARRIOS,l10n_co_base_location.zip_co_272050
4788,SIN INFORMACION DE BARRIOS,l10n_co_base_location.zip_co_272057
4789,SIN INFORMACION DE BARRIOS,l10n_co_base_location.zip_co_272058
4790,SIN INFORMACION DE BARRIOS,l10n_co_base_location.zip_co_273010
4791,SIN INFORMACION DE BARRIOS,l10n_co_base_location.zip_co_273017
4792,SIN INFORMACION DE BARRIOS,l10n_co_base_location.zip_co_273030
4793,SIN INFORMACION DE BARRIOS,l10n_co_base_location.zip_co_273037
4794,SIN INFORMACION DE BARRIOS,l10n_co_base_location.zip_co_273038
4795,SIN INFORMACION DE BARRIOS,l10n_co_base_location.zip_co_273050
4796,SIN INFORMACION DE BARRIOS,l10n_co_base_location.zip_co_273057
4797,SIN INFORMACION DE BARRIOS,l10n_co_base_location.zip_co_273058
4798,SIN INFORMACION DE BARRIOS,l10n_co_base_location.zip_co_273070
4799,SIN INFORMACION DE BARRIOS,l10n_co_base_location.zip_co_273077
4800,SIN INFORMACION DE BARRIOS,l10n_co_base_location.zip_co_273078
4801,SIN INFORMACION DE BARRIOS,l10n_co_base_location.zip_co_274010
4802,SIN INFORMACION DE BARRIOS,l10n_co_base_location.zip_co_274017
4803,SIN INFORMACION DE BARRIOS,l10n_co_base_location.zip_co_274018
4804,SIN INFORMACION DE BARRIOS,l10n_co_base_location.zip_co_274019
4805,EL CASCOTE,l10n_co_base_location.zip_co_274030
4806,EL CENTRO,l10n_co_base_location.zip_co_274030
4807,EL COMERCIO,l10n_co_base_location.zip_co_274030
4808,EL LLANO,l10n_co_base_location.zip_co_274030
4809,EL PORVENIR,l10n_co_base_location.zip_co_274030
4810,GUARAPITO,l10n_co_base_location.zip_co_274030
4811,LA BARCA,l10n_co_base_location.zip_co_274030
4812,LA VIRGEN,l10n_co_base_location.zip_co_274030
4813,PALMERAS,l10n_co_base_location.zip_co_274030
4814,SAN JUDAS,l10n_co_base_location.zip_co_274030
4815,SIN INFORMACION DE BARRIOS,l10n_co_base_location.zip_co_274037
4816,SIN INFORMACION DE BARRIOS,l10n_co_base_location.zip_co_274038
4817,SIN INFORMACION DE BARRIOS,l10n_co_base_location.zip_co_274039
4818,SIN INFORMACION DE BARRIOS,l10n_co_base_location.zip_co_274050
4819,SIN INFORMACION DE BARRIOS,l10n_co_base_location.zip_co_274057
4820,SIN INFORMACION DE BARRIOS,l10n_co_base_location.zip_co_274058
4821,SIN INFORMACION DE BARRIOS,l10n_co_base_location.zip_co_275010
4822,SIN INFORMACION DE BARRIOS,l10n_co_base_location.zip_co_275017
4823,SIN INFORMACION DE BARRIOS,l10n_co_base_location.zip_co_275018
4824,SIN INFORMACION DE BARRIOS,l10n_co_base_location.zip_co_275030
4825,SIN INFORMACION DE BARRIOS,l10n_co_base_location.zip_co_275037
4826,SIN INFORMACION DE BARRIOS,l10n_co_base_location.zip_co_275038
4827,SIN INFORMACION DE BARRIOS,l10n_co_base_location.zip_co_275050
4828,SIN INFORMACION DE BARRIOS,l10n_co_base_location.zip_co_275057
4829,SIN INFORMACION DE BARRIOS,l10n_co_base_location.zip_co_275058
4830,PUEBLO NUEVO,l10n_co_base_location.zip_co_276010
4831,PUEBLO VIEJO,l10n_co_base_location.zip_co_276010
4832,SIN INFORMACION DE BARRIOS,l10n_co_base_location.zip_co_276017
4833,SIN INFORMACION DE BARRIOS,l10n_co_base_location.zip_co_276018
4834,SIN INFORMACION DE BARRIOS,l10n_co_base_location.zip_co_276019
4835,SIN INFORMACION DE BARRIOS,l10n_co_base_location.zip_co_276030
4836,SIN INFORMACION DE BARRIOS,l10n_co_base_location.zip_co_276037
4837,SIN INFORMACION DE BARRIOS,l10n_co_base_location.zip_co_276038
4838,SIN INFORMACION DE BARRIOS,l10n_co_base_location.zip_co_276050
4839,SIN INFORMACION DE BARRIOS,l10n_co_base_location.zip_co_276057
4840,SIN INFORMACION DE BARRIOS,l10n_co_base_location.zip_co_276058
4841,SIN INFORMACION DE BARRIOS,l10n_co_base_location.zip_co_276070
4842,SIN INFORMACION DE BARRIOS,l10n_co_base_location.zip_co_276077
4843,SIN INFORMACION DE BARRIOS,l10n_co_base_location.zip_co_276078
4844,SIN INFORMACION DE BARRIOS,l10n_co_base_location.zip_co_277010
4845,SIN INFORMACION DE BARRIOS,l10n_co_base_location.zip_co_277017
4846,SIN INFORMACION DE BARRIOS,l10n_co_base_location.zip_co_277018
4847,SIN INFORMACION DE BARRIOS,l10n_co_base_location.zip_co_277030
4848,SIN INFORMACION DE BARRIOS,l10n_co_base_location.zip_co_277037
4849,SIN INFORMACION DE BARRIOS,l10n_co_base_location.zip_co_277038
4850,SIN INFORMACION DE BARRIOS,l10n_co_base_location.zip_co_277050
4851,SIN INFORMACION DE BARRIOS,l10n_co_base_location.zip_co_277057
4852,SIN INFORMACION DE BARRIOS,l10n_co_base_location.zip_co_278010
4853,SIN INFORMACION DE BARRIOS,l10n_co_base_location.zip_co_278017
4854,SIN INFORMACION DE BARRIOS,l10n_co_base_location.zip_co_278018
4855,ANDALUCÍA,l10n_co_base_location.zip_co_278030
4856,BUENOS AIRES,l10n_co_base_location.zip_co_278030
4857,GUADUALITO,l10n_co_base_location.zip_co_278030
4858,LA CANDELARIA,l10n_co_base_location.zip_co_278030
4859,NAVIDAD,l10n_co_base_location.zip_co_278030
4860,NAZARETH,l10n_co_base_location.zip_co_278030
4861,PARROQUIAL,l10n_co_base_location.zip_co_278030
4862,POPULAR,l10n_co_base_location.zip_co_278030
4863,PUEBLO NUEVO,l10n_co_base_location.zip_co_278030
4864,SAGRADA FAMILIA,l10n_co_base_location.zip_co_278030
4865,TAGUALITO,l10n_co_base_location.zip_co_278030
4866,TERRENOS EN EXPANSIÓN,l10n_co_base_location.zip_co_278030
4867,SIN INFORMACION DE BARRIOS,l10n_co_base_location.zip_co_278037
4868,SAN CAYETANO,l10n_co_base_location.zip_co_278038
4869,SIN INFORMACION DE BARRIOS,l10n_co_base_location.zip_co_278050
4870,SIN INFORMACION DE BARRIOS,l10n_co_base_location.zip_co_278057
4871,SIN INFORMACION DE BARRIOS,l10n_co_base_location.zip_co_278058
4872,ACRÓPOLIS,l10n_co_base_location.zip_co_410001
4873,ALVARO LEYVA LIEVANO,l10n_co_base_location.zip_co_410001
4874,BALCONES DE LA RIVIERA III ETAPA,l10n_co_base_location.zip_co_410001
4875,CALAMARI,l10n_co_base_location.zip_co_410001
4876,CALIFORNIA,l10n_co_base_location.zip_co_410001
4877,CAMILO TORRES,l10n_co_base_location.zip_co_410001
4878,CAPRI,l10n_co_base_location.zip_co_410001
4879,CARLOS PIZARRO LEÓN GÓMEZ,l10n_co_base_location.zip_co_410001
4880,CHICALÁ,l10n_co_base_location.zip_co_410001
4881,CIUDADELA COMFAMILIAR,l10n_co_base_location.zip_co_410001
4882,COLMENAR,l10n_co_base_location.zip_co_410001
4883,COLMENAR III ETAPA,l10n_co_base_location.zip_co_410001
4884,COMBEIMA,l10n_co_base_location.zip_co_410001
4885,CONARVAR,l10n_co_base_location.zip_co_410001
4886,CONJUNTO MULTI FAMILIAR EL PORTAL D,l10n_co_base_location.zip_co_410001
4887,AEROPUERTO,l10n_co_base_location.zip_co_410002
4888,ALAMOS NORTE,l10n_co_base_location.zip_co_410002
4889,ALBERTO GALINDO,l10n_co_base_location.zip_co_410002
4890,ALVARO SÁNCHEZ SILVA,l10n_co_base_location.zip_co_410002
4891,BOSQUES DE TAMARINDO,l10n_co_base_location.zip_co_410002
4892,CIUDADELAS DE SANTA ANA,l10n_co_base_location.zip_co_410002
4893,CONJUNTO CAMINO REAL,l10n_co_base_location.zip_co_410002
4894,CONJUNTO CERRADO SANTA CLARA,l10n_co_base_location.zip_co_410002
4895,CONJUNTO MULTI FAMILIAR MÁLAGA,l10n_co_base_location.zip_co_410002
4896,CONJUNTO RESIDENCIAL LOS MOLINOS,l10n_co_base_location.zip_co_410002
4897,CÁMBULOS,l10n_co_base_location.zip_co_410002
4898,EL PRADO,l10n_co_base_location.zip_co_410002
4899,EL RO,l10n_co_base_location.zip_co_410002
4900,ALBERTO YEPES,l10n_co_base_location.zip_co_410003
4901,ANTONIO NARIÑO,l10n_co_base_location.zip_co_410003
4902,CAMINO REAL,l10n_co_base_location.zip_co_410003
4903,CAMPO REAL,l10n_co_base_location.zip_co_410003
4904,CIUDAD SALITRE,l10n_co_base_location.zip_co_410003
4905,CIUDADELA ANTONIO BARAYA,l10n_co_base_location.zip_co_410003
4906,EL OASIS,l10n_co_base_location.zip_co_410003
4907,EL PEDREGAL,l10n_co_base_location.zip_co_410003
4908,EL TRIUNFO,l10n_co_base_location.zip_co_410003
4909,ENRIQUE OLAYA HERRERA,l10n_co_base_location.zip_co_410003
4910,GRANJA SAN BERNARDO,l10n_co_base_location.zip_co_410003
4911,KATAKANDRU,l10n_co_base_location.zip_co_410003
4912,LA AMISTAD,l10n_co_base_location.zip_co_410003
4913,LA PALMA II ETAPA,l10n_co_base_location.zip_co_410003
4914,LA PRADERA,l10n_co_base_location.zip_co_410003
4915,LA RIOJA,l10n_co_base_location.zip_co_410003
4916,LA VICTORIA,l10n_co_base_location.zip_co_410003
4917,ALTO LLANO,l10n_co_base_location.zip_co_410004
4918,BAJA INDEPENDENCIA,l10n_co_base_location.zip_co_410004
4919,BRISAS DE AVICHENTE,l10n_co_base_location.zip_co_410004
4920,CASA DE CAMPO,l10n_co_base_location.zip_co_410004
4921,CASA LOMA,l10n_co_base_location.zip_co_410004
4922,CONJUNTO VILLA MILENA,l10n_co_base_location.zip_co_410004
4923,EL FARO VEINTE DE JULIO,l10n_co_base_location.zip_co_410004
4924,EL JARDÍN,l10n_co_base_location.zip_co_410004
4925,EL JORDÁN,l10n_co_base_location.zip_co_410004
4926,EL VERGEL,l10n_co_base_location.zip_co_410004
4927,IPANEMA (E/C),l10n_co_base_location.zip_co_410004
4928,KENNEDY,l10n_co_base_location.zip_co_410004
4929,LA COLINA,l10n_co_base_location.zip_co_410004
4930,LA FLORESTA,l10n_co_base_location.zip_co_410004
4931,LA LIBERTAD,l10n_co_base_location.zip_co_410004
4932,LA ORQUÍDEA,l10n_co_base_location.zip_co_410004
4933,LAS BRISAS,l10n_co_base_location.zip_co_410004
4934,LOMA DE L,l10n_co_base_location.zip_co_410004
4935,ALFONSO LOPEZ PUMAREJO,l10n_co_base_location.zip_co_410005
4936,ALTA MARIA,l10n_co_base_location.zip_co_410005
4937,ALTOS DE MANZANILLO,l10n_co_base_location.zip_co_410005
4938,ARRAYANES,l10n_co_base_location.zip_co_410005
4939,BAJO PEDREGAL,l10n_co_base_location.zip_co_410005
4940,BUENA VISTA,l10n_co_base_location.zip_co_410005
4941,CALIXTO LEIVA,l10n_co_base_location.zip_co_410005
4942,CASA BLANCA,l10n_co_base_location.zip_co_410005
4943,CONJUNTO RESIDENCIAL SANTA PAULA,l10n_co_base_location.zip_co_410005
4944,EL CARACOL,l10n_co_base_location.zip_co_410005
4945,EL DORADO,l10n_co_base_location.zip_co_410005
4946,EL PEÑÓN,l10n_co_base_location.zip_co_410005
4947,ESCUELA DE CARABINEROS,l10n_co_base_location.zip_co_410005
4948,GUILLERMO LIEVANO RODRÍGUEZ,l10n_co_base_location.zip_co_410005
4949,JORGE ELIEC,l10n_co_base_location.zip_co_410005
4950,ALTOS DEL LIMONAR I,l10n_co_base_location.zip_co_410006
4951,ALTOS DEL LIMONAR II,l10n_co_base_location.zip_co_410006
4952,ANDALUCÍA II ETAPA,l10n_co_base_location.zip_co_410006
4953,ARISMENDI MORA PERDOMO,l10n_co_base_location.zip_co_410006
4954,BELLA VISTA,l10n_co_base_location.zip_co_410006
4955,BOGOTÁ,l10n_co_base_location.zip_co_410006
4956,BUENOS AIRES,l10n_co_base_location.zip_co_410006
4957,CANAIMA,l10n_co_base_location.zip_co_410006
4958,CONJUNTO LOS ARRAYANES,l10n_co_base_location.zip_co_410006
4959,EMAYA,l10n_co_base_location.zip_co_410006
4960,JESÚS NAZARENO,l10n_co_base_location.zip_co_410006
4961,JOSÉ ANTONIO GALÁN,l10n_co_base_location.zip_co_410006
4962,LA ESPERANZA,l10n_co_base_location.zip_co_410006
4963,LAS LAJAS,l10n_co_base_location.zip_co_410006
4964,LIMONAR II ETAPA,l10n_co_base_location.zip_co_410006
4965,LOMA LINDA,l10n_co_base_location.zip_co_410006
4966,LO,l10n_co_base_location.zip_co_410006
4967,SIN INFORMACION DE BARRIOS,l10n_co_base_location.zip_co_410007
4968,SIN INFORMACION DE BARRIOS,l10n_co_base_location.zip_co_410008
4969,SIN INFORMACION DE BARRIOS,l10n_co_base_location.zip_co_410009
4970,ALTICO,l10n_co_base_location.zip_co_410010
4971,ASENTAMIENTO BRISAS DEL MAGDALENA,l10n_co_base_location.zip_co_410010
4972,ASENTAMIENTO LAS CEIBITAS,l10n_co_base_location.zip_co_410010
4973,BONILLA,l10n_co_base_location.zip_co_410010
4974,BRISAS DEL MAGDALENA,l10n_co_base_location.zip_co_410010
4975,CAMPO NÚÑEZ,l10n_co_base_location.zip_co_410010
4976,CARACOLÍ,l10n_co_base_location.zip_co_410010
4977,CHAPINERO,l10n_co_base_location.zip_co_410010
4978,CONJUNTO CERRADO LA MAGDALENA,l10n_co_base_location.zip_co_410010
4979,CONJUNTO CERRADO SAN NICOLÁS,l10n_co_base_location.zip_co_410010
4980,DIEGO DE OSPINA,l10n_co_base_location.zip_co_410010
4981,EFRAÍN ROJAS TRUJILLO,l10n_co_base_location.zip_co_410010
4982,EL CENTRO,l10n_co_base_location.zip_co_410010
4983,EL ESTAD,l10n_co_base_location.zip_co_410010
4984,SIN INFORMACION DE BARRIOS,l10n_co_base_location.zip_co_410017
4985,SIN INFORMACION DE BARRIOS,l10n_co_base_location.zip_co_410018
4986,SIN INFORMACION DE BARRIOS,l10n_co_base_location.zip_co_411001
4987,SIN INFORMACION DE BARRIOS,l10n_co_base_location.zip_co_411007
4988,SIN INFORMACION DE BARRIOS,l10n_co_base_location.zip_co_411008
4989,SIN INFORMACION DE BARRIOS,l10n_co_base_location.zip_co_411020
4990,SIN INFORMACION DE BARRIOS,l10n_co_base_location.zip_co_411027
4991,SIN INFORMACION DE BARRIOS,l10n_co_base_location.zip_co_411028
4992,SIN INFORMACION DE BARRIOS,l10n_co_base_location.zip_co_411040
4993,SIN INFORMACION DE BARRIOS,l10n_co_base_location.zip_co_411047
4994,SIN INFORMACION DE BARRIOS,l10n_co_base_location.zip_co_411048
4995,SIN INFORMACION DE BARRIOS,l10n_co_base_location.zip_co_411060
4996,SIN INFORMACION DE BARRIOS,l10n_co_base_location.zip_co_411067
4997,SIN INFORMACION DE BARRIOS,l10n_co_base_location.zip_co_411080
4998,SIN INFORMACION DE BARRIOS,l10n_co_base_location.zip_co_411087
4999,SIN INFORMACION DE BARRIOS,l10n_co_base_location.zip_co_411088
5000,SIN INFORMACION DE BARRIOS,l10n_co_base_location.zip_co_412001
5001,SIN INFORMACION DE BARRIOS,l10n_co_base_location.zip_co_412007
5002,SIN INFORMACION DE BARRIOS,l10n_co_base_location.zip_co_412008
5003,SIN INFORMACION DE BARRIOS,l10n_co_base_location.zip_co_412020
5004,SIN INFORMACION DE BARRIOS,l10n_co_base_location.zip_co_412027
5005,SIN INFORMACION DE BARRIOS,l10n_co_base_location.zip_co_412040
5006,SIN INFORMACION DE BARRIOS,l10n_co_base_location.zip_co_412047
5007,SIN INFORMACION DE BARRIOS,l10n_co_base_location.zip_co_412060
5008,SIN INFORMACION DE BARRIOS,l10n_co_base_location.zip_co_412067
5009,SIN INFORMACION DE BARRIOS,l10n_co_base_location.zip_co_412068
5010,SIN INFORMACION DE BARRIOS,l10n_co_base_location.zip_co_412080
5011,SIN INFORMACION DE BARRIOS,l10n_co_base_location.zip_co_412087
5012,SIN INFORMACION DE BARRIOS,l10n_co_base_location.zip_co_413001
5013,SIN INFORMACION DE BARRIOS,l10n_co_base_location.zip_co_413007
5014,SIN INFORMACION DE BARRIOS,l10n_co_base_location.zip_co_413008
5015,SIN INFORMACION DE BARRIOS,l10n_co_base_location.zip_co_413020
5016,SIN INFORMACION DE BARRIOS,l10n_co_base_location.zip_co_413027
5017,SIN INFORMACION DE BARRIOS,l10n_co_base_location.zip_co_413028
5018,SIN INFORMACION DE BARRIOS,l10n_co_base_location.zip_co_413040
5019,SIN INFORMACION DE BARRIOS,l10n_co_base_location.zip_co_413047
5020,SIN INFORMACION DE BARRIOS,l10n_co_base_location.zip_co_413048
5021,SIN INFORMACION DE BARRIOS,l10n_co_base_location.zip_co_413060
5022,SIN INFORMACION DE BARRIOS,l10n_co_base_location.zip_co_413067
5023,SIN INFORMACION DE BARRIOS,l10n_co_base_location.zip_co_414001
5024,SIN INFORMACION DE BARRIOS,l10n_co_base_location.zip_co_414007
5025,SIN INFORMACION DE BARRIOS,l10n_co_base_location.zip_co_414008
5026,SIN INFORMACION DE BARRIOS,l10n_co_base_location.zip_co_414009
5027,AGUAZUL,l10n_co_base_location.zip_co_414020
5028,AGUSTÍN SIERRA,l10n_co_base_location.zip_co_414020
5029,ALAMOS,l10n_co_base_location.zip_co_414020
5030,BOSQUE,l10n_co_base_location.zip_co_414020
5031,BOSQUE DEL CARACOLÍ,l10n_co_base_location.zip_co_414020
5032,CALIMA,l10n_co_base_location.zip_co_414020
5033,CANADÁ,l10n_co_base_location.zip_co_414020
5034,CENTRO,l10n_co_base_location.zip_co_414020
5035,CERROS,l10n_co_base_location.zip_co_414020
5036,CHAPINERO,l10n_co_base_location.zip_co_414020
5037,CIUDAD REAL,l10n_co_base_location.zip_co_414020
5038,COLEGIO NACIONAL SIMÓN BOLÍVAR,l10n_co_base_location.zip_co_414020
5039,EL CARMEN,l10n_co_base_location.zip_co_414020
5040,EL JARDÍN,l10n_co_base_location.zip_co_414020
5041,EL MONASTERIO,l10n_co_base_location.zip_co_414020
5042,EL OBRERO,l10n_co_base_location.zip_co_414020
5043,EL PROGRESO,l10n_co_base_location.zip_co_414020
5044,EL ROSARIO,l10n_co_base_location.zip_co_414020
5045,EL UNIVERSITARIO,l10n_co_base_location.zip_co_414020
5046,FUNDADORES,l10n_co_base_location.zip_co_414020
5047,IN,l10n_co_base_location.zip_co_414020
5048,LAS COLINAS,l10n_co_base_location.zip_co_414027
5049,SIN INFORMACION DE BARRIOS,l10n_co_base_location.zip_co_414028
5050,GRANJAS,l10n_co_base_location.zip_co_414029
5051,N. ESPERANZA REAL,l10n_co_base_location.zip_co_414029
5052,SIN INFORMACION DE BARRIOS,l10n_co_base_location.zip_co_414040
5053,SIN INFORMACION DE BARRIOS,l10n_co_base_location.zip_co_414047
5054,SIN INFORMACION DE BARRIOS,l10n_co_base_location.zip_co_414060
5055,SIN INFORMACION DE BARRIOS,l10n_co_base_location.zip_co_414067
5056,SIN INFORMACION DE BARRIOS,l10n_co_base_location.zip_co_414068
5057,SIN INFORMACION DE BARRIOS,l10n_co_base_location.zip_co_415001
5058,SIN INFORMACION DE BARRIOS,l10n_co_base_location.zip_co_415007
5059,SIN INFORMACION DE BARRIOS,l10n_co_base_location.zip_co_415008
5060,SIN INFORMACION DE BARRIOS,l10n_co_base_location.zip_co_415020
5061,SIN INFORMACION DE BARRIOS,l10n_co_base_location.zip_co_415027
5062,SIN INFORMACION DE BARRIOS,l10n_co_base_location.zip_co_415040
5063,SIN INFORMACION DE BARRIOS,l10n_co_base_location.zip_co_415047
5064,BELLO HORIZONTE,l10n_co_base_location.zip_co_415060
5065,CENTRO,l10n_co_base_location.zip_co_415060
5066,DIEGO DE OSPINA,l10n_co_base_location.zip_co_415060
5067,EL ALTICO,l10n_co_base_location.zip_co_415060
5068,EUDES,l10n_co_base_location.zip_co_415060
5069,JORDÁN,l10n_co_base_location.zip_co_415060
5070,JORGE E,l10n_co_base_location.zip_co_415060
5071,LA GAITANA,l10n_co_base_location.zip_co_415060
5072,LA POLA,l10n_co_base_location.zip_co_415060
5073,LAS ACACIAS,l10n_co_base_location.zip_co_415060
5074,LAS AMÉRICAS,l10n_co_base_location.zip_co_415060
5075,LAS BRISAS,l10n_co_base_location.zip_co_415060
5076,LAS ORQUÍDEAS,l10n_co_base_location.zip_co_415060
5077,LAS VILLAS,l10n_co_base_location.zip_co_415060
5078,LIBERTADORES,l10n_co_base_location.zip_co_415060
5079,LIBERTADORES II,l10n_co_base_location.zip_co_415060
5080,OBRERO,l10n_co_base_location.zip_co_415060
5081,PÁEZ,l10n_co_base_location.zip_co_415060
5082,SAN ANTONIO,l10n_co_base_location.zip_co_415060
5083,SAN RAFAEL,l10n_co_base_location.zip_co_415060
5084,SAN RAFAEL ALTO,l10n_co_base_location.zip_co_415060
5085,SAN,l10n_co_base_location.zip_co_415060
5086,SIN INFORMACION DE BARRIOS,l10n_co_base_location.zip_co_415068
5087,SIN INFORMACION DE BARRIOS,l10n_co_base_location.zip_co_415069
5088,SIN INFORMACION DE BARRIOS,l10n_co_base_location.zip_co_415077
5089,SIN INFORMACION DE BARRIOS,l10n_co_base_location.zip_co_415078
5090,SIN INFORMACION DE BARRIOS,l10n_co_base_location.zip_co_415080
5091,SIN INFORMACION DE BARRIOS,l10n_co_base_location.zip_co_415087
5092,SIN INFORMACION DE BARRIOS,l10n_co_base_location.zip_co_415088
5093,SIN INFORMACION DE BARRIOS,l10n_co_base_location.zip_co_416001
5094,SIN INFORMACION DE BARRIOS,l10n_co_base_location.zip_co_416007
5095,SIN INFORMACION DE BARRIOS,l10n_co_base_location.zip_co_416020
5096,SIN INFORMACION DE BARRIOS,l10n_co_base_location.zip_co_416027
5097,SIN INFORMACION DE BARRIOS,l10n_co_base_location.zip_co_416040
5098,SIN INFORMACION DE BARRIOS,l10n_co_base_location.zip_co_416047
5099,SIN INFORMACION DE BARRIOS,l10n_co_base_location.zip_co_416048
5100,URBANIZACI¾N SAN MIGUEL,l10n_co_base_location.zip_co_416067
5101,SIN INFORMACION DE BARRIOS,l10n_co_base_location.zip_co_416080
5102,SIN INFORMACION DE BARRIOS,l10n_co_base_location.zip_co_416087
5103,SIN INFORMACION DE BARRIOS,l10n_co_base_location.zip_co_416088
5104,SIN INFORMACION DE BARRIOS,l10n_co_base_location.zip_co_416089
5105,SIN INFORMACION DE BARRIOS,l10n_co_base_location.zip_co_417001
5106,SIN INFORMACION DE BARRIOS,l10n_co_base_location.zip_co_417007
5107,SIN INFORMACION DE BARRIOS,l10n_co_base_location.zip_co_417010
5108,SIN INFORMACION DE BARRIOS,l10n_co_base_location.zip_co_417017
5109,SIN INFORMACION DE BARRIOS,l10n_co_base_location.zip_co_417018
5110,SIN INFORMACION DE BARRIOS,l10n_co_base_location.zip_co_417030
5111,SIN INFORMACION DE BARRIOS,l10n_co_base_location.zip_co_417037
5112,SIN INFORMACION DE BARRIOS,l10n_co_base_location.zip_co_417038
5113,SIN INFORMACION DE BARRIOS,l10n_co_base_location.zip_co_417039
5114,SIN INFORMACION DE BARRIOS,l10n_co_base_location.zip_co_417047
5115,SIN INFORMACION DE BARRIOS,l10n_co_base_location.zip_co_417048
5116,SIN INFORMACION DE BARRIOS,l10n_co_base_location.zip_co_417060
5117,SIN INFORMACION DE BARRIOS,l10n_co_base_location.zip_co_417067
5118,AVENIDA PASTRANA,l10n_co_base_location.zip_co_417070
5119,CENTRO,l10n_co_base_location.zip_co_417070
5120,JOSÉ ACEVEDO Y GÓMEZ,l10n_co_base_location.zip_co_417070
5121,LA INMACULADA,l10n_co_base_location.zip_co_417070
5122,LA PAZ,l10n_co_base_location.zip_co_417070
5123,SAN FRANCISCO,l10n_co_base_location.zip_co_417070
5124,SIN INFORMACION DE BARRIOS,l10n_co_base_location.zip_co_417077
5125,SIN INFORMACION DE BARRIOS,l10n_co_base_location.zip_co_417078
5126,SIN INFORMACION DE BARRIOS,l10n_co_base_location.zip_co_417079
5127,SIN INFORMACION DE BARRIOS,l10n_co_base_location.zip_co_417087
5128,SIN INFORMACION DE BARRIOS,l10n_co_base_location.zip_co_417088
5129,SIN INFORMACION DE BARRIOS,l10n_co_base_location.zip_co_418001
5130,SIN INFORMACION DE BARRIOS,l10n_co_base_location.zip_co_418007
5131,SIN INFORMACION DE BARRIOS,l10n_co_base_location.zip_co_418008
5132,SIN INFORMACION DE BARRIOS,l10n_co_base_location.zip_co_418020
5133,SIN INFORMACION DE BARRIOS,l10n_co_base_location.zip_co_418027
5134,SIN INFORMACION DE BARRIOS,l10n_co_base_location.zip_co_418028
5135,SIN INFORMACION DE BARRIOS,l10n_co_base_location.zip_co_418040
5136,SIN INFORMACION DE BARRIOS,l10n_co_base_location.zip_co_418047
5137,SIN INFORMACION DE BARRIOS,l10n_co_base_location.zip_co_418048
5138,SIN INFORMACION DE BARRIOS,l10n_co_base_location.zip_co_418049
5139,SIN INFORMACION DE BARRIOS,l10n_co_base_location.zip_co_418060
5140,SIN INFORMACION DE BARRIOS,l10n_co_base_location.zip_co_418067
5141,SIN INFORMACION DE BARRIOS,l10n_co_base_location.zip_co_418068
5142,SIN INFORMACION DE BARRIOS,l10n_co_base_location.zip_co_418069
5143,SIN INFORMACION DE BARRIOS,l10n_co_base_location.zip_co_418077
5144,SIN INFORMACION DE BARRIOS,l10n_co_base_location.zip_co_440001
5145,SIN INFORMACION DE BARRIOS,l10n_co_base_location.zip_co_440002
5146,SIN INFORMACION DE BARRIOS,l10n_co_base_location.zip_co_440003
5147,SIN INFORMACION DE BARRIOS,l10n_co_base_location.zip_co_440007
5148,SIN INFORMACION DE BARRIOS,l10n_co_base_location.zip_co_440008
5149,SIN INFORMACION DE BARRIOS,l10n_co_base_location.zip_co_440009
5150,SIN INFORMACION DE BARRIOS,l10n_co_base_location.zip_co_440017
5151,SIN INFORMACION DE BARRIOS,l10n_co_base_location.zip_co_441001
5152,SIN INFORMACION DE BARRIOS,l10n_co_base_location.zip_co_441007
5153,SIN INFORMACION DE BARRIOS,l10n_co_base_location.zip_co_441008
5154,SIN INFORMACION DE BARRIOS,l10n_co_base_location.zip_co_441009
5155,SIN INFORMACION DE BARRIOS,l10n_co_base_location.zip_co_441017
5156,SIN INFORMACION DE BARRIOS,l10n_co_base_location.zip_co_441018
5157,SIN INFORMACION DE BARRIOS,l10n_co_base_location.zip_co_441020
5158,SIN INFORMACION DE BARRIOS,l10n_co_base_location.zip_co_441027
5159,SIN INFORMACION DE BARRIOS,l10n_co_base_location.zip_co_441028
5160,SIN INFORMACION DE BARRIOS,l10n_co_base_location.zip_co_441029
5161,SIN INFORMACION DE BARRIOS,l10n_co_base_location.zip_co_441037
5162,SIN INFORMACION DE BARRIOS,l10n_co_base_location.zip_co_441038
5163,SIN INFORMACION DE BARRIOS,l10n_co_base_location.zip_co_441039
5164,SIN INFORMACION DE BARRIOS,l10n_co_base_location.zip_co_441047
5165,SIN INFORMACION DE BARRIOS,l10n_co_base_location.zip_co_441048
5166,SIN INFORMACION DE BARRIOS,l10n_co_base_location.zip_co_441049
5167,SIN INFORMACION DE BARRIOS,l10n_co_base_location.zip_co_441057
5168,SIN INFORMACION DE BARRIOS,l10n_co_base_location.zip_co_441058
5169,SIN INFORMACION DE BARRIOS,l10n_co_base_location.zip_co_441059
5170,1 DE MAYO,l10n_co_base_location.zip_co_442001
5171,11 DE NOVIEMBRE,l10n_co_base_location.zip_co_442001
5172,20 DE JULIO,l10n_co_base_location.zip_co_442001
5173,ALFONSO LOPEZ,l10n_co_base_location.zip_co_442001
5174,ALMIRANTE PADILLA,l10n_co_base_location.zip_co_442001
5175,ALTO PRADO,l10n_co_base_location.zip_co_442001
5176,CAMILO TORRES,l10n_co_base_location.zip_co_442001
5177,CENTRAMA,l10n_co_base_location.zip_co_442001
5178,CENTRO,l10n_co_base_location.zip_co_442001
5179,COLOMBIA LIBRE,l10n_co_base_location.zip_co_442001
5180,DIVINO NIÑO,l10n_co_base_location.zip_co_442001
5181,DONIT VERGARA,l10n_co_base_location.zip_co_442001
5182,EL BOSCAN,l10n_co_base_location.zip_co_442001
5183,EL BOSQUE,l10n_co_base_location.zip_co_442001
5184,EL CARMEN,l10n_co_base_location.zip_co_442001
5185,EL PARAÍSO,l10n_co_base_location.zip_co_442001
5186,ERIKA BEATRIZ,l10n_co_base_location.zip_co_442001
5187,FONSECA SIOSSI,l10n_co_base_location.zip_co_442001
5188,JORGE ARRIETA,l10n_co_base_location.zip_co_442001
5189,SIN INFORMACION DE BARRIOS,l10n_co_base_location.zip_co_442007
5190,7 DE AGOSTO,l10n_co_base_location.zip_co_442008
5191,SIN INFORMACION DE BARRIOS,l10n_co_base_location.zip_co_442009
5192,EL CARMEN,l10n_co_base_location.zip_co_443001
5193,EL SILENCIO,l10n_co_base_location.zip_co_443001
5194,SIN INFORMACION DE BARRIOS,l10n_co_base_location.zip_co_443007
5195,SIN INFORMACION DE BARRIOS,l10n_co_base_location.zip_co_443008
5196,26 DE FEBRERO,l10n_co_base_location.zip_co_443009
5197,7 DE AGOSTO,l10n_co_base_location.zip_co_443009
5198,CENTRO,l10n_co_base_location.zip_co_443009
5199,DIVINO NIÑO,l10n_co_base_location.zip_co_443009
5200,EL MOLINO,l10n_co_base_location.zip_co_443009
5201,VILLA MARTÍN,l10n_co_base_location.zip_co_443009
5202,SIN INFORMACION DE BARRIOS,l10n_co_base_location.zip_co_443020
5203,SIN INFORMACION DE BARRIOS,l10n_co_base_location.zip_co_443027
5204,SIN INFORMACION DE BARRIOS,l10n_co_base_location.zip_co_443028
5205,SIN INFORMACION DE BARRIOS,l10n_co_base_location.zip_co_443040
5206,SIN INFORMACION DE BARRIOS,l10n_co_base_location.zip_co_443047
5207,SIN INFORMACION DE BARRIOS,l10n_co_base_location.zip_co_443048
5208,SIN INFORMACION DE BARRIOS,l10n_co_base_location.zip_co_443049
5209,SIN INFORMACION DE BARRIOS,l10n_co_base_location.zip_co_444001
5210,SIN INFORMACION DE BARRIOS,l10n_co_base_location.zip_co_444007
5211,SIN INFORMACION DE BARRIOS,l10n_co_base_location.zip_co_444008
5212,SIN INFORMACION DE BARRIOS,l10n_co_base_location.zip_co_444010
5213,SIN INFORMACION DE BARRIOS,l10n_co_base_location.zip_co_444017
5214,SIN INFORMACION DE BARRIOS,l10n_co_base_location.zip_co_444018
5215,16 DE JULIO,l10n_co_base_location.zip_co_444030
5216,20 DE JULIO,l10n_co_base_location.zip_co_444030
5217,BUENOS AIRES,l10n_co_base_location.zip_co_444030
5218,CENTRO,l10n_co_base_location.zip_co_444030
5219,CHAPINERO,l10n_co_base_location.zip_co_444030
5220,CHIQUINQUIRÁ,l10n_co_base_location.zip_co_444030
5221,EL CARMEN,l10n_co_base_location.zip_co_444030
5222,EL PRADO,l10n_co_base_location.zip_co_444030
5223,ENRIQUE BRITO,l10n_co_base_location.zip_co_444030
5224,FÉLIX ÁREAS,l10n_co_base_location.zip_co_444030
5225,GRAN COLOMBIA,l10n_co_base_location.zip_co_444030
5226,JUAN A ARAÚJO,l10n_co_base_location.zip_co_444030
5227,LA ESPERANZA,l10n_co_base_location.zip_co_444030
5228,LA FLORESTA,l10n_co_base_location.zip_co_444030
5229,LA VICTORIA,l10n_co_base_location.zip_co_444030
5230,LAS DELICIAS,l10n_co_base_location.zip_co_444030
5231,LAS TUNAS 1,l10n_co_base_location.zip_co_444030
5232,LETICIA,l10n_co_base_location.zip_co_444030
5233,LOMA FRESCA Y MANZANILLA,l10n_co_base_location.zip_co_444030
5234,L,l10n_co_base_location.zip_co_444030
5235,LAS TUNAS 2,l10n_co_base_location.zip_co_444037
5236,FORERO,l10n_co_base_location.zip_co_444038
5237,SIN INFORMACION DE BARRIOS,l10n_co_base_location.zip_co_444050
5238,SIN INFORMACION DE BARRIOS,l10n_co_base_location.zip_co_444057
5239,11 DE JUNIO,l10n_co_base_location.zip_co_445001
5240,6 DE ABRIL,l10n_co_base_location.zip_co_445001
5241,EL CAFETAL,l10n_co_base_location.zip_co_445001
5242,EL CARMEN,l10n_co_base_location.zip_co_445001
5243,EL CENTRO,l10n_co_base_location.zip_co_445001
5244,HORMIGUERAL,l10n_co_base_location.zip_co_445001
5245,JOSÉ GALO DAZA,l10n_co_base_location.zip_co_445001
5246,JOSÉ PRUDENCIO PADILLA,l10n_co_base_location.zip_co_445001
5247,LA FLORESTA,l10n_co_base_location.zip_co_445001
5248,LOS ÁNGELES,l10n_co_base_location.zip_co_445001
5249,NUEVO,l10n_co_base_location.zip_co_445001
5250,POMPOLIO DAZA,l10n_co_base_location.zip_co_445001
5251,ROJAS PINILLA,l10n_co_base_location.zip_co_445001
5252,SAN LUIS,l10n_co_base_location.zip_co_445001
5253,UNIÓN,l10n_co_base_location.zip_co_445001
5254,URBANIZACIÓN BLANCA MARTÍNEZ,l10n_co_base_location.zip_co_445001
5255,URBANIZACIÓN LUIS CARLOS GALÁN,l10n_co_base_location.zip_co_445001
5256,U,l10n_co_base_location.zip_co_445001
5257,SIN INFORMACION DE BARRIOS,l10n_co_base_location.zip_co_445007
5258,7 DE AGOSTO,l10n_co_base_location.zip_co_445008
5259,SIN INFORMACION DE BARRIOS,l10n_co_base_location.zip_co_445020
5260,SIN INFORMACION DE BARRIOS,l10n_co_base_location.zip_co_445027
5261,SIN INFORMACION DE BARRIOS,l10n_co_base_location.zip_co_445040
5262,SIN INFORMACION DE BARRIOS,l10n_co_base_location.zip_co_445047
5263,SIN INFORMACION DE BARRIOS,l10n_co_base_location.zip_co_446001
5264,SIN INFORMACION DE BARRIOS,l10n_co_base_location.zip_co_446007
5265,SIN INFORMACION DE BARRIOS,l10n_co_base_location.zip_co_446008
5266,SIN INFORMACION DE BARRIOS,l10n_co_base_location.zip_co_446009
5267,SIN INFORMACION DE BARRIOS,l10n_co_base_location.zip_co_446017
5268,20 DE JULIO,l10n_co_base_location.zip_co_470001
5269,ALFONSO LOPEZ,l10n_co_base_location.zip_co_470001
5270,BETANIA,l10n_co_base_location.zip_co_470001
5271,CAMPO ALEGRE,l10n_co_base_location.zip_co_470001
5272,CRISTO REY,l10n_co_base_location.zip_co_470001
5273,CÉSAR MENDOZA,l10n_co_base_location.zip_co_470001
5274,EL PRADITO,l10n_co_base_location.zip_co_470001
5275,EL RECREO,l10n_co_base_location.zip_co_470001
5276,ENSEÑADA DE JUAN XIII # 1,l10n_co_base_location.zip_co_470001
5277,ENSEÑADA DE JUAN XIII # 2,l10n_co_base_location.zip_co_470001
5278,GOENAGA,l10n_co_base_location.zip_co_470001
5279,GUIDO,l10n_co_base_location.zip_co_470001
5280,HABITAT,l10n_co_base_location.zip_co_470001
5281,JUAN XIII,l10n_co_base_location.zip_co_470001
5282,LAS DELICIAS,l10n_co_base_location.zip_co_470001
5283,LAS VILLAS,l10n_co_base_location.zip_co_470001
5284,LOS ALMENDROS,l10n_co_base_location.zip_co_470001
5285,LOS COCOS,l10n_co_base_location.zip_co_470001
5286,MANGUITOS,l10n_co_base_location.zip_co_470001
5287,M,l10n_co_base_location.zip_co_470001
5288,17 DE DICIEMBRE,l10n_co_base_location.zip_co_470002
5289,8 DE DICIEMBRE,l10n_co_base_location.zip_co_470002
5290,ALTO LAS DELICIAS,l10n_co_base_location.zip_co_470002
5291,BASTIDAS,l10n_co_base_location.zip_co_470002
5292,BOULEVARD DEL RÍO,l10n_co_base_location.zip_co_470002
5293,CHIMILÁ I,l10n_co_base_location.zip_co_470002
5294,EL PANTANO,l10n_co_base_location.zip_co_470002
5295,EL REFUGIO,l10n_co_base_location.zip_co_470002
5296,GALICIA,l10n_co_base_location.zip_co_470002
5297,LA ESTRELLA,l10n_co_base_location.zip_co_470002
5298,LOS TRUPILLOS,l10n_co_base_location.zip_co_470002
5299,MAMATOCO,l10n_co_base_location.zip_co_470002
5300,MARÍA CRISTINA,l10n_co_base_location.zip_co_470002
5301,NUEVA GALICIA,l10n_co_base_location.zip_co_470002
5302,ONDAS DEL CARIBE,l10n_co_base_location.zip_co_470002
5303,PARAÍSO,l10n_co_base_location.zip_co_470002
5304,SANTA LUCÍA,l10n_co_base_location.zip_co_470002
5305,SANTAFÉ,l10n_co_base_location.zip_co_470002
5306,TAIRONA,l10n_co_base_location.zip_co_470002
5307,VIL,l10n_co_base_location.zip_co_470002
5308,11 DE NOVIEMBRE,l10n_co_base_location.zip_co_470003
5309,20 DE OCTUBRE,l10n_co_base_location.zip_co_470003
5310,BOLIVARIANA,l10n_co_base_location.zip_co_470003
5311,CIUDADELA 29 DE JULIO,l10n_co_base_location.zip_co_470003
5312,CONCEPCIÓN,l10n_co_base_location.zip_co_470003
5313,CONCEPCIÓN 1,l10n_co_base_location.zip_co_470003
5314,EL PARQUE,l10n_co_base_location.zip_co_470003
5315,EL TRÉBOL,l10n_co_base_location.zip_co_470003
5316,EL YUCAL,l10n_co_base_location.zip_co_470003
5317,LAS MALVINAS,l10n_co_base_location.zip_co_470003
5318,NUEVA COLOMBIA,l10n_co_base_location.zip_co_470003
5319,URBANIZACIÓN RODRIGO AHUMADA,l10n_co_base_location.zip_co_470003
5320,VILLA DEL MAR,l10n_co_base_location.zip_co_470003
5321,VILLA UNIVERSITARIA,l10n_co_base_location.zip_co_470003
5322,13 DE JUNIO,l10n_co_base_location.zip_co_470004
5323,7 DE AGOSTO,l10n_co_base_location.zip_co_470004
5324,ALAMBIQUE,l10n_co_base_location.zip_co_470004
5325,BAVARIA,l10n_co_base_location.zip_co_470004
5326,BELLA VISTA,l10n_co_base_location.zip_co_470004
5327,BOLÍVAR,l10n_co_base_location.zip_co_470004
5328,BOSTON,l10n_co_base_location.zip_co_470004
5329,CENTRO I,l10n_co_base_location.zip_co_470004
5330,COLÓN,l10n_co_base_location.zip_co_470004
5331,CUNDÍ,l10n_co_base_location.zip_co_470004
5332,DELICIAS,l10n_co_base_location.zip_co_470004
5333,EL REPOSO,l10n_co_base_location.zip_co_470004
5334,JARDÍN,l10n_co_base_location.zip_co_470004
5335,LA ESPERANZA,l10n_co_base_location.zip_co_470004
5336,LA TENERIA,l10n_co_base_location.zip_co_470004
5337,LAS VEGAS,l10n_co_base_location.zip_co_470004
5338,LOS ÁNGELES,l10n_co_base_location.zip_co_470004
5339,LOS ALCÁZARES,l10n_co_base_location.zip_co_470004
5340,LOS CERROS,l10n_co_base_location.zip_co_470004
5341,LOS NARANJOS,l10n_co_base_location.zip_co_470004
5342,MINUTO DE DIOS,l10n_co_base_location.zip_co_470004
5343,MIRAMAR,l10n_co_base_location.zip_co_470004
5344,MUNICIPAL,l10n_co_base_location.zip_co_470004
5345,1 DE MAYO,l10n_co_base_location.zip_co_470005
5346,COREA,l10n_co_base_location.zip_co_470005
5347,EL PANDO,l10n_co_base_location.zip_co_470005
5348,LAS ACACIAS,l10n_co_base_location.zip_co_470005
5349,LAS AMÉRICAS,l10n_co_base_location.zip_co_470005
5350,LAS COLONIAS,l10n_co_base_location.zip_co_470005
5351,LOMA FRESCA,l10n_co_base_location.zip_co_470005
5352,MANZANARES,l10n_co_base_location.zip_co_470005
5353,MARTINETE,l10n_co_base_location.zip_co_470005
5354,MARÍA EUGENIA,l10n_co_base_location.zip_co_470005
5355,PASTRANA,l10n_co_base_location.zip_co_470005
5356,SAN JOSÉ DEL SUR,l10n_co_base_location.zip_co_470005
5357,12 DE OCTUBRE,l10n_co_base_location.zip_co_470006
5358,ABAJO,l10n_co_base_location.zip_co_470006
5359,ARRIBA,l10n_co_base_location.zip_co_470006
5360,CENTRO,l10n_co_base_location.zip_co_470006
5361,EDGARDO VIVES,l10n_co_base_location.zip_co_470006
5362,EL CHICÓ,l10n_co_base_location.zip_co_470006
5363,EL ROSARIO,l10n_co_base_location.zip_co_470006
5364,GAIRA,l10n_co_base_location.zip_co_470006
5365,GAIRA SUR,l10n_co_base_location.zip_co_470006
5366,GAIRAMAR,l10n_co_base_location.zip_co_470006
5367,LA MAGDALENA,l10n_co_base_location.zip_co_470006
5368,LA QUEMADA,l10n_co_base_location.zip_co_470006
5369,MODELO,l10n_co_base_location.zip_co_470006
5370,MURUJUY,l10n_co_base_location.zip_co_470006
5371,PARAÍSO I,l10n_co_base_location.zip_co_470006
5372,QUININA I,l10n_co_base_location.zip_co_470006
5373,RODADERO,l10n_co_base_location.zip_co_470006
5374,RODADERO RESERVADO,l10n_co_base_location.zip_co_470006
5375,TAMACA,l10n_co_base_location.zip_co_470006
5376,URBANIZACIÓN SALGUERO,l10n_co_base_location.zip_co_470006
5377,VILLA BERLÍN,l10n_co_base_location.zip_co_470006
5378,VILLA ROSMER,l10n_co_base_location.zip_co_470006
5379,SIN INFORMACION DE BARRIOS,l10n_co_base_location.zip_co_470007
5380,SIN INFORMACION DE BARRIOS,l10n_co_base_location.zip_co_470008
5381,SIN INFORMACION DE BARRIOS,l10n_co_base_location.zip_co_470009
5382,SIN INFORMACION DE BARRIOS,l10n_co_base_location.zip_co_470017
5383,1 DE MAYO,l10n_co_base_location.zip_co_472001
5384,BOSTON,l10n_co_base_location.zip_co_472001
5385,CAMELLÓN,l10n_co_base_location.zip_co_472001
5386,CATAQUITA,l10n_co_base_location.zip_co_472001
5387,CIUDADELA MACONDO,l10n_co_base_location.zip_co_472001
5388,DE AYACUCHO,l10n_co_base_location.zip_co_472001
5389,EL CARMEN,l10n_co_base_location.zip_co_472001
5390,EL CENTRO,l10n_co_base_location.zip_co_472001
5391,EL PARQUE,l10n_co_base_location.zip_co_472001
5392,EL PORVENIR,l10n_co_base_location.zip_co_472001
5393,EL PRADITO,l10n_co_base_location.zip_co_472001
5394,EL SUICHE,l10n_co_base_location.zip_co_472001
5395,GALÁN,l10n_co_base_location.zip_co_472001
5396,LA ESPERANZA,l10n_co_base_location.zip_co_472001
5397,LAS DELICIAS,l10n_co_base_location.zip_co_472001
5398,LAS DELICIAS I,l10n_co_base_location.zip_co_472001
5399,LOMA FRESCA,l10n_co_base_location.zip_co_472001
5400,MACONDO,l10n_co_base_location.zip_co_472001
5401,MARUJITA,l10n_co_base_location.zip_co_472001
5402,NARIÑO,l10n_co_base_location.zip_co_472001
5403,PALMERA,l10n_co_base_location.zip_co_472001
5404,RAÍCES,l10n_co_base_location.zip_co_472001
5405,SAN JO,l10n_co_base_location.zip_co_472001
5406,SIN INFORMACION DE BARRIOS,l10n_co_base_location.zip_co_472007
5407,SIN INFORMACION DE BARRIOS,l10n_co_base_location.zip_co_472008
5408,SIN INFORMACION DE BARRIOS,l10n_co_base_location.zip_co_472020
5409,SIN INFORMACION DE BARRIOS,l10n_co_base_location.zip_co_472027
5410,SIN INFORMACION DE BARRIOS,l10n_co_base_location.zip_co_472028
5411,SIN INFORMACION DE BARRIOS,l10n_co_base_location.zip_co_472040
5412,SIN INFORMACION DE BARRIOS,l10n_co_base_location.zip_co_472047
5413,SIN INFORMACION DE BARRIOS,l10n_co_base_location.zip_co_473001
5414,SIN INFORMACION DE BARRIOS,l10n_co_base_location.zip_co_473007
5415,SIN INFORMACION DE BARRIOS,l10n_co_base_location.zip_co_473008
5416,SIN INFORMACION DE BARRIOS,l10n_co_base_location.zip_co_473020
5417,SIN INFORMACION DE BARRIOS,l10n_co_base_location.zip_co_473027
5418,SIN INFORMACION DE BARRIOS,l10n_co_base_location.zip_co_473028
5419,SIN INFORMACION DE BARRIOS,l10n_co_base_location.zip_co_473029
5420,10 DE JULIO,l10n_co_base_location.zip_co_473040
5421,15 DE ENERO,l10n_co_base_location.zip_co_473040
5422,2 DE FEBRERO,l10n_co_base_location.zip_co_473040
5423,20 DE ENERO,l10n_co_base_location.zip_co_473040
5424,ALMIRANTE PADILLA,l10n_co_base_location.zip_co_473040
5425,CHAPINERO,l10n_co_base_location.zip_co_473040
5426,CLUB DE LEONES,l10n_co_base_location.zip_co_473040
5427,EL BANQUITO,l10n_co_base_location.zip_co_473040
5428,EL BOSQUE,l10n_co_base_location.zip_co_473040
5429,EL CANAL,l10n_co_base_location.zip_co_473040
5430,EL CARMEN,l10n_co_base_location.zip_co_473040
5431,EL CENTRO,l10n_co_base_location.zip_co_473040
5432,EL HUERTO,l10n_co_base_location.zip_co_473040
5433,EL PROCESO,l10n_co_base_location.zip_co_473040
5434,GORE,l10n_co_base_location.zip_co_473040
5435,INSCREDIAL,l10n_co_base_location.zip_co_473040
5436,LA CANDELARIA,l10n_co_base_location.zip_co_473040
5437,LA ESPERANZA,l10n_co_base_location.zip_co_473040
5438,LA PAZ,l10n_co_base_location.zip_co_473040
5439,LA PLAYA,l10n_co_base_location.zip_co_473040
5440,LA PLEGARIA,l10n_co_base_location.zip_co_473040
5441,SIN INFORMACION DE BARRIOS,l10n_co_base_location.zip_co_473047
5442,SIN INFORMACION DE BARRIOS,l10n_co_base_location.zip_co_473048
5443,SIN INFORMACION DE BARRIOS,l10n_co_base_location.zip_co_473049
5444,SIN INFORMACION DE BARRIOS,l10n_co_base_location.zip_co_474001
5445,SIN INFORMACION DE BARRIOS,l10n_co_base_location.zip_co_474007
5446,SIN INFORMACION DE BARRIOS,l10n_co_base_location.zip_co_474020
5447,SIN INFORMACION DE BARRIOS,l10n_co_base_location.zip_co_474027
5448,SIN INFORMACION DE BARRIOS,l10n_co_base_location.zip_co_474028
5449,SIN INFORMACION DE BARRIOS,l10n_co_base_location.zip_co_474040
5450,SIN INFORMACION DE BARRIOS,l10n_co_base_location.zip_co_474047
5451,SIN INFORMACION DE BARRIOS,l10n_co_base_location.zip_co_474048
5452,SIN INFORMACION DE BARRIOS,l10n_co_base_location.zip_co_474060
5453,SIN INFORMACION DE BARRIOS,l10n_co_base_location.zip_co_474067
5454,SIN INFORMACION DE BARRIOS,l10n_co_base_location.zip_co_474068
5455,SIN INFORMACION DE BARRIOS,l10n_co_base_location.zip_co_475001
5456,SIN INFORMACION DE BARRIOS,l10n_co_base_location.zip_co_475007
5457,SIN INFORMACION DE BARRIOS,l10n_co_base_location.zip_co_475008
5458,SIN INFORMACION DE BARRIOS,l10n_co_base_location.zip_co_475010
5459,SAN MARTIN,l10n_co_base_location.zip_co_475017
5460,ALMENDRO,l10n_co_base_location.zip_co_475018
5461,EL CARMEN,l10n_co_base_location.zip_co_475018
5462,EL CENTRO,l10n_co_base_location.zip_co_475018
5463,LOS NOGALES,l10n_co_base_location.zip_co_475018
5464,LOS OLIVOS,l10n_co_base_location.zip_co_475018
5465,PARAISO,l10n_co_base_location.zip_co_475018
5466,SAN TROPEL,l10n_co_base_location.zip_co_475018
5467,SEPARADORA,l10n_co_base_location.zip_co_475018
5468,SIN INFORMACION DE BARRIOS,l10n_co_base_location.zip_co_475019
5469,SIN INFORMACION DE BARRIOS,l10n_co_base_location.zip_co_475020
5470,SIN INFORMACION DE BARRIOS,l10n_co_base_location.zip_co_475027
5471,SIN INFORMACION DE BARRIOS,l10n_co_base_location.zip_co_475028
5472,SIN INFORMACION DE BARRIOS,l10n_co_base_location.zip_co_475030
5473,SIN INFORMACION DE BARRIOS,l10n_co_base_location.zip_co_475037
5474,SIN INFORMACION DE BARRIOS,l10n_co_base_location.zip_co_475038
5475,18 DE FEBRERO,l10n_co_base_location.zip_co_475050
5476,ALTO DE TAPEGUA,l10n_co_base_location.zip_co_475050
5477,ALTO PRADO,l10n_co_base_location.zip_co_475050
5478,EL CARMEN,l10n_co_base_location.zip_co_475050
5479,EL CENTRO,l10n_co_base_location.zip_co_475050
5480,INSTITUTO,l10n_co_base_location.zip_co_475050
5481,LA CONCEPCIÓN,l10n_co_base_location.zip_co_475050
5482,LA SOLEDAD,l10n_co_base_location.zip_co_475050
5483,LAS CAROLINAS,l10n_co_base_location.zip_co_475050
5484,PUEBLO NUEVO,l10n_co_base_location.zip_co_475050
5485,SAN ISIDRO,l10n_co_base_location.zip_co_475050
5486,SAN SEBASTIÁN,l10n_co_base_location.zip_co_475050
5487,SIMÓN BOLÍVAR,l10n_co_base_location.zip_co_475050
5488,VILLA LIA,l10n_co_base_location.zip_co_475050
5489,ABAJO,l10n_co_base_location.zip_co_475057
5491,ARRIBA,l10n_co_base_location.zip_co_475057
5493,ESPAÑA,l10n_co_base_location.zip_co_475057
5494,LA PALMA,l10n_co_base_location.zip_co_475057
5495,SIN INFORMACION DE BARRIOS,l10n_co_base_location.zip_co_476001
5496,SIN INFORMACION DE BARRIOS,l10n_co_base_location.zip_co_476007
5497,SIN INFORMACION DE BARRIOS,l10n_co_base_location.zip_co_476008
5498,SIN INFORMACION DE BARRIOS,l10n_co_base_location.zip_co_476020
5499,SIN INFORMACION DE BARRIOS,l10n_co_base_location.zip_co_476027
5500,SIN INFORMACION DE BARRIOS,l10n_co_base_location.zip_co_476030
5501,SIN INFORMACION DE BARRIOS,l10n_co_base_location.zip_co_476037
5502,SIN INFORMACION DE BARRIOS,l10n_co_base_location.zip_co_476040
5503,SIN INFORMACION DE BARRIOS,l10n_co_base_location.zip_co_476047
5504,SIN INFORMACION DE BARRIOS,l10n_co_base_location.zip_co_476048
5505,SIN INFORMACION DE BARRIOS,l10n_co_base_location.zip_co_476050
5506,SIN INFORMACION DE BARRIOS,l10n_co_base_location.zip_co_476057
5507,SIN INFORMACION DE BARRIOS,l10n_co_base_location.zip_co_476058
5508,SIN INFORMACION DE BARRIOS,l10n_co_base_location.zip_co_476060
5509,SIN INFORMACION DE BARRIOS,l10n_co_base_location.zip_co_476067
5510,SIN INFORMACION DE BARRIOS,l10n_co_base_location.zip_co_476068
5511,SIN INFORMACION DE BARRIOS,l10n_co_base_location.zip_co_477001
5512,SIN INFORMACION DE BARRIOS,l10n_co_base_location.zip_co_477007
5513,SIN INFORMACION DE BARRIOS,l10n_co_base_location.zip_co_477008
5514,SIN INFORMACION DE BARRIOS,l10n_co_base_location.zip_co_477009
5515,SIN INFORMACION DE BARRIOS,l10n_co_base_location.zip_co_477020
5516,SIN INFORMACION DE BARRIOS,l10n_co_base_location.zip_co_477027
5517,SIN INFORMACION DE BARRIOS,l10n_co_base_location.zip_co_477040
5518,SIN INFORMACION DE BARRIOS,l10n_co_base_location.zip_co_477047
5519,SIN INFORMACION DE BARRIOS,l10n_co_base_location.zip_co_477050
5520,SIN INFORMACION DE BARRIOS,l10n_co_base_location.zip_co_477057
5521,SIN INFORMACION DE BARRIOS,l10n_co_base_location.zip_co_477058
5522,ABAJO,l10n_co_base_location.zip_co_478001
5523,BELLA VISTA,l10n_co_base_location.zip_co_478001
5524,CENTENARIO,l10n_co_base_location.zip_co_478001
5525,CENTRO,l10n_co_base_location.zip_co_478001
5526,CIUDAD BOLÍVAR,l10n_co_base_location.zip_co_478001
5527,COSTA VERDE,l10n_co_base_location.zip_co_478001
5528,FLORESTA,l10n_co_base_location.zip_co_478001
5529,JORGE ELIECER GAITÁN,l10n_co_base_location.zip_co_478001
5530,KENNEDY,l10n_co_base_location.zip_co_478001
5531,LA ESPERANZA,l10n_co_base_location.zip_co_478001
5532,LA GUAJIRA,l10n_co_base_location.zip_co_478001
5533,LA MANGA,l10n_co_base_location.zip_co_478001
5534,LA VICTORIA,l10n_co_base_location.zip_co_478001
5535,LAS DELICIAS,l10n_co_base_location.zip_co_478001
5536,LAS FLORES,l10n_co_base_location.zip_co_478001
5537,LOMA FRESCA,l10n_co_base_location.zip_co_478001
5538,MANZANARES,l10n_co_base_location.zip_co_478001
5539,MAR DE PLATA,l10n_co_base_location.zip_co_478001
5540,MARGARITAS,l10n_co_base_location.zip_co_478001
5541,MINUTO DE DIOS,l10n_co_base_location.zip_co_478001
5542,MIR,l10n_co_base_location.zip_co_478001
5543,18 DE ENERO,l10n_co_base_location.zip_co_478002
5544,ALBORADA,l10n_co_base_location.zip_co_478002
5545,CÓRDOBA,l10n_co_base_location.zip_co_478002
5546,CARMEN,l10n_co_base_location.zip_co_478002
5547,CARREÑO,l10n_co_base_location.zip_co_478002
5548,CONCEPCIÓN,l10n_co_base_location.zip_co_478002
5549,DIVINO NIÑO,l10n_co_base_location.zip_co_478002
5550,ELISA CELEDÓN,l10n_co_base_location.zip_co_478002
5551,MARACAIBO,l10n_co_base_location.zip_co_478002
5552,MONTECRISTO,l10n_co_base_location.zip_co_478002
5553,NELSON PÉREZ,l10n_co_base_location.zip_co_478002
5554,OBRERO,l10n_co_base_location.zip_co_478002
5555,PARAÍSO,l10n_co_base_location.zip_co_478002
5556,PUERTO NUEVO,l10n_co_base_location.zip_co_478002
5557,SAN JUAN,l10n_co_base_location.zip_co_478002
5558,SANTA INÉS,l10n_co_base_location.zip_co_478002
5559,ZONA DE EXPANSIÓN SUR,l10n_co_base_location.zip_co_478002
5560,ORIENTAL,l10n_co_base_location.zip_co_478002
5561,SIN INFORMACION DE BARRIOS,l10n_co_base_location.zip_co_478007
5562,SIN INFORMACION DE BARRIOS,l10n_co_base_location.zip_co_478008
5563,BARRIO ARRIBA,l10n_co_base_location.zip_co_478020
5564,BARRIO EL PARQUE,l10n_co_base_location.zip_co_478020
5565,BARRIO EL RIO,l10n_co_base_location.zip_co_478020
5566,BARRIO GABRIELA,l10n_co_base_location.zip_co_478020
5567,BARRIO LA BAMBONERA,l10n_co_base_location.zip_co_478020
5568,BARRIO LA BOMBONERA,l10n_co_base_location.zip_co_478020
5569,BARRIO LA CENTRAL,l10n_co_base_location.zip_co_478020
5570,BARRIO LA ESCOBILLA,l10n_co_base_location.zip_co_478020
5571,BARRIO LOS CACHACOS,l10n_co_base_location.zip_co_478020
5572,BARRIO RABO LARGO,l10n_co_base_location.zip_co_478020
5573,BARRIO SAN TROPEL,l10n_co_base_location.zip_co_478020
5574,BARRIO ALTO PRADO,l10n_co_base_location.zip_co_478027
5575,BARRIO CALLE BOLIVAR,l10n_co_base_location.zip_co_478027
5576,BARRIO CENTRO,l10n_co_base_location.zip_co_478027
5577,BARRIO EL BAJO,l10n_co_base_location.zip_co_478027
5578,BARRIO EL BOLSILLO,l10n_co_base_location.zip_co_478027
5579,BARRIO EL PORVENIR,l10n_co_base_location.zip_co_478027
5580,BARRIO LA 58,l10n_co_base_location.zip_co_478027
5581,BARRIO LA ALEGRIA,l10n_co_base_location.zip_co_478027
5582,BARRIO LA ALEMANIA,l10n_co_base_location.zip_co_478027
5583,BARRIO LA ESPERANZA,l10n_co_base_location.zip_co_478027
5584,BARRIO LA ESTACION,l10n_co_base_location.zip_co_478027
5585,BARRIO LA VICTORIA,l10n_co_base_location.zip_co_478027
5586,BARRIO LAS MALVINAS,l10n_co_base_location.zip_co_478027
5587,BARRIO L,l10n_co_base_location.zip_co_478027
5588,BARRIO 20 DE JULIO,l10n_co_base_location.zip_co_478028
5589,BARRIO 20 DE JULIO (INVASION VIEJA),l10n_co_base_location.zip_co_478028
5590,BARRIO 20 DE NOVIEMBRE (INVASION NUEVA),l10n_co_base_location.zip_co_478028
5591,BARRIO CAREA,l10n_co_base_location.zip_co_478028
5592,BARRIO CENTRAL,l10n_co_base_location.zip_co_478028
5593,BARRIO CENTRO,l10n_co_base_location.zip_co_478028
5594,BARRIO LA BONGA,l10n_co_base_location.zip_co_478028
5595,BARRIO LA ESPINA,l10n_co_base_location.zip_co_478028
5596,BARRIO LA GLORIA,l10n_co_base_location.zip_co_478028
5597,BARRIO LAS FLORES,l10n_co_base_location.zip_co_478028
5598,BARRIO LOS ALMENDROS,l10n_co_base_location.zip_co_478028
5599,BARRIO PUEBLO VIEJ,l10n_co_base_location.zip_co_478028
5600,SIN INFORMACION DE BARRIOS,l10n_co_base_location.zip_co_478029
5601,BARRIO 1 DE JULIO,l10n_co_base_location.zip_co_478037
5602,BARRIO CENTRAL,l10n_co_base_location.zip_co_478037
5603,BARRIO CENTRAL,l10n_co_base_location.zip_co_478037
5604,BARRIO CIBATE,l10n_co_base_location.zip_co_478037
5605,BARRIO GUAMACHITO VIEJO,l10n_co_base_location.zip_co_478037
5606,BARRIO LA CHARCA,l10n_co_base_location.zip_co_478037
5607,BARRIO LA POPA,l10n_co_base_location.zip_co_478037
5608,BARRIO LAS CARPAS,l10n_co_base_location.zip_co_478037
5609,BARRIO LOS ALMENDROS,l10n_co_base_location.zip_co_478037
5610,BARRIO MONTECRISTO,l10n_co_base_location.zip_co_478037
5611,BARRIO NUEVO,l10n_co_base_location.zip_co_478037
5612,BARRIO PAZ DEL RIO,l10n_co_base_location.zip_co_478037
5613,BARRIO SAN JUAN,l10n_co_base_location.zip_co_478037
5614,BARRIO TUCURICAN V,l10n_co_base_location.zip_co_478037
5615,AQUÍ TE ESPERO,l10n_co_base_location.zip_co_478040
5616,LA UNIÓN,l10n_co_base_location.zip_co_478040
5617,LOS ALPES,l10n_co_base_location.zip_co_478040
5618,NUEVO ORIENTE,l10n_co_base_location.zip_co_478040
5619,PENJAMO,l10n_co_base_location.zip_co_478040
5620,PROVIDENCIA,l10n_co_base_location.zip_co_478040
5621,SAN JOSÉ,l10n_co_base_location.zip_co_478040
5622,SAN MARTÍN,l10n_co_base_location.zip_co_478040
5623,CALLE ANGOSTA,l10n_co_base_location.zip_co_478047
5624,CAMPO,l10n_co_base_location.zip_co_478047
5625,CARRIZAL,l10n_co_base_location.zip_co_478047
5626,CENTRO,l10n_co_base_location.zip_co_478047
5627,LA CUARENTA,l10n_co_base_location.zip_co_478047
5628,LA ESPERANZA,l10n_co_base_location.zip_co_478047
5629,LA GLORIA,l10n_co_base_location.zip_co_478047
5630,LA LOMA,l10n_co_base_location.zip_co_478047
5631,LA NIGUA,l10n_co_base_location.zip_co_478047
5632,LAS FLORES,l10n_co_base_location.zip_co_478047
5633,LOS CHORLITOS,l10n_co_base_location.zip_co_478047
5634,NUEVO AMANECER,l10n_co_base_location.zip_co_478047
5635,NUEVO HORIZONTE,l10n_co_base_location.zip_co_478047
5636,PANAMÁ,l10n_co_base_location.zip_co_478047
5637,SAN MARTÍN,l10n_co_base_location.zip_co_478047
5638,SANTA RITA,l10n_co_base_location.zip_co_478047
5639,SILENCIO,l10n_co_base_location.zip_co_478047
5640,SIN INFORMACION DE BARRIOS,l10n_co_base_location.zip_co_478048
5641,SIN INFORMACION DE BARRIOS,l10n_co_base_location.zip_co_478060
5642,SIN INFORMACION DE BARRIOS,l10n_co_base_location.zip_co_478067
5643,SIN INFORMACION DE BARRIOS,l10n_co_base_location.zip_co_500001
5644,SIN INFORMACION DE BARRIOS,l10n_co_base_location.zip_co_500002
5645,SIN INFORMACION DE BARRIOS,l10n_co_base_location.zip_co_500003
5646,SIN INFORMACION DE BARRIOS,l10n_co_base_location.zip_co_500004
5647,SIN INFORMACION DE BARRIOS,l10n_co_base_location.zip_co_500005
5648,SIN INFORMACION DE BARRIOS,l10n_co_base_location.zip_co_500007
5649,SIN INFORMACION DE BARRIOS,l10n_co_base_location.zip_co_500008
5650,SIN INFORMACION DE BARRIOS,l10n_co_base_location.zip_co_500009
5651,SIN INFORMACION DE BARRIOS,l10n_co_base_location.zip_co_500017
5652,SIN INFORMACION DE BARRIOS,l10n_co_base_location.zip_co_501001
5653,SIN INFORMACION DE BARRIOS,l10n_co_base_location.zip_co_501007
5654,SIN INFORMACION DE BARRIOS,l10n_co_base_location.zip_co_501011
5655,SIN INFORMACION DE BARRIOS,l10n_co_base_location.zip_co_501017
5656,SIN INFORMACION DE BARRIOS,l10n_co_base_location.zip_co_501018
5657,SIN INFORMACION DE BARRIOS,l10n_co_base_location.zip_co_501021
5658,SIN INFORMACION DE BARRIOS,l10n_co_base_location.zip_co_501027
5659,SIN INFORMACION DE BARRIOS,l10n_co_base_location.zip_co_501028
5660,SIN INFORMACION DE BARRIOS,l10n_co_base_location.zip_co_501031
5661,SIN INFORMACION DE BARRIOS,l10n_co_base_location.zip_co_501037
5662,SIN INFORMACION DE BARRIOS,l10n_co_base_location.zip_co_501038
5663,SIN INFORMACION DE BARRIOS,l10n_co_base_location.zip_co_501041
5664,SIN INFORMACION DE BARRIOS,l10n_co_base_location.zip_co_501047
5665,SIN INFORMACION DE BARRIOS,l10n_co_base_location.zip_co_501051
5666,SIN INFORMACION DE BARRIOS,l10n_co_base_location.zip_co_501057
5667,SIN INFORMACION DE BARRIOS,l10n_co_base_location.zip_co_502001
5668,SIN INFORMACION DE BARRIOS,l10n_co_base_location.zip_co_502007
5669,SIN INFORMACION DE BARRIOS,l10n_co_base_location.zip_co_502008
5670,SIN INFORMACION DE BARRIOS,l10n_co_base_location.zip_co_502009
5671,CENTRO,l10n_co_base_location.zip_co_502041
5672,EL TRIUNFO,l10n_co_base_location.zip_co_502041
5673,ESPERANZA,l10n_co_base_location.zip_co_502041
5674,JOSÉ A. GALÁN,l10n_co_base_location.zip_co_502041
5675,MANACACIAS,l10n_co_base_location.zip_co_502041
5676,POPULAR,l10n_co_base_location.zip_co_502041
5677,VILLA ORTÍZ,l10n_co_base_location.zip_co_502041
5678,SIN INFORMACION DE BARRIOS,l10n_co_base_location.zip_co_502047
5679,SIN INFORMACION DE BARRIOS,l10n_co_base_location.zip_co_502048
5680,SIN INFORMACION DE BARRIOS,l10n_co_base_location.zip_co_502049
5681,SIN INFORMACION DE BARRIOS,l10n_co_base_location.zip_co_502057
5682,SIN INFORMACION DE BARRIOS,l10n_co_base_location.zip_co_502058
5683,SIN INFORMACION DE BARRIOS,l10n_co_base_location.zip_co_502059
5684,SIN INFORMACION DE BARRIOS,l10n_co_base_location.zip_co_503001
5685,SIN INFORMACION DE BARRIOS,l10n_co_base_location.zip_co_503007
5686,SIN INFORMACION DE BARRIOS,l10n_co_base_location.zip_co_503008
5687,SIN INFORMACION DE BARRIOS,l10n_co_base_location.zip_co_503021
5688,SIN INFORMACION DE BARRIOS,l10n_co_base_location.zip_co_503027
5689,SIN INFORMACION DE BARRIOS,l10n_co_base_location.zip_co_503028
5690,SIN INFORMACION DE BARRIOS,l10n_co_base_location.zip_co_503029
5691,SIN INFORMACION DE BARRIOS,l10n_co_base_location.zip_co_503037
5692,SIN INFORMACION DE BARRIOS,l10n_co_base_location.zip_co_503041
5693,SIN INFORMACION DE BARRIOS,l10n_co_base_location.zip_co_503047
5694,SIN INFORMACION DE BARRIOS,l10n_co_base_location.zip_co_503061
5695,SIN INFORMACION DE BARRIOS,l10n_co_base_location.zip_co_503067
5696,SIN INFORMACION DE BARRIOS,l10n_co_base_location.zip_co_503068
5697,ANTONIO RICAURTE,l10n_co_base_location.zip_co_504001
5698,BELÉN,l10n_co_base_location.zip_co_504001
5699,BRISAS DEL IRIQUE,l10n_co_base_location.zip_co_504001
5700,CAMILO TORRES,l10n_co_base_location.zip_co_504001
5701,CENTRO,l10n_co_base_location.zip_co_504001
5702,CIUDADELA PEDAGÓGICA DEL ARIARI,l10n_co_base_location.zip_co_504001
5703,CONJUNTO CERRADO EL CORTIJO,l10n_co_base_location.zip_co_504001
5704,CONJUNTO CERRADO LA AURORA,l10n_co_base_location.zip_co_504001
5705,CONJUNTO CERRADO VILLA LID,l10n_co_base_location.zip_co_504001
5706,EL ALCARABÁN,l10n_co_base_location.zip_co_504001
5707,EL BOSQUE,l10n_co_base_location.zip_co_504001
5708,EL CEDRAL,l10n_co_base_location.zip_co_504001
5709,EL JARDÍN,l10n_co_base_location.zip_co_504001
5710,EL PORVENIR,l10n_co_base_location.zip_co_504001
5711,EL PROGRES,l10n_co_base_location.zip_co_504001
5712,BRISAS DEL ARIARI,l10n_co_base_location.zip_co_504007
5713,URBANIZACIÓN EL CANEY,l10n_co_base_location.zip_co_504007
5714,URBANIZACIÓN LA GLORIA,l10n_co_base_location.zip_co_504007
5715,SIN INFORMACION DE BARRIOS,l10n_co_base_location.zip_co_504008
5716,SIN INFORMACION DE BARRIOS,l10n_co_base_location.zip_co_504021
5717,SIN INFORMACION DE BARRIOS,l10n_co_base_location.zip_co_504027
5718,SIN INFORMACION DE BARRIOS,l10n_co_base_location.zip_co_504028
5719,BUENOS AIRES,l10n_co_base_location.zip_co_504041
5720,CUNIMIA,l10n_co_base_location.zip_co_504041
5721,EL CENTRO,l10n_co_base_location.zip_co_504041
5722,FERIAS,l10n_co_base_location.zip_co_504041
5723,FUENTES,l10n_co_base_location.zip_co_504041
5724,LA ESPERANZA,l10n_co_base_location.zip_co_504041
5725,LATORRE GÓMEZ,l10n_co_base_location.zip_co_504041
5726,LIBERTAD,l10n_co_base_location.zip_co_504041
5727,PORTALES DE CHÍA,l10n_co_base_location.zip_co_504041
5728,SIN INFORMACION DE BARRIOS,l10n_co_base_location.zip_co_504047
5729,SIN INFORMACION DE BARRIOS,l10n_co_base_location.zip_co_504048
5730,SIN INFORMACION DE BARRIOS,l10n_co_base_location.zip_co_504061
5731,SIN INFORMACION DE BARRIOS,l10n_co_base_location.zip_co_504067
5732,SIN INFORMACION DE BARRIOS,l10n_co_base_location.zip_co_504068
5733,SIN INFORMACION DE BARRIOS,l10n_co_base_location.zip_co_505001
5734,SIN INFORMACION DE BARRIOS,l10n_co_base_location.zip_co_505007
5735,SIN INFORMACION DE BARRIOS,l10n_co_base_location.zip_co_505008
5736,SIN INFORMACION DE BARRIOS,l10n_co_base_location.zip_co_505021
5737,SIN INFORMACION DE BARRIOS,l10n_co_base_location.zip_co_505027
5738,SIN INFORMACION DE BARRIOS,l10n_co_base_location.zip_co_505028
5739,SIN INFORMACION DE BARRIOS,l10n_co_base_location.zip_co_505041
5740,SIN INFORMACION DE BARRIOS,l10n_co_base_location.zip_co_505047
5741,SIN INFORMACION DE BARRIOS,l10n_co_base_location.zip_co_505048
5742,SIN INFORMACION DE BARRIOS,l10n_co_base_location.zip_co_506001
5743,SIN INFORMACION DE BARRIOS,l10n_co_base_location.zip_co_506007
5744,SIN INFORMACION DE BARRIOS,l10n_co_base_location.zip_co_506008
5745,SIN INFORMACION DE BARRIOS,l10n_co_base_location.zip_co_506021
5746,SIN INFORMACION DE BARRIOS,l10n_co_base_location.zip_co_506027
5747,SIN INFORMACION DE BARRIOS,l10n_co_base_location.zip_co_506041
5748,SIN INFORMACION DE BARRIOS,l10n_co_base_location.zip_co_506047
5749,SIN INFORMACION DE BARRIOS,l10n_co_base_location.zip_co_506048
5750,EL CENTRO,l10n_co_base_location.zip_co_506061
5751,EL MANANTIAL,l10n_co_base_location.zip_co_506061
5752,EL PORVENIR,l10n_co_base_location.zip_co_506061
5753,MODELO,l10n_co_base_location.zip_co_506061
5754,PEDRO NEL JIMÉNEZ,l10n_co_base_location.zip_co_506061
5755,SIN INFORMACION DE BARRIOS,l10n_co_base_location.zip_co_506067
5756,SIN INFORMACION DE BARRIOS,l10n_co_base_location.zip_co_506068
5757,ACACIAS,l10n_co_base_location.zip_co_507001
5758,ASOCIACIÓN DE AMIGOS,l10n_co_base_location.zip_co_507001
5759,ATAHUALPA,l10n_co_base_location.zip_co_507001
5760,BACHUÉ,l10n_co_base_location.zip_co_507001
5761,BELLA SUIZA,l10n_co_base_location.zip_co_507001
5762,BOSCO,l10n_co_base_location.zip_co_507001
5763,BRISAS,l10n_co_base_location.zip_co_507001
5764,BRISAS DEL PLAYÓN,l10n_co_base_location.zip_co_507001
5765,CAROLINA,l10n_co_base_location.zip_co_507001
5766,CENTRO,l10n_co_base_location.zip_co_507001
5767,CIUDAD JARDÍN,l10n_co_base_location.zip_co_507001
5768,COMCAJA,l10n_co_base_location.zip_co_507001
5769,CONCHA ACÚSTICA,l10n_co_base_location.zip_co_507001
5770,CONDOMINIO LOS NARANJOS,l10n_co_base_location.zip_co_507001
5771,COOPERATIVO,l10n_co_base_location.zip_co_507001
5772,DORADO ALTO,l10n_co_base_location.zip_co_507001
5773,DORADO BAJO,l10n_co_base_location.zip_co_507001
5774,EL BAMBÚ,l10n_co_base_location.zip_co_507001
5775,EL BOSQUE,l10n_co_base_location.zip_co_507001
5776,EL RETORNO,l10n_co_base_location.zip_co_507001
5777,ES,l10n_co_base_location.zip_co_507001
5778,RINC¾N DEL LAGO,l10n_co_base_location.zip_co_507007
5779,SIN INFORMACION DE BARRIOS,l10n_co_base_location.zip_co_507008
5780,NOGAL,l10n_co_base_location.zip_co_507009
5781,SIN INFORMACION DE BARRIOS,l10n_co_base_location.zip_co_507011
5782,ASUDA,l10n_co_base_location.zip_co_507017
5783,CODEM,l10n_co_base_location.zip_co_507017
5784,COVICOM,l10n_co_base_location.zip_co_507017
5785,SIN INFORMACION DE BARRIOS,l10n_co_base_location.zip_co_507019
5786,ALGARROBO,l10n_co_base_location.zip_co_507021
5787,CAMOA,l10n_co_base_location.zip_co_507021
5788,EL PRADO,l10n_co_base_location.zip_co_507021
5789,FÉLIX M DURÁN,l10n_co_base_location.zip_co_507021
5790,FUNDADORES,l10n_co_base_location.zip_co_507021
5791,IV CENTENARIO,l10n_co_base_location.zip_co_507021
5792,LA CAMPIÑA,l10n_co_base_location.zip_co_507021
5793,LA PRIMAVERA,l10n_co_base_location.zip_co_507021
5794,LAS FERIAS,l10n_co_base_location.zip_co_507021
5795,LIBERTADOR,l10n_co_base_location.zip_co_507021
5796,LOS ANDES,l10n_co_base_location.zip_co_507021
5797,MAIPORE,l10n_co_base_location.zip_co_507021
5798,OLÍMPICO,l10n_co_base_location.zip_co_507021
5799,ONCE DE NOVIEMBRE,l10n_co_base_location.zip_co_507021
5800,PEDRO DAZA,l10n_co_base_location.zip_co_507021
5801,POLO CLUB,l10n_co_base_location.zip_co_507021
5802,VILLA LUZ,l10n_co_base_location.zip_co_507021
5803,SIN INFORMACION DE BARRIOS,l10n_co_base_location.zip_co_507027
5804,SIN INFORMACION DE BARRIOS,l10n_co_base_location.zip_co_507028
5805,SIN INFORMACION DE BARRIOS,l10n_co_base_location.zip_co_507029
5806,SIN INFORMACION DE BARRIOS,l10n_co_base_location.zip_co_507037
5807,SIN INFORMACION DE BARRIOS,l10n_co_base_location.zip_co_507041
5808,SIN INFORMACION DE BARRIOS,l10n_co_base_location.zip_co_507047
5809,SIN INFORMACION DE BARRIOS,l10n_co_base_location.zip_co_507048
5810,SIN INFORMACION DE BARRIOS,l10n_co_base_location.zip_co_507051
5811,SIN INFORMACION DE BARRIOS,l10n_co_base_location.zip_co_507057
5812,SIN INFORMACION DE BARRIOS,l10n_co_base_location.zip_co_507058
5813,AGUALONGO,l10n_co_base_location.zip_co_520001
5814,ALTAMIRA,l10n_co_base_location.zip_co_520001
5815,ALTAMIRA I,l10n_co_base_location.zip_co_520001
5816,ANGANOY,l10n_co_base_location.zip_co_520001
5817,BACHUÉ,l10n_co_base_location.zip_co_520001
5818,CAICEDO,l10n_co_base_location.zip_co_520001
5819,COLÓN,l10n_co_base_location.zip_co_520001
5820,COLPATRIA,l10n_co_base_location.zip_co_520001
5821,CONJUNTO CERRADO ROSALES,l10n_co_base_location.zip_co_520001
5822,CONJUNTO CERRADO SANTA MARÍA,l10n_co_base_location.zip_co_520001
5823,CONJUNTO CERRADO VILLA VERGEL,l10n_co_base_location.zip_co_520001
5824,EL BOSQUE,l10n_co_base_location.zip_co_520001
5825,EL EDÉN,l10n_co_base_location.zip_co_520001
5826,EL REMANSO,l10n_co_base_location.zip_co_520001
5827,FRANCISCO DE LA VILLOTA,l10n_co_base_location.zip_co_520001
5828,FRAYLEJONES,l10n_co_base_location.zip_co_520001
5829,GILBERTO PABÓN,l10n_co_base_location.zip_co_520001
5830,GRANA,l10n_co_base_location.zip_co_520001
5831,ACHALAY,l10n_co_base_location.zip_co_520002
5832,BRICEÑO,l10n_co_base_location.zip_co_520002
5833,CALATRAVA,l10n_co_base_location.zip_co_520002
5834,CAMINO REAL,l10n_co_base_location.zip_co_520002
5835,CASTILLA,l10n_co_base_location.zip_co_520002
5836,CASTILLOS DEL NORTE,l10n_co_base_location.zip_co_520002
5837,CONJUNTO CERRADO ALTOS DE LA COLINA,l10n_co_base_location.zip_co_520002
5838,CONJUNTO CERRADO BOMBONÁ,l10n_co_base_location.zip_co_520002
5839,CONJUNTO CERRADO LA AURORA,l10n_co_base_location.zip_co_520002
5840,CONJUNTO CERRADO LOS NOGALES,l10n_co_base_location.zip_co_520002
5841,CONJUNTO CERRADO VILLA AURORA,l10n_co_base_location.zip_co_520002
5842,EL DORADO,l10n_co_base_location.zip_co_520002
5843,JOSÉ I ZARAMA,l10n_co_base_location.zip_co_520002
5844,JUAN,l10n_co_base_location.zip_co_520002
5845,AIRE LIBRE,l10n_co_base_location.zip_co_520003
5846,ALAMBRA,l10n_co_base_location.zip_co_520003
5847,ATAHUALPA,l10n_co_base_location.zip_co_520003
5848,BATALLÓN BOYACÁ,l10n_co_base_location.zip_co_520003
5849,BELLAVISTA I,l10n_co_base_location.zip_co_520003
5850,BELLAVISTA II,l10n_co_base_location.zip_co_520003
5851,CAPUSIARA,l10n_co_base_location.zip_co_520003
5852,CASA BELLA II,l10n_co_base_location.zip_co_520003
5853,CENTRO,l10n_co_base_location.zip_co_520003
5854,EL OBRERO,l10n_co_base_location.zip_co_520003
5855,EL OLIVO,l10n_co_base_location.zip_co_520003
5856,EL PRADO,l10n_co_base_location.zip_co_520003
5857,EL RECUERDO,l10n_co_base_location.zip_co_520003
5858,FÁTIMA,l10n_co_base_location.zip_co_520003
5859,JAVERIANO,l10n_co_base_location.zip_co_520003
5860,LAS AMÉRICAS,l10n_co_base_location.zip_co_520003
5861,LAS LUNAS,l10n_co_base_location.zip_co_520003
5862,LAS VIOLETAS,l10n_co_base_location.zip_co_520003
5863,LOS ÁLAMOS,l10n_co_base_location.zip_co_520003
5864,LOS BALCONES,l10n_co_base_location.zip_co_520003
5865,NAVARRETE,l10n_co_base_location.zip_co_520003
5866,NORM,l10n_co_base_location.zip_co_520003
5867,ALAMEDA EL COMÚN,l10n_co_base_location.zip_co_520004
5868,ALCÁZARES,l10n_co_base_location.zip_co_520004
5869,ALTOS DE LA CAROLINA,l10n_co_base_location.zip_co_520004
5870,AQUIME,l10n_co_base_location.zip_co_520004
5871,ARANDA,l10n_co_base_location.zip_co_520004
5872,BALCONES DEL ESTE,l10n_co_base_location.zip_co_520004
5873,BELALCÁZAR,l10n_co_base_location.zip_co_520004
5874,BELLAVISTA,l10n_co_base_location.zip_co_520004
5875,CARLOS PIZARRO,l10n_co_base_location.zip_co_520004
5876,CENTENARIO,l10n_co_base_location.zip_co_520004
5877,CIUDAD REAL,l10n_co_base_location.zip_co_520004
5878,CONJUNTO CERRADO JUANDY,l10n_co_base_location.zip_co_520004
5879,CORAZÓN BARRIOS DE JESÚS,l10n_co_base_location.zip_co_520004
5880,CORAZÓN BARRIOS DE JESÚS II ETAPA,l10n_co_base_location.zip_co_520004
5881,CUJACAL,l10n_co_base_location.zip_co_520004
5882,EL ALGIBE,l10n_co_base_location.zip_co_520004
5883,ALEJANDRÍA,l10n_co_base_location.zip_co_520006
5884,ARNULFO GUERRERO,l10n_co_base_location.zip_co_520006
5885,BAVIERA,l10n_co_base_location.zip_co_520006
5886,BELISARIO BETANCOURT,l10n_co_base_location.zip_co_520006
5887,BERNAL,l10n_co_base_location.zip_co_520006
5888,BETANIA,l10n_co_base_location.zip_co_520006
5889,CAICEDONIA,l10n_co_base_location.zip_co_520006
5890,CASALOMA,l10n_co_base_location.zip_co_520006
5891,EL RINCÓN,l10n_co_base_location.zip_co_520006
5892,EL TEJAR,l10n_co_base_location.zip_co_520006
5893,GUAMEZ,l10n_co_base_location.zip_co_520006
5894,LA ESMERALDA,l10n_co_base_location.zip_co_520006
5895,LA PAZ,l10n_co_base_location.zip_co_520006
5896,LAS BRISAS,l10n_co_base_location.zip_co_520006
5897,LAS LAJAS,l10n_co_base_location.zip_co_520006
5898,LAS MERCEDES,l10n_co_base_location.zip_co_520006
5899,LAUREANO GÓMEZ,l10n_co_base_location.zip_co_520006
5900,LOS ELISEOS,l10n_co_base_location.zip_co_520006
5901,LOS PINOS,l10n_co_base_location.zip_co_520006
5902,MERCEDARIO,l10n_co_base_location.zip_co_520006
5903,PIEDECUESTA,l10n_co_base_location.zip_co_520006
5904,PU,l10n_co_base_location.zip_co_520006
5905,SIN INFORMACION DE BARRIOS,l10n_co_base_location.zip_co_520007
5906,SIN INFORMACION DE BARRIOS,l10n_co_base_location.zip_co_520008
5907,SIN INFORMACION DE BARRIOS,l10n_co_base_location.zip_co_520009
5908,ALTOS DE CHAPALITO,l10n_co_base_location.zip_co_520010
5909,ALTOS DEL CAMPO,l10n_co_base_location.zip_co_520010
5910,BELÉN,l10n_co_base_location.zip_co_520010
5911,CANTARANA,l10n_co_base_location.zip_co_520010
5912,EL PILAR,l10n_co_base_location.zip_co_520010
5913,EL PORVENIR,l10n_co_base_location.zip_co_520010
5914,EL PROGRESO,l10n_co_base_location.zip_co_520010
5915,EL TRIUNFO,l10n_co_base_location.zip_co_520010
5916,EMILIO BOTERO,l10n_co_base_location.zip_co_520010
5917,LA ROSA,l10n_co_base_location.zip_co_520010
5918,LA VEGA,l10n_co_base_location.zip_co_520010
5919,LA VICTORIA,l10n_co_base_location.zip_co_520010
5920,LORENZO DE ALDANA,l10n_co_base_location.zip_co_520010
5921,MADRIGAL,l10n_co_base_location.zip_co_520010
5922,MIRAFLORES,l10n_co_base_location.zip_co_520010
5923,PRAGA,l10n_co_base_location.zip_co_520010
5924,SAN MARTÍN,l10n_co_base_location.zip_co_520010
5925,SANTA CLARA,l10n_co_base_location.zip_co_520010
5926,URBANIZACIÓN LA MINGA,l10n_co_base_location.zip_co_520010
5927,VENECIA,l10n_co_base_location.zip_co_520010
5928,V,l10n_co_base_location.zip_co_520010
5929,SIN INFORMACION DE BARRIOS,l10n_co_base_location.zip_co_520017
5930,SIN INFORMACION DE BARRIOS,l10n_co_base_location.zip_co_520018
5931,SIN INFORMACION DE BARRIOS,l10n_co_base_location.zip_co_520019
5932,SIN INFORMACION DE BARRIOS,l10n_co_base_location.zip_co_520027
5933,SIN INFORMACION DE BARRIOS,l10n_co_base_location.zip_co_520028
5934,SIN INFORMACION DE BARRIOS,l10n_co_base_location.zip_co_520029
5935,SIN INFORMACION DE BARRIOS,l10n_co_base_location.zip_co_520037
5936,SIN INFORMACION DE BARRIOS,l10n_co_base_location.zip_co_520038
5937,SIN INFORMACION DE BARRIOS,l10n_co_base_location.zip_co_520039
5938,SIN INFORMACION DE BARRIOS,l10n_co_base_location.zip_co_520501
5939,SIN INFORMACION DE BARRIOS,l10n_co_base_location.zip_co_520507
5940,SIN INFORMACION DE BARRIOS,l10n_co_base_location.zip_co_520508
5941,SIN INFORMACION DE BARRIOS,l10n_co_base_location.zip_co_520509
5942,SIN INFORMACION DE BARRIOS,l10n_co_base_location.zip_co_520517
5943,SIN INFORMACION DE BARRIOS,l10n_co_base_location.zip_co_520518
5944,SIN INFORMACION DE BARRIOS,l10n_co_base_location.zip_co_520530
5945,SIN INFORMACION DE BARRIOS,l10n_co_base_location.zip_co_520537
5946,SIN INFORMACION DE BARRIOS,l10n_co_base_location.zip_co_520538
5947,SIN INFORMACION DE BARRIOS,l10n_co_base_location.zip_co_520539
5948,SIN INFORMACION DE BARRIOS,l10n_co_base_location.zip_co_520557
5949,SIN INFORMACION DE BARRIOS,l10n_co_base_location.zip_co_520570
5950,SIN INFORMACION DE BARRIOS,l10n_co_base_location.zip_co_520577
5951,SIN INFORMACION DE BARRIOS,l10n_co_base_location.zip_co_520578
5952,SIN INFORMACION DE BARRIOS,l10n_co_base_location.zip_co_521001
5953,SIN INFORMACION DE BARRIOS,l10n_co_base_location.zip_co_521007
5954,SIN INFORMACION DE BARRIOS,l10n_co_base_location.zip_co_521020
5955,SIN INFORMACION DE BARRIOS,l10n_co_base_location.zip_co_521027
5956,SIN INFORMACION DE BARRIOS,l10n_co_base_location.zip_co_521028
5957,SIN INFORMACION DE BARRIOS,l10n_co_base_location.zip_co_521040
5958,SIN INFORMACION DE BARRIOS,l10n_co_base_location.zip_co_521047
5959,SIN INFORMACION DE BARRIOS,l10n_co_base_location.zip_co_521048
5960,SIN INFORMACION DE BARRIOS,l10n_co_base_location.zip_co_521050
5961,SIN INFORMACION DE BARRIOS,l10n_co_base_location.zip_co_521060
5962,SIN INFORMACION DE BARRIOS,l10n_co_base_location.zip_co_521067
5963,SIN INFORMACION DE BARRIOS,l10n_co_base_location.zip_co_521080
5964,SIN INFORMACION DE BARRIOS,l10n_co_base_location.zip_co_521087
5965,SIN INFORMACION DE BARRIOS,l10n_co_base_location.zip_co_521501
5966,SIN INFORMACION DE BARRIOS,l10n_co_base_location.zip_co_521507
5967,SIN INFORMACION DE BARRIOS,l10n_co_base_location.zip_co_521508
5968,SIN INFORMACION DE BARRIOS,l10n_co_base_location.zip_co_521520
5969,SIN INFORMACION DE BARRIOS,l10n_co_base_location.zip_co_521527
5970,SIN INFORMACION DE BARRIOS,l10n_co_base_location.zip_co_521528
5971,SIN INFORMACION DE BARRIOS,l10n_co_base_location.zip_co_521529
5972,SIN INFORMACION DE BARRIOS,l10n_co_base_location.zip_co_521540
5973,SIN INFORMACION DE BARRIOS,l10n_co_base_location.zip_co_521547
5974,SIN INFORMACION DE BARRIOS,l10n_co_base_location.zip_co_521548
5975,SIN INFORMACION DE BARRIOS,l10n_co_base_location.zip_co_521549
5976,SIN INFORMACION DE BARRIOS,l10n_co_base_location.zip_co_521560
5977,SIN INFORMACION DE BARRIOS,l10n_co_base_location.zip_co_521567
5978,SIN INFORMACION DE BARRIOS,l10n_co_base_location.zip_co_521568
5979,SIN INFORMACION DE BARRIOS,l10n_co_base_location.zip_co_521569
5980,SIN INFORMACION DE BARRIOS,l10n_co_base_location.zip_co_522001
5981,SIN INFORMACION DE BARRIOS,l10n_co_base_location.zip_co_522007
5982,SIN INFORMACION DE BARRIOS,l10n_co_base_location.zip_co_522020
5983,SIN INFORMACION DE BARRIOS,l10n_co_base_location.zip_co_522027
5984,SIN INFORMACION DE BARRIOS,l10n_co_base_location.zip_co_522040
5985,SIN INFORMACION DE BARRIOS,l10n_co_base_location.zip_co_522047
5986,SIN INFORMACION DE BARRIOS,l10n_co_base_location.zip_co_522048
5987,SIN INFORMACION DE BARRIOS,l10n_co_base_location.zip_co_522060
5988,SIN INFORMACION DE BARRIOS,l10n_co_base_location.zip_co_522067
5989,SIN INFORMACION DE BARRIOS,l10n_co_base_location.zip_co_522068
5990,SIN INFORMACION DE BARRIOS,l10n_co_base_location.zip_co_522080
5991,SIN INFORMACION DE BARRIOS,l10n_co_base_location.zip_co_522087
5992,SIN INFORMACION DE BARRIOS,l10n_co_base_location.zip_co_522088
5993,SIN INFORMACION DE BARRIOS,l10n_co_base_location.zip_co_522501
5994,SIN INFORMACION DE BARRIOS,l10n_co_base_location.zip_co_522507
5995,SIN INFORMACION DE BARRIOS,l10n_co_base_location.zip_co_522508
5996,SIN INFORMACION DE BARRIOS,l10n_co_base_location.zip_co_522520
5997,SIN INFORMACION DE BARRIOS,l10n_co_base_location.zip_co_522527
5998,SIN INFORMACION DE BARRIOS,l10n_co_base_location.zip_co_522540
5999,SIN INFORMACION DE BARRIOS,l10n_co_base_location.zip_co_522547
6000,SIN INFORMACION DE BARRIOS,l10n_co_base_location.zip_co_522548
6001,SIN INFORMACION DE BARRIOS,l10n_co_base_location.zip_co_523001
6002,SIN INFORMACION DE BARRIOS,l10n_co_base_location.zip_co_523007
6003,SIN INFORMACION DE BARRIOS,l10n_co_base_location.zip_co_523008
6004,SIN INFORMACION DE BARRIOS,l10n_co_base_location.zip_co_523020
6005,SIN INFORMACION DE BARRIOS,l10n_co_base_location.zip_co_523027
6006,SIN INFORMACION DE BARRIOS,l10n_co_base_location.zip_co_523028
6007,SIN INFORMACION DE BARRIOS,l10n_co_base_location.zip_co_523040
6008,SIN INFORMACION DE BARRIOS,l10n_co_base_location.zip_co_523047
6009,SIN INFORMACION DE BARRIOS,l10n_co_base_location.zip_co_523060
6010,SIN INFORMACION DE BARRIOS,l10n_co_base_location.zip_co_523067
6011,SIN INFORMACION DE BARRIOS,l10n_co_base_location.zip_co_523068
6012,SIN INFORMACION DE BARRIOS,l10n_co_base_location.zip_co_523080
6013,SIN INFORMACION DE BARRIOS,l10n_co_base_location.zip_co_523087
6014,SIN INFORMACION DE BARRIOS,l10n_co_base_location.zip_co_523501
6015,SIN INFORMACION DE BARRIOS,l10n_co_base_location.zip_co_523507
6016,SIN INFORMACION DE BARRIOS,l10n_co_base_location.zip_co_523508
6017,SIN INFORMACION DE BARRIOS,l10n_co_base_location.zip_co_523520
6018,SIN INFORMACION DE BARRIOS,l10n_co_base_location.zip_co_523527
6019,SIN INFORMACION DE BARRIOS,l10n_co_base_location.zip_co_523528
6020,SIN INFORMACION DE BARRIOS,l10n_co_base_location.zip_co_523540
6021,SIN INFORMACION DE BARRIOS,l10n_co_base_location.zip_co_523547
6022,SIN INFORMACION DE BARRIOS,l10n_co_base_location.zip_co_523548
6023,SIN INFORMACION DE BARRIOS,l10n_co_base_location.zip_co_524001
6024,SIN INFORMACION DE BARRIOS,l10n_co_base_location.zip_co_524007
6025,SIN INFORMACION DE BARRIOS,l10n_co_base_location.zip_co_524008
6026,SIN INFORMACION DE BARRIOS,l10n_co_base_location.zip_co_524009
6027,SIN INFORMACION DE BARRIOS,l10n_co_base_location.zip_co_524030
6028,SIN INFORMACION DE BARRIOS,l10n_co_base_location.zip_co_524037
6029,SIN INFORMACION DE BARRIOS,l10n_co_base_location.zip_co_524038
6030,SIN INFORMACION DE BARRIOS,l10n_co_base_location.zip_co_524039
6031,SIN INFORMACION DE BARRIOS,l10n_co_base_location.zip_co_524060
6032,SIN INFORMACION DE BARRIOS,l10n_co_base_location.zip_co_524061
6033,SIN INFORMACION DE BARRIOS,l10n_co_base_location.zip_co_524067
6034,SIN INFORMACION DE BARRIOS,l10n_co_base_location.zip_co_524068
6035,SIN INFORMACION DE BARRIOS,l10n_co_base_location.zip_co_524069
6036,SIN INFORMACION DE BARRIOS,l10n_co_base_location.zip_co_524077
6037,SIN INFORMACION DE BARRIOS,l10n_co_base_location.zip_co_524078
6038,SIN INFORMACION DE BARRIOS,l10n_co_base_location.zip_co_524501
6039,SIN INFORMACION DE BARRIOS,l10n_co_base_location.zip_co_524507
6040,SIN INFORMACION DE BARRIOS,l10n_co_base_location.zip_co_524520
6041,SIN INFORMACION DE BARRIOS,l10n_co_base_location.zip_co_524527
6042,SIN INFORMACION DE BARRIOS,l10n_co_base_location.zip_co_524528
6043,SIN INFORMACION DE BARRIOS,l10n_co_base_location.zip_co_524540
6044,SIN INFORMACION DE BARRIOS,l10n_co_base_location.zip_co_524547
6045,SIN INFORMACION DE BARRIOS,l10n_co_base_location.zip_co_524560
6046,SIN INFORMACION DE BARRIOS,l10n_co_base_location.zip_co_524567
6047,SIN INFORMACION DE BARRIOS,l10n_co_base_location.zip_co_524580
6048,SIN INFORMACION DE BARRIOS,l10n_co_base_location.zip_co_524587
6049,SIN INFORMACION DE BARRIOS,l10n_co_base_location.zip_co_524588
6050,SIN INFORMACION DE BARRIOS,l10n_co_base_location.zip_co_525001
6051,SIN INFORMACION DE BARRIOS,l10n_co_base_location.zip_co_525007
6052,SIN INFORMACION DE BARRIOS,l10n_co_base_location.zip_co_525008
6053,SIN INFORMACION DE BARRIOS,l10n_co_base_location.zip_co_525009
6054,SIN INFORMACION DE BARRIOS,l10n_co_base_location.zip_co_525030
6055,SIN INFORMACION DE BARRIOS,l10n_co_base_location.zip_co_525037
6056,SIN INFORMACION DE BARRIOS,l10n_co_base_location.zip_co_525038
6057,SIN INFORMACION DE BARRIOS,l10n_co_base_location.zip_co_525039
6058,SIN INFORMACION DE BARRIOS,l10n_co_base_location.zip_co_525047
6059,SIN INFORMACION DE BARRIOS,l10n_co_base_location.zip_co_525060
6060,SIN INFORMACION DE BARRIOS,l10n_co_base_location.zip_co_525067
6061,SIN INFORMACION DE BARRIOS,l10n_co_base_location.zip_co_525068
6062,SIN INFORMACION DE BARRIOS,l10n_co_base_location.zip_co_525069
6063,SIN INFORMACION DE BARRIOS,l10n_co_base_location.zip_co_525501
6064,SIN INFORMACION DE BARRIOS,l10n_co_base_location.zip_co_525507
6065,SIN INFORMACION DE BARRIOS,l10n_co_base_location.zip_co_525508
6066,SIN INFORMACION DE BARRIOS,l10n_co_base_location.zip_co_525520
6067,SIN INFORMACION DE BARRIOS,l10n_co_base_location.zip_co_525527
6068,SIN INFORMACION DE BARRIOS,l10n_co_base_location.zip_co_525528
6069,SIN INFORMACION DE BARRIOS,l10n_co_base_location.zip_co_525529
6070,SIN INFORMACION DE BARRIOS,l10n_co_base_location.zip_co_525537
6071,SIN INFORMACION DE BARRIOS,l10n_co_base_location.zip_co_525550
6072,SIN INFORMACION DE BARRIOS,l10n_co_base_location.zip_co_525557
6073,SIN INFORMACION DE BARRIOS,l10n_co_base_location.zip_co_525558
6074,SIN INFORMACION DE BARRIOS,l10n_co_base_location.zip_co_525570
6075,SIN INFORMACION DE BARRIOS,l10n_co_base_location.zip_co_525577
6076,SIN INFORMACION DE BARRIOS,l10n_co_base_location.zip_co_525578
6077,SIN INFORMACION DE BARRIOS,l10n_co_base_location.zip_co_525579
6078,SIN INFORMACION DE BARRIOS,l10n_co_base_location.zip_co_526001
6079,SIN INFORMACION DE BARRIOS,l10n_co_base_location.zip_co_526007
6080,SIN INFORMACION DE BARRIOS,l10n_co_base_location.zip_co_526020
6081,SIN INFORMACION DE BARRIOS,l10n_co_base_location.zip_co_526027
6082,SIN INFORMACION DE BARRIOS,l10n_co_base_location.zip_co_526040
6083,SIN INFORMACION DE BARRIOS,l10n_co_base_location.zip_co_526047
6084,SIN INFORMACION DE BARRIOS,l10n_co_base_location.zip_co_526048
6085,SIN INFORMACION DE BARRIOS,l10n_co_base_location.zip_co_526049
6086,SIN INFORMACION DE BARRIOS,l10n_co_base_location.zip_co_526057
6087,SIN INFORMACION DE BARRIOS,l10n_co_base_location.zip_co_526058
6088,SIN INFORMACION DE BARRIOS,l10n_co_base_location.zip_co_526501
6089,SIN INFORMACION DE BARRIOS,l10n_co_base_location.zip_co_526507
6090,SIN INFORMACION DE BARRIOS,l10n_co_base_location.zip_co_526520
6091,SIN INFORMACION DE BARRIOS,l10n_co_base_location.zip_co_526527
6092,SIN INFORMACION DE BARRIOS,l10n_co_base_location.zip_co_526528
6093,SIN INFORMACION DE BARRIOS,l10n_co_base_location.zip_co_526529
6094,SIN INFORMACION DE BARRIOS,l10n_co_base_location.zip_co_526560
6095,SIN INFORMACION DE BARRIOS,l10n_co_base_location.zip_co_526567
6096,SIN INFORMACION DE BARRIOS,l10n_co_base_location.zip_co_526568
6097,SIN INFORMACION DE BARRIOS,l10n_co_base_location.zip_co_527001
6098,SIN INFORMACION DE BARRIOS,l10n_co_base_location.zip_co_527007
6099,SIN INFORMACION DE BARRIOS,l10n_co_base_location.zip_co_527008
6100,SIN INFORMACION DE BARRIOS,l10n_co_base_location.zip_co_527009
6101,SIN INFORMACION DE BARRIOS,l10n_co_base_location.zip_co_527030
6102,SIN INFORMACION DE BARRIOS,l10n_co_base_location.zip_co_527037
6103,SIN INFORMACION DE BARRIOS,l10n_co_base_location.zip_co_527038
6104,SIN INFORMACION DE BARRIOS,l10n_co_base_location.zip_co_527039
6105,SIN INFORMACION DE BARRIOS,l10n_co_base_location.zip_co_527060
6106,SIN INFORMACION DE BARRIOS,l10n_co_base_location.zip_co_527067
6107,SIN INFORMACION DE BARRIOS,l10n_co_base_location.zip_co_527068
6108,SIN INFORMACION DE BARRIOS,l10n_co_base_location.zip_co_527501
6109,SIN INFORMACION DE BARRIOS,l10n_co_base_location.zip_co_527507
6110,SIN INFORMACION DE BARRIOS,l10n_co_base_location.zip_co_527508
6111,SIN INFORMACION DE BARRIOS,l10n_co_base_location.zip_co_527520
6112,SIN INFORMACION DE BARRIOS,l10n_co_base_location.zip_co_527527
6113,SIN INFORMACION DE BARRIOS,l10n_co_base_location.zip_co_527528
6114,SIN INFORMACION DE BARRIOS,l10n_co_base_location.zip_co_527529
6115,SIN INFORMACION DE BARRIOS,l10n_co_base_location.zip_co_527537
6116,SIN INFORMACION DE BARRIOS,l10n_co_base_location.zip_co_527540
6117,SIN INFORMACION DE BARRIOS,l10n_co_base_location.zip_co_527547
6118,SIN INFORMACION DE BARRIOS,l10n_co_base_location.zip_co_527548
6119,SIN INFORMACION DE BARRIOS,l10n_co_base_location.zip_co_527560
6120,SIN INFORMACION DE BARRIOS,l10n_co_base_location.zip_co_527567
6121,SIN INFORMACION DE BARRIOS,l10n_co_base_location.zip_co_527568
6122,SIN INFORMACION DE BARRIOS,l10n_co_base_location.zip_co_527569
6123,SIN INFORMACION DE BARRIOS,l10n_co_base_location.zip_co_527580
6124,SIN INFORMACION DE BARRIOS,l10n_co_base_location.zip_co_527587
6125,SIN INFORMACION DE BARRIOS,l10n_co_base_location.zip_co_527588
6126,SIN INFORMACION DE BARRIOS,l10n_co_base_location.zip_co_527589
6127,SIN INFORMACION DE BARRIOS,l10n_co_base_location.zip_co_528001
6128,SIN INFORMACION DE BARRIOS,l10n_co_base_location.zip_co_528007
6129,SIN INFORMACION DE BARRIOS,l10n_co_base_location.zip_co_528008
6130,SIN INFORMACION DE BARRIOS,l10n_co_base_location.zip_co_528009
6131,SIN INFORMACION DE BARRIOS,l10n_co_base_location.zip_co_528017
6132,SIN INFORMACION DE BARRIOS,l10n_co_base_location.zip_co_528030
6133,SIN INFORMACION DE BARRIOS,l10n_co_base_location.zip_co_528037
6134,SIN INFORMACION DE BARRIOS,l10n_co_base_location.zip_co_528038
6135,SIN INFORMACION DE BARRIOS,l10n_co_base_location.zip_co_528039
6136,SIN INFORMACION DE BARRIOS,l10n_co_base_location.zip_co_528047
6137,SIN INFORMACION DE BARRIOS,l10n_co_base_location.zip_co_528060
6138,SIN INFORMACION DE BARRIOS,l10n_co_base_location.zip_co_528067
6139,SIN INFORMACION DE BARRIOS,l10n_co_base_location.zip_co_528068
6140,SIN INFORMACION DE BARRIOS,l10n_co_base_location.zip_co_528069
6141,SIN INFORMACION DE BARRIOS,l10n_co_base_location.zip_co_528077
6142,SIN INFORMACION DE BARRIOS,l10n_co_base_location.zip_co_528078
6143,SIN INFORMACION DE BARRIOS,l10n_co_base_location.zip_co_528501
6144,SIN INFORMACION DE BARRIOS,l10n_co_base_location.zip_co_528502
6145,SIN INFORMACION DE BARRIOS,l10n_co_base_location.zip_co_528503
6146,SIN INFORMACION DE BARRIOS,l10n_co_base_location.zip_co_528507
6147,SIN INFORMACION DE BARRIOS,l10n_co_base_location.zip_co_528508
6148,SIN INFORMACION DE BARRIOS,l10n_co_base_location.zip_co_528509
6149,SIN INFORMACION DE BARRIOS,l10n_co_base_location.zip_co_528517
6150,SIN INFORMACION DE BARRIOS,l10n_co_base_location.zip_co_528518
6151,SIN INFORMACION DE BARRIOS,l10n_co_base_location.zip_co_528519
6152,SIN INFORMACION DE BARRIOS,l10n_co_base_location.zip_co_528527
6153,SIN INFORMACION DE BARRIOS,l10n_co_base_location.zip_co_528528
6154,SIN INFORMACION DE BARRIOS,l10n_co_base_location.zip_co_528529
6155,SIN INFORMACION DE BARRIOS,l10n_co_base_location.zip_co_528537
6156,SIN INFORMACION DE BARRIOS,l10n_co_base_location.zip_co_528538
6157,SIN INFORMACION DE BARRIOS,l10n_co_base_location.zip_co_528539
6158,SIN INFORMACION DE BARRIOS,l10n_co_base_location.zip_co_528560
6159,SIN INFORMACION DE BARRIOS,l10n_co_base_location.zip_co_528567
6160,SIN INFORMACION DE BARRIOS,l10n_co_base_location.zip_co_528568
6161,AEROPUERTO,l10n_co_base_location.zip_co_540001
6162,ALCALÁ,l10n_co_base_location.zip_co_540001
6163,BRISAS DEL PORVENIR,l10n_co_base_location.zip_co_540001
6164,EL PORVENIR,l10n_co_base_location.zip_co_540001
6165,EL SALADO,l10n_co_base_location.zip_co_540001
6166,LA INSULA,l10n_co_base_location.zip_co_540001
6167,NIZA,l10n_co_base_location.zip_co_540001
6168,PANAMERICANO,l10n_co_base_location.zip_co_540001
6169,SANTA HELENA,l10n_co_base_location.zip_co_540001
6170,TASAJERO,l10n_co_base_location.zip_co_540001
6171,TOLEDO PLATA,l10n_co_base_location.zip_co_540001
6172,VIRGILIO BARCO,l10n_co_base_location.zip_co_540001
6173,BRISAS DEL AEROPUERTO,l10n_co_base_location.zip_co_540002
6174,BRISAS DEL NORTE,l10n_co_base_location.zip_co_540002
6175,BRISAS DEL PARAÍSO,l10n_co_base_location.zip_co_540002
6176,CARLOS GARCÍA LOZADA,l10n_co_base_location.zip_co_540002
6177,CARLOS PIZARRO,l10n_co_base_location.zip_co_540002
6178,CECILIA CASTRO,l10n_co_base_location.zip_co_540002
6179,CERRO DE LA CRUZ,l10n_co_base_location.zip_co_540002
6180,CERRO NORTE,l10n_co_base_location.zip_co_540002
6181,CHAPINERO,l10n_co_base_location.zip_co_540002
6182,COLINAS DE LA VICTORIA,l10n_co_base_location.zip_co_540002
6183,DIVINO NIÑO,l10n_co_base_location.zip_co_540002
6184,LAS AMÉRICAS,l10n_co_base_location.zip_co_540002
6185,LOS LAURELES,l10n_co_base_location.zip_co_540002
6186,MARÍA AUXILIADORA,l10n_co_base_location.zip_co_540002
6187,MARÍA PAZ,l10n_co_base_location.zip_co_540002
6188,RAF,l10n_co_base_location.zip_co_540002
6189,CEIBA 2,l10n_co_base_location.zip_co_540003
6190,CIUDAD JARDÍN,l10n_co_base_location.zip_co_540003
6191,COLSAG,l10n_co_base_location.zip_co_540003
6192,CONDADO DE CASTILLA,l10n_co_base_location.zip_co_540003
6193,EL BOSQUE,l10n_co_base_location.zip_co_540003
6194,GOVICA,l10n_co_base_location.zip_co_540003
6195,GRATAMIRA,l10n_co_base_location.zip_co_540003
6196,GUAIMARAL,l10n_co_base_location.zip_co_540003
6197,LA CAPILLANA,l10n_co_base_location.zip_co_540003
6198,LA CASTELLANA,l10n_co_base_location.zip_co_540003
6199,LA CEIBA,l10n_co_base_location.zip_co_540003
6200,LA MERCED,l10n_co_base_location.zip_co_540003
6201,LA RIVIERA,l10n_co_base_location.zip_co_540003
6202,LAS ALMEIDAS,l10n_co_base_location.zip_co_540003
6203,LLERAS RESTREPO,l10n_co_base_location.zip_co_540003
6204,LOS ACACIOS,l10n_co_base_location.zip_co_540003
6205,LOS PINOS,l10n_co_base_location.zip_co_540003
6206,MANOLO LEMUS,l10n_co_base_location.zip_co_540003
6207,PARAÍSO,l10n_co_base_location.zip_co_540003
6208,PARQUE DE LAS BRISAS,l10n_co_base_location.zip_co_540003
6209,13 DE MARZO,l10n_co_base_location.zip_co_540004
6210,BOCONO,l10n_co_base_location.zip_co_540004
6211,CAÑA FISTOLO,l10n_co_base_location.zip_co_540004
6212,EL HIGUERÓN,l10n_co_base_location.zip_co_540004
6213,HELIÓPOLIS,l10n_co_base_location.zip_co_540004
6214,LA ALAMEDA,l10n_co_base_location.zip_co_540004
6215,LA ISLA DE LA FANTASÍA,l10n_co_base_location.zip_co_540004
6216,LA QUINTA,l10n_co_base_location.zip_co_540004
6217,LA UNIÓN,l10n_co_base_location.zip_co_540004
6218,NUEBO ESCOBAL,l10n_co_base_location.zip_co_540004
6219,PAMPLONITA,l10n_co_base_location.zip_co_540004
6220,PRADOS DEL ESTE,l10n_co_base_location.zip_co_540004
6221,SANTA CLARA,l10n_co_base_location.zip_co_540004
6222,TERRANOVA,l10n_co_base_location.zip_co_540004
6223,URBANIZACIÓN SAN MARTÍN,l10n_co_base_location.zip_co_540004
6224,URBANIZACIÓN SAN MARTÍN 2,l10n_co_base_location.zip_co_540004
6225,VIEJO ESCOBAL,l10n_co_base_location.zip_co_540004
6226,VIL,l10n_co_base_location.zip_co_540004
6227,AGUAS CALIENTES,l10n_co_base_location.zip_co_540005
6228,ANIVERSARIO 1,l10n_co_base_location.zip_co_540005
6229,ANIVERSARIO 2,l10n_co_base_location.zip_co_540005
6230,BELLAVISTA,l10n_co_base_location.zip_co_540005
6231,BOGOTÁ,l10n_co_base_location.zip_co_540005
6232,EL LAGO,l10n_co_base_location.zip_co_540005
6233,LA CAROLINA,l10n_co_base_location.zip_co_540005
6234,LA LIBERTAD,l10n_co_base_location.zip_co_540005
6235,LA RINCONADA,l10n_co_base_location.zip_co_540005
6236,LAS MARGARITAS,l10n_co_base_location.zip_co_540005
6237,LUIS PÉREZ HERNÁNDEZ,l10n_co_base_location.zip_co_540005
6238,MORETTI,l10n_co_base_location.zip_co_540005
6239,POLICARPA,l10n_co_base_location.zip_co_540005
6240,SAN LUIS,l10n_co_base_location.zip_co_540005
6241,SAN MATEO,l10n_co_base_location.zip_co_540005
6242,SANTA ANA,l10n_co_base_location.zip_co_540005
6243,SANTA TERESITA,l10n_co_base_location.zip_co_540005
6244,TORCOROMA,l10n_co_base_location.zip_co_540005
6245,URBANIZACIÓN SAN JOSÉ,l10n_co_base_location.zip_co_540005
6246,ALFONSO LOPEZ,l10n_co_base_location.zip_co_540006
6247,BLANCO,l10n_co_base_location.zip_co_540006
6248,CAMILO TORRES,l10n_co_base_location.zip_co_540006
6249,CAOBOS,l10n_co_base_location.zip_co_540006
6250,CIRCUNVALACIÓN,l10n_co_base_location.zip_co_540006
6251,CUBEROS NIÑO,l10n_co_base_location.zip_co_540006
6252,EL CENTRO,l10n_co_base_location.zip_co_540006
6253,EL CONTENTO,l10n_co_base_location.zip_co_540006
6254,EL LLANO,l10n_co_base_location.zip_co_540006
6255,EL ROSAL,l10n_co_base_location.zip_co_540006
6256,LA CABRERA,l10n_co_base_location.zip_co_540006
6257,LA SEXTA,l10n_co_base_location.zip_co_540006
6258,LATINO,l10n_co_base_location.zip_co_540006
6259,LIBERTADORES,l10n_co_base_location.zip_co_540006
6260,PÁRAMO,l10n_co_base_location.zip_co_540006
6261,PUENTE BARCO,l10n_co_base_location.zip_co_540006
6262,QUINTA VÉLEZ,l10n_co_base_location.zip_co_540006
6263,SAN JOSÉ,l10n_co_base_location.zip_co_540006
6264,SAN RAFAEL,l10n_co_base_location.zip_co_540006
6265,SANTANDER,l10n_co_base_location.zip_co_540006
6266,SANTO DOMINGO,l10n_co_base_location.zip_co_540006
6267,SIN INFORMACION DE BARRIOS,l10n_co_base_location.zip_co_540007
6268,SIN INFORMACION DE BARRIOS,l10n_co_base_location.zip_co_540008
6269,28 DE FEBRERO,l10n_co_base_location.zip_co_540010
6270,BELÉN,l10n_co_base_location.zip_co_540010
6271,CALLEJÓN,l10n_co_base_location.zip_co_540010
6272,CARORA,l10n_co_base_location.zip_co_540010
6273,CUNDINAMARCA,l10n_co_base_location.zip_co_540010
6274,GALÁN,l10n_co_base_location.zip_co_540010
6275,LA MAGDALENA,l10n_co_base_location.zip_co_540010
6276,LA VICTORIA,l10n_co_base_location.zip_co_540010
6277,LOMA DE BOLÍVAR,l10n_co_base_location.zip_co_540010
6278,NUEVO,l10n_co_base_location.zip_co_540010
6279,PUEBLO NUEVO,l10n_co_base_location.zip_co_540010
6280,RUDESINO SOTO,l10n_co_base_location.zip_co_540010
6281,SAN MIGUEL,l10n_co_base_location.zip_co_540010
6282,7 DE AGOSTO,l10n_co_base_location.zip_co_540011
6283,ANTONIA SANTOS,l10n_co_base_location.zip_co_540011
6284,ATALAYA,l10n_co_base_location.zip_co_540011
6285,ATALAYA 2 ETAPA,l10n_co_base_location.zip_co_540011
6286,BELISARIO BETANCOUR,l10n_co_base_location.zip_co_540011
6287,CÚCUTA 75,l10n_co_base_location.zip_co_540011
6288,CARLOS RAMÍREZ PARÍS,l10n_co_base_location.zip_co_540011
6289,DOÑA NIDIA,l10n_co_base_location.zip_co_540011
6290,EL DESIERTO,l10n_co_base_location.zip_co_540011
6291,EL PROGRESO,l10n_co_base_location.zip_co_540011
6292,LOS ALMENDROS,l10n_co_base_location.zip_co_540011
6293,NIÑA CECI,l10n_co_base_location.zip_co_540011
6294,PALMERAS,l10n_co_base_location.zip_co_540011
6295,BUENOS AIRES,l10n_co_base_location.zip_co_540013
6296,CLARET,l10n_co_base_location.zip_co_540013
6297,COMUNEROS,l10n_co_base_location.zip_co_540013
6298,LA HERMITA,l10n_co_base_location.zip_co_540013
6299,LA LAGUNA,l10n_co_base_location.zip_co_540013
6300,MOTILONES,l10n_co_base_location.zip_co_540013
6301,OSPINA PÉREZ,l10n_co_base_location.zip_co_540013
6302,TUCUNARE,l10n_co_base_location.zip_co_540013
6303,SIN INFORMACION DE BARRIOS,l10n_co_base_location.zip_co_540017
6304,SIN INFORMACION DE BARRIOS,l10n_co_base_location.zip_co_540018
6305,SIN INFORMACION DE BARRIOS,l10n_co_base_location.zip_co_540019
6306,BARRIO TORCOROMA,l10n_co_base_location.zip_co_541010
6307,BARRIO LA SABANA,l10n_co_base_location.zip_co_541010
6308,BARRIO BONITO,l10n_co_base_location.zip_co_541010
6309,BARRIO DOCE DE OCTUBRE,l10n_co_base_location.zip_co_541010
6310,BARRIO EL MIRADOR,l10n_co_base_location.zip_co_541010
6311,BARRIO EL SOL,l10n_co_base_location.zip_co_541010
6312,BARRIO KILOMETRO 8,l10n_co_base_location.zip_co_541010
6313,BARRIO KILOMETRO 9,l10n_co_base_location.zip_co_541010
6314,BARRIO LA CORDIALIDAD,l10n_co_base_location.zip_co_541010
6315,BARRIO LA ESPERANZA,l10n_co_base_location.zip_co_541010
6316,BARRIO LA INVASION JUANA PAULA,l10n_co_base_location.zip_co_541010
6317,BARRIO LLANITOS,l10n_co_base_location.zip_co_541010
6318,BARRIO LOS C,l10n_co_base_location.zip_co_541010
6319,BARRIO BUGANVILES,l10n_co_base_location.zip_co_541017
6320,BARRIO LAS CUMBRES,l10n_co_base_location.zip_co_541017
6321,URB. VALLE DEL MIRADOR,l10n_co_base_location.zip_co_541017
6322,SIN INFORMACION DE BARRIOS,l10n_co_base_location.zip_co_541018
6323,SIN INFORMACION DE BARRIOS,l10n_co_base_location.zip_co_541030
6324,SIN INFORMACION DE BARRIOS,l10n_co_base_location.zip_co_541038
6325,SIN INFORMACION DE BARRIOS,l10n_co_base_location.zip_co_541050
6326,SIN INFORMACION DE BARRIOS,l10n_co_base_location.zip_co_541057
6327,SIN INFORMACION DE BARRIOS,l10n_co_base_location.zip_co_541070
6328,SIN INFORMACION DE BARRIOS,l10n_co_base_location.zip_co_541077
6329,SECTOR BALCONES,l10n_co_base_location.zip_co_542010
6330,SECTOR LOURDES,l10n_co_base_location.zip_co_542010
6331,SECTOR MARÍA AUXILIADORA,l10n_co_base_location.zip_co_542010
6332,SECTOR PABLO SEXTO,l10n_co_base_location.zip_co_542010
6333,SECTOR PERPETUO SOCORRO,l10n_co_base_location.zip_co_542010
6334,SECTOR SAN MARTÍN,l10n_co_base_location.zip_co_542010
6335,SIN INFORMACION DE BARRIOS,l10n_co_base_location.zip_co_542017
6336,SIN INFORMACION DE BARRIOS,l10n_co_base_location.zip_co_542018
6337,SIN INFORMACION DE BARRIOS,l10n_co_base_location.zip_co_542030
6338,SIN INFORMACION DE BARRIOS,l10n_co_base_location.zip_co_542037
6339,SIN INFORMACION DE BARRIOS,l10n_co_base_location.zip_co_542038
6340,SIN INFORMACION DE BARRIOS,l10n_co_base_location.zip_co_542050
6341,SIN INFORMACION DE BARRIOS,l10n_co_base_location.zip_co_542057
6342,SIN INFORMACION DE BARRIOS,l10n_co_base_location.zip_co_542058
6343,SIN INFORMACION DE BARRIOS,l10n_co_base_location.zip_co_543010
6344,SIN INFORMACION DE BARRIOS,l10n_co_base_location.zip_co_543017
6345,SIN INFORMACION DE BARRIOS,l10n_co_base_location.zip_co_543018
6346,SIN INFORMACION DE BARRIOS,l10n_co_base_location.zip_co_543030
6347,SIN INFORMACION DE BARRIOS,l10n_co_base_location.zip_co_543037
6348,SIN INFORMACION DE BARRIOS,l10n_co_base_location.zip_co_543038
6349,4 DE JULIO,l10n_co_base_location.zip_co_543050
6350,AFANADOR,l10n_co_base_location.zip_co_543050
6351,BRIGHTON,l10n_co_base_location.zip_co_543050
6352,CARIONGO,l10n_co_base_location.zip_co_543050
6353,CENTRO,l10n_co_base_location.zip_co_543050
6354,CHAPINERO,l10n_co_base_location.zip_co_543050
6355,CHICHIRA,l10n_co_base_location.zip_co_543050
6356,COTE LAMUS,l10n_co_base_location.zip_co_543050
6357,CRISTO REY PARTE ALTA,l10n_co_base_location.zip_co_543050
6358,CRISTO REY PARTE BAJA,l10n_co_base_location.zip_co_543050
6359,EL ARENAL,l10n_co_base_location.zip_co_543050
6360,EL BUQUE,l10n_co_base_location.zip_co_543050
6361,EL CAMELLÓN,l10n_co_base_location.zip_co_543050
6362,EL CARMEN,l10n_co_base_location.zip_co_543050
6363,EL GUAMO,l10n_co_base_location.zip_co_543050
6364,EL OLIVO,l10n_co_base_location.zip_co_543050
6365,EL PROGRESO,l10n_co_base_location.zip_co_543050
6366,GALÁN,l10n_co_base_location.zip_co_543050
6367,HUMILLADERO,l10n_co_base_location.zip_co_543050
6368,JUAN XXIII,l10n_co_base_location.zip_co_543050
6369,JURADO,l10n_co_base_location.zip_co_543050
6370,LA ESPER,l10n_co_base_location.zip_co_543050
6371,EL ZULIA,l10n_co_base_location.zip_co_543057
6372,SAN LUIS,l10n_co_base_location.zip_co_543057
6373,SIN INFORMACION DE BARRIOS,l10n_co_base_location.zip_co_543058
6374,BLANCO,l10n_co_base_location.zip_co_544010
6375,CALLE REAL,l10n_co_base_location.zip_co_544010
6376,EL CALVARIO,l10n_co_base_location.zip_co_544010
6377,EL CENTRO,l10n_co_base_location.zip_co_544010
6378,LA ESPERANZA,l10n_co_base_location.zip_co_544010
6379,LA PAZ,l10n_co_base_location.zip_co_544010
6380,SIN INFORMACION DE BARRIOS,l10n_co_base_location.zip_co_544017
6381,SIN INFORMACION DE BARRIOS,l10n_co_base_location.zip_co_544030
6382,SIN INFORMACION DE BARRIOS,l10n_co_base_location.zip_co_544037
6383,SIN INFORMACION DE BARRIOS,l10n_co_base_location.zip_co_544038
6384,BUENOS AIRES,l10n_co_base_location.zip_co_544050
6385,CALVARIO,l10n_co_base_location.zip_co_544050
6386,EL CENTRO,l10n_co_base_location.zip_co_544050
6387,GUANE,l10n_co_base_location.zip_co_544050
6388,LA CANDELARIA,l10n_co_base_location.zip_co_544050
6389,LA MILAGROSA,l10n_co_base_location.zip_co_544050
6390,LOS ANDES,l10n_co_base_location.zip_co_544050
6391,PORTAL DE LA PRADERA,l10n_co_base_location.zip_co_544050
6392,SANTO DOMINGO,l10n_co_base_location.zip_co_544050
6393,SIN INFORMACION DE BARRIOS,l10n_co_base_location.zip_co_544057
6394,SIN INFORMACION DE BARRIOS,l10n_co_base_location.zip_co_544058
6395,SIN INFORMACION DE BARRIOS,l10n_co_base_location.zip_co_544070
6396,SIN INFORMACION DE BARRIOS,l10n_co_base_location.zip_co_544077
6397,CALLE CÓRDOBA,l10n_co_base_location.zip_co_544510
6398,EL CENTRO,l10n_co_base_location.zip_co_544510
6399,LA ESPERANZA,l10n_co_base_location.zip_co_544510
6400,LA LOMA DE LA CRUZ,l10n_co_base_location.zip_co_544510
6401,LA PALMA,l10n_co_base_location.zip_co_544510
6402,LA TROJA,l10n_co_base_location.zip_co_544510
6403,LAS ESCALINATAS,l10n_co_base_location.zip_co_544510
6404,SAN MARINO,l10n_co_base_location.zip_co_544510
6405,SAN MIGUEL,l10n_co_base_location.zip_co_544510
6406,SIN INFORMACION DE BARRIOS,l10n_co_base_location.zip_co_544517
6407,SIN INFORMACION DE BARRIOS,l10n_co_base_location.zip_co_544520
6408,SIN INFORMACION DE BARRIOS,l10n_co_base_location.zip_co_544527
6409,SIN INFORMACION DE BARRIOS,l10n_co_base_location.zip_co_544528
6410,SIN INFORMACION DE BARRIOS,l10n_co_base_location.zip_co_544529
6411,SIN INFORMACION DE BARRIOS,l10n_co_base_location.zip_co_544550
6412,SIN INFORMACION DE BARRIOS,l10n_co_base_location.zip_co_544557
6413,SIN INFORMACION DE BARRIOS,l10n_co_base_location.zip_co_544558
6414,SIN INFORMACION DE BARRIOS,l10n_co_base_location.zip_co_544570
6415,SIN INFORMACION DE BARRIOS,l10n_co_base_location.zip_co_544577
6416,SIN INFORMACION DE BARRIOS,l10n_co_base_location.zip_co_544578
6417,SIN INFORMACION DE BARRIOS,l10n_co_base_location.zip_co_545010
6418,SIN INFORMACION DE BARRIOS,l10n_co_base_location.zip_co_545017
6419,SIN INFORMACION DE BARRIOS,l10n_co_base_location.zip_co_545030
6420,SIN INFORMACION DE BARRIOS,l10n_co_base_location.zip_co_545037
6421,SIN INFORMACION DE BARRIOS,l10n_co_base_location.zip_co_545050
6422,SIN INFORMACION DE BARRIOS,l10n_co_base_location.zip_co_545057
6423,ANTONIO SILVA,l10n_co_base_location.zip_co_545070
6424,CENTRO,l10n_co_base_location.zip_co_545070
6425,DARDANELOS,l10n_co_base_location.zip_co_545070
6426,DIVINO NIÑO,l10n_co_base_location.zip_co_545070
6427,EL ROSIO,l10n_co_base_location.zip_co_545070
6428,JOSÉ ROSARIO DUARTE,l10n_co_base_location.zip_co_545070
6429,LA LOMA,l10n_co_base_location.zip_co_545070
6430,LA PALMA,l10n_co_base_location.zip_co_545070
6431,SIN INFORMACION DE BARRIOS,l10n_co_base_location.zip_co_545077
6432,ALFONSO LOPEZ,l10n_co_base_location.zip_co_545510
6433,EL CENTRO,l10n_co_base_location.zip_co_545510
6434,EL TRIUNFO,l10n_co_base_location.zip_co_545510
6435,FRANCISCO DE PAULA SANTANDER,l10n_co_base_location.zip_co_545510
6436,LA ALEJANDRA,l10n_co_base_location.zip_co_545510
6437,LA AYALA,l10n_co_base_location.zip_co_545510
6438,PUEBLO NUEVO,l10n_co_base_location.zip_co_545510
6439,SIN INFORMACION DE BARRIOS,l10n_co_base_location.zip_co_545517
6440,SIN INFORMACION DE BARRIOS,l10n_co_base_location.zip_co_545518
6441,SIN INFORMACION DE BARRIOS,l10n_co_base_location.zip_co_545530
6442,SIN INFORMACION DE BARRIOS,l10n_co_base_location.zip_co_545537
6443,SIN INFORMACION DE BARRIOS,l10n_co_base_location.zip_co_545538
6444,SIN INFORMACION DE BARRIOS,l10n_co_base_location.zip_co_545539
6445,BETANIA,l10n_co_base_location.zip_co_545550
6446,EL CÓRDOBA,l10n_co_base_location.zip_co_545550
6447,EL CENTRO,l10n_co_base_location.zip_co_545550
6448,EL PALOMAR,l10n_co_base_location.zip_co_545550
6449,SIN INFORMACION DE BARRIOS,l10n_co_base_location.zip_co_545557
6450,SIN INFORMACION DE BARRIOS,l10n_co_base_location.zip_co_545558
6451,SIN INFORMACION DE BARRIOS,l10n_co_base_location.zip_co_546010
6452,SIN INFORMACION DE BARRIOS,l10n_co_base_location.zip_co_546017
6453,SIN INFORMACION DE BARRIOS,l10n_co_base_location.zip_co_546030
6454,SIN INFORMACION DE BARRIOS,l10n_co_base_location.zip_co_546037
6455,SIN INFORMACION DE BARRIOS,l10n_co_base_location.zip_co_546038
6456,SIN INFORMACION DE BARRIOS,l10n_co_base_location.zip_co_546050
6457,SIN INFORMACION DE BARRIOS,l10n_co_base_location.zip_co_546057
6458,SIN INFORMACION DE BARRIOS,l10n_co_base_location.zip_co_546058
6459,SIN INFORMACION DE BARRIOS,l10n_co_base_location.zip_co_546070
6460,SIN INFORMACION DE BARRIOS,l10n_co_base_location.zip_co_546077
6461,SIN INFORMACION DE BARRIOS,l10n_co_base_location.zip_co_546078
6462,SIN INFORMACION DE BARRIOS,l10n_co_base_location.zip_co_546079
6463,SIN INFORMACION DE BARRIOS,l10n_co_base_location.zip_co_546510
6464,SIN INFORMACION DE BARRIOS,l10n_co_base_location.zip_co_546517
6465,SIN INFORMACION DE BARRIOS,l10n_co_base_location.zip_co_546530
6466,SIN INFORMACION DE BARRIOS,l10n_co_base_location.zip_co_546537
6467,SIN INFORMACION DE BARRIOS,l10n_co_base_location.zip_co_546551
6468,SIN INFORMACION DE BARRIOS,l10n_co_base_location.zip_co_546552
6469,SIN INFORMACION DE BARRIOS,l10n_co_base_location.zip_co_546557
6470,SIN INFORMACION DE BARRIOS,l10n_co_base_location.zip_co_546558
6471,SIN INFORMACION DE BARRIOS,l10n_co_base_location.zip_co_546559
6472,SIN INFORMACION DE BARRIOS,l10n_co_base_location.zip_co_547010
6473,SIN INFORMACION DE BARRIOS,l10n_co_base_location.zip_co_547017
6474,SIN INFORMACION DE BARRIOS,l10n_co_base_location.zip_co_547018
6475,SIN INFORMACION DE BARRIOS,l10n_co_base_location.zip_co_547030
6476,SIN INFORMACION DE BARRIOS,l10n_co_base_location.zip_co_547037
6477,SIN INFORMACION DE BARRIOS,l10n_co_base_location.zip_co_547038
6478,SIN INFORMACION DE BARRIOS,l10n_co_base_location.zip_co_547039
6479,SIN INFORMACION DE BARRIOS,l10n_co_base_location.zip_co_547050
6480,SIN INFORMACION DE BARRIOS,l10n_co_base_location.zip_co_547057
6481,SIN INFORMACION DE BARRIOS,l10n_co_base_location.zip_co_547058
6482,SIN INFORMACION DE BARRIOS,l10n_co_base_location.zip_co_547059
6483,SIN INFORMACION DE BARRIOS,l10n_co_base_location.zip_co_547070
6484,SIN INFORMACION DE BARRIOS,l10n_co_base_location.zip_co_547077
6485,SIN INFORMACION DE BARRIOS,l10n_co_base_location.zip_co_547078
6486,SIN INFORMACION DE BARRIOS,l10n_co_base_location.zip_co_547079
6487,SIN INFORMACION DE BARRIOS,l10n_co_base_location.zip_co_548010
6488,SIN INFORMACION DE BARRIOS,l10n_co_base_location.zip_co_548017
6489,SIN INFORMACION DE BARRIOS,l10n_co_base_location.zip_co_548018
6490,SIN INFORMACION DE BARRIOS,l10n_co_base_location.zip_co_548030
6491,SIN INFORMACION DE BARRIOS,l10n_co_base_location.zip_co_548037
6492,SIN INFORMACION DE BARRIOS,l10n_co_base_location.zip_co_548050
6493,SIN INFORMACION DE BARRIOS,l10n_co_base_location.zip_co_548057
6494,SIN INFORMACION DE BARRIOS,l10n_co_base_location.zip_co_548058
6495,14 DE OCTUBRE,l10n_co_base_location.zip_co_630001
6496,19 DE ENERO,l10n_co_base_location.zip_co_630001
6497,8 DE MARZO,l10n_co_base_location.zip_co_630001
6498,ALCAZAR DEL CAFÉ,l10n_co_base_location.zip_co_630001
6499,ANTONIO NARIÑO,l10n_co_base_location.zip_co_630001
6500,ARENALES,l10n_co_base_location.zip_co_630001
6501,ARRAYANES,l10n_co_base_location.zip_co_630001
6502,BAMBUSA,l10n_co_base_location.zip_co_630001
6503,BOSQUES DE GIBRALTAR,l10n_co_base_location.zip_co_630001
6504,BOSQUES DE PINARES,l10n_co_base_location.zip_co_630001
6505,BOYACÁ,l10n_co_base_location.zip_co_630001
6506,BRASILIA,l10n_co_base_location.zip_co_630001
6507,BRASILIA NUEVA,l10n_co_base_location.zip_co_630001
6508,CAÑAS GORDAS,l10n_co_base_location.zip_co_630001
6509,CALIMA,l10n_co_base_location.zip_co_630001
6510,CASTILLA GRANDE,l10n_co_base_location.zip_co_630001
6511,CIUDADELA SIMÓN BOLÍVAR,l10n_co_base_location.zip_co_630001
6512,CONJUNTO BA,l10n_co_base_location.zip_co_630001
6513,1 DE MAYO,l10n_co_base_location.zip_co_630002
6514,25 DE MAYO,l10n_co_base_location.zip_co_630002
6515,7 DE AGOSTO,l10n_co_base_location.zip_co_630002
6516,ALFONSO LOPEZ,l10n_co_base_location.zip_co_630002
6517,ARCADES,l10n_co_base_location.zip_co_630002
6518,ARCO IRIS,l10n_co_base_location.zip_co_630002
6519,ARTESANOS,l10n_co_base_location.zip_co_630002
6520,BELENCITO,l10n_co_base_location.zip_co_630002
6521,BELÉN,l10n_co_base_location.zip_co_630002
6522,BERLÍN,l10n_co_base_location.zip_co_630002
6523,BOSQUE DE VIENA,l10n_co_base_location.zip_co_630002
6524,CINCUENTENARIO,l10n_co_base_location.zip_co_630002
6525,CIUDAD DORADA,l10n_co_base_location.zip_co_630002
6526,CIUDADELA DEL SOL,l10n_co_base_location.zip_co_630002
6527,CONJUNTO RESIDENCIAL SINAÍ,l10n_co_base_location.zip_co_630002
6528,COOPERATIVO,l10n_co_base_location.zip_co_630002
6529,EL PLACER,l10n_co_base_location.zip_co_630002
6530,EL PRADO,l10n_co_base_location.zip_co_630002
6531,EL RECREO,l10n_co_base_location.zip_co_630002
6532,EL REFU,l10n_co_base_location.zip_co_630002
6533,AHITAMARA,l10n_co_base_location.zip_co_630003
6534,ALAMOS,l10n_co_base_location.zip_co_630003
6535,AMÉRICAS,l10n_co_base_location.zip_co_630003
6536,BAJO NIÁGARA,l10n_co_base_location.zip_co_630003
6537,CARBONES,l10n_co_base_location.zip_co_630003
6538,CAROLINA I,l10n_co_base_location.zip_co_630003
6539,CIUDADELA SORRENTO,l10n_co_base_location.zip_co_630003
6540,CONJUNTO RESIDENCIAL LOS GUAYACANES,l10n_co_base_location.zip_co_630003
6541,CONJUNTO RESIDENCIAL PALMAS DEL MODELO,l10n_co_base_location.zip_co_630003
6542,CORAZÓN DE JESÚS,l10n_co_base_location.zip_co_630003
6543,EL LIMONAR,l10n_co_base_location.zip_co_630003
6544,EL PARAÍSO,l10n_co_base_location.zip_co_630003
6545,EL REMANSO,l10n_co_base_location.zip_co_630003
6546,FRANCISCO JOSÉ DE CALDAS,l10n_co_base_location.zip_co_630003
6547,GRAN BRETAÑA,l10n_co_base_location.zip_co_630003
6548,ABADÍA,l10n_co_base_location.zip_co_630004
6549,ALCAZAR,l10n_co_base_location.zip_co_630004
6550,ALEJANDRÍA,l10n_co_base_location.zip_co_630004
6551,ASENTAMIENTO LOS FUNDADORES,l10n_co_base_location.zip_co_630004
6552,BAVARIA,l10n_co_base_location.zip_co_630004
6553,BOSQUES DE PALERMO,l10n_co_base_location.zip_co_630004
6554,BOSQUES DE SAN MARTÍN,l10n_co_base_location.zip_co_630004
6555,BOSQUES DE VIENA,l10n_co_base_location.zip_co_630004
6556,BUENOS AIRES ALTO,l10n_co_base_location.zip_co_630004
6557,CAFETERO,l10n_co_base_location.zip_co_630004
6558,CAMINOS DE CALAY,l10n_co_base_location.zip_co_630004
6559,CASALOMA,l10n_co_base_location.zip_co_630004
6560,CENTRO OCCIDENTAL,l10n_co_base_location.zip_co_630004
6561,CIUDADELA QUIMBAYA,l10n_co_base_location.zip_co_630004
6562,COINCA,l10n_co_base_location.zip_co_630004
6563,CONDOMINIO TORRES DEL R,l10n_co_base_location.zip_co_630004
6564,SIN INFORMACION DE BARRIOS,l10n_co_base_location.zip_co_630007
6565,SIN INFORMACION DE BARRIOS,l10n_co_base_location.zip_co_630008
6566,SIN INFORMACION DE BARRIOS,l10n_co_base_location.zip_co_631001
6567,SIN INFORMACION DE BARRIOS,l10n_co_base_location.zip_co_631007
6568,SIN INFORMACION DE BARRIOS,l10n_co_base_location.zip_co_631008
6569,SIN INFORMACION DE BARRIOS,l10n_co_base_location.zip_co_631020
6570,SIN INFORMACION DE BARRIOS,l10n_co_base_location.zip_co_631027
6571,URBANIZACI¾N EL PALMAR,l10n_co_base_location.zip_co_631028
6572,20 DE JULIO,l10n_co_base_location.zip_co_632001
6573,21 DE MAYO,l10n_co_base_location.zip_co_632001
6574,ALTO EL RÍO,l10n_co_base_location.zip_co_632001
6575,ANTONIA SANTOS,l10n_co_base_location.zip_co_632001
6576,ANTONIO NARIÑO,l10n_co_base_location.zip_co_632001
6577,BALCONES,l10n_co_base_location.zip_co_632001
6578,BALCONES DE LA VILLA,l10n_co_base_location.zip_co_632001
6579,BERLÍN,l10n_co_base_location.zip_co_632001
6580,CALDAS,l10n_co_base_location.zip_co_632001
6581,CAMELIAS,l10n_co_base_location.zip_co_632001
6582,CENTRO,l10n_co_base_location.zip_co_632001
6583,CHAMBRANAS,l10n_co_base_location.zip_co_632001
6584,COLÓN,l10n_co_base_location.zip_co_632001
6585,CONJUNTO RESIDENCIAL BIOMA,l10n_co_base_location.zip_co_632001
6586,EL CACIQUE,l10n_co_base_location.zip_co_632001
6587,EL LAGUITO,l10n_co_base_location.zip_co_632001
6588,EL MANANTIAL,l10n_co_base_location.zip_co_632001
6589,EL PESCADOR,l10n_co_base_location.zip_co_632001
6590,EL PINAR,l10n_co_base_location.zip_co_632001
6591,EL PORVENIR,l10n_co_base_location.zip_co_632001
6592,LADRILLERAS,l10n_co_base_location.zip_co_632007
6593,LOS TANQUES,l10n_co_base_location.zip_co_632007
6594,SIN INFORMACION DE BARRIOS,l10n_co_base_location.zip_co_632008
6595,SIN INFORMACION DE BARRIOS,l10n_co_base_location.zip_co_632020
6596,SIN INFORMACION DE BARRIOS,l10n_co_base_location.zip_co_632027
6597,SIN INFORMACION DE BARRIOS,l10n_co_base_location.zip_co_632040
6598,SIN INFORMACION DE BARRIOS,l10n_co_base_location.zip_co_632047
6599,SIN INFORMACION DE BARRIOS,l10n_co_base_location.zip_co_632060
6600,SIN INFORMACION DE BARRIOS,l10n_co_base_location.zip_co_632067
6601,SIN INFORMACION DE BARRIOS,l10n_co_base_location.zip_co_632080
6602,SIN INFORMACION DE BARRIOS,l10n_co_base_location.zip_co_632087
6603,ALFONSO LOPEZ,l10n_co_base_location.zip_co_633001
6604,BALASTRETAR,l10n_co_base_location.zip_co_633001
6605,BARRIOS UNIDOS,l10n_co_base_location.zip_co_633001
6606,BUENA VISTA,l10n_co_base_location.zip_co_633001
6607,BUENOS AIRES,l10n_co_base_location.zip_co_633001
6608,CACIQUE,l10n_co_base_location.zip_co_633001
6609,CAICEDONIA,l10n_co_base_location.zip_co_633001
6610,CALDAS,l10n_co_base_location.zip_co_633001
6611,CENTENARIO,l10n_co_base_location.zip_co_633001
6612,CENTRO,l10n_co_base_location.zip_co_633001
6613,CHICA,l10n_co_base_location.zip_co_633001
6614,CINCUENTENARIO,l10n_co_base_location.zip_co_633001
6615,CIUDAD ALEGRÍA,l10n_co_base_location.zip_co_633001
6616,COLÓN,l10n_co_base_location.zip_co_633001
6617,COMPARTIR,l10n_co_base_location.zip_co_633001
6618,COMUNEROS,l10n_co_base_location.zip_co_633001
6619,CORRALES,l10n_co_base_location.zip_co_633001
6620,EL CARMEN,l10n_co_base_location.zip_co_633001
6621,ESMERALDA,l10n_co_base_location.zip_co_633001
6622,GAITÁN,l10n_co_base_location.zip_co_633001
6623,GORETTI,l10n_co_base_location.zip_co_633001
6624,LA AVANZADA,l10n_co_base_location.zip_co_633001
6625,LA GR,l10n_co_base_location.zip_co_633001
6626,ALDEA SUIZA,l10n_co_base_location.zip_co_633007
6627,VILLA MARLEN,l10n_co_base_location.zip_co_633007
6628,SIN INFORMACION DE BARRIOS,l10n_co_base_location.zip_co_633008
6629,SIN INFORMACION DE BARRIOS,l10n_co_base_location.zip_co_633020
6630,SIN INFORMACION DE BARRIOS,l10n_co_base_location.zip_co_633027
6631,SIN INFORMACION DE BARRIOS,l10n_co_base_location.zip_co_634001
6632,SIN INFORMACION DE BARRIOS,l10n_co_base_location.zip_co_634007
6633,SIN INFORMACION DE BARRIOS,l10n_co_base_location.zip_co_634008
6634,10 DE OCTUBRE,l10n_co_base_location.zip_co_634020
6635,AGUA LINDA,l10n_co_base_location.zip_co_634020
6636,ANMUCIC,l10n_co_base_location.zip_co_634020
6637,APUQUÍN,l10n_co_base_location.zip_co_634020
6638,BUENAVISTA,l10n_co_base_location.zip_co_634020
6639,BUENOS AIRES,l10n_co_base_location.zip_co_634020
6640,CACIQUE,l10n_co_base_location.zip_co_634020
6641,CENTRO,l10n_co_base_location.zip_co_634020
6642,CEREZOS,l10n_co_base_location.zip_co_634020
6643,CINCUENTENARIO,l10n_co_base_location.zip_co_634020
6644,CIUDAD EL SUEÑO,l10n_co_base_location.zip_co_634020
6645,CLEMENTINA,l10n_co_base_location.zip_co_634020
6646,COINTE VI,l10n_co_base_location.zip_co_634020
6647,ELVIRA,l10n_co_base_location.zip_co_634020
6648,ESPERANZA,l10n_co_base_location.zip_co_634020
6649,FUNDADORES,l10n_co_base_location.zip_co_634020
6650,GAITÁN,l10n_co_base_location.zip_co_634020
6651,GONZÁLES,l10n_co_base_location.zip_co_634020
6652,GRISALES,l10n_co_base_location.zip_co_634020
6653,GUALANDAY,l10n_co_base_location.zip_co_634020
6654,JOSÉ ILARIO,l10n_co_base_location.zip_co_634020
6655,LAS DIEZ CASAS,l10n_co_base_location.zip_co_634020
6656,LAU,l10n_co_base_location.zip_co_634020
6657,EL GOLFO,l10n_co_base_location.zip_co_634027
6658,LA ISABELA,l10n_co_base_location.zip_co_634027
6659,30 DE AGOSTO II,l10n_co_base_location.zip_co_660001
6660,ALAHAMBRA,l10n_co_base_location.zip_co_660001
6661,ALAMO DEL CAFÉ SECTOR E,l10n_co_base_location.zip_co_660001
6662,ALFA,l10n_co_base_location.zip_co_660001
6663,ALTO DE BELMONTE,l10n_co_base_location.zip_co_660001
6664,ALTO DE LOS ÁNGELES,l10n_co_base_location.zip_co_660001
6665,ALTOS DE BELMONTE,l10n_co_base_location.zip_co_660001
6666,ALTOS DE LLANO GRANDE,l10n_co_base_location.zip_co_660001
6667,ALTOS DE LLANO GRANDE II,l10n_co_base_location.zip_co_660001
6668,BATALLÓN SAN MATEO,l10n_co_base_location.zip_co_660001
6669,BELMONTE,l10n_co_base_location.zip_co_660001
6670,BELMONTE EL CAMPÍN,l10n_co_base_location.zip_co_660001
6671,BLOQUES VILLA ALICIA,l10n_co_base_location.zip_co_660001
6672,BOSQUES DE CANTAB,l10n_co_base_location.zip_co_660001
6673,1 DE MAYO,l10n_co_base_location.zip_co_660002
6674,30 DE AGOSTO,l10n_co_base_location.zip_co_660002
6675,30 DE AGOSTO I,l10n_co_base_location.zip_co_660002
6676,ALCÁZARES,l10n_co_base_location.zip_co_660002
6677,BAVARIA,l10n_co_base_location.zip_co_660002
6678,BAYRON GAVIRIA,l10n_co_base_location.zip_co_660002
6679,BUENOS AIRES,l10n_co_base_location.zip_co_660002
6680,CAÑARTE,l10n_co_base_location.zip_co_660002
6681,CONSTRUCTORES,l10n_co_base_location.zip_co_660002
6682,EL PRADO,l10n_co_base_location.zip_co_660002
6683,EL PROGRESO,l10n_co_base_location.zip_co_660002
6684,GALERÍA CENTRAL,l10n_co_base_location.zip_co_660002
6685,GALÁN,l10n_co_base_location.zip_co_660002
6686,GETSEMANÍ,l10n_co_base_location.zip_co_660002
6687,GIRASOLES,l10n_co_base_location.zip_co_660002
6688,GUALANDAY,l10n_co_base_location.zip_co_660002
6689,JOSÉ MARTI,l10n_co_base_location.zip_co_660002
6690,LA CAMPIÑA,l10n_co_base_location.zip_co_660002
6691,LA ESPERANZA,l10n_co_base_location.zip_co_660002
6692,LA PALMERA,l10n_co_base_location.zip_co_660002
6693,LA PAZ,l10n_co_base_location.zip_co_660002
6694,LA,l10n_co_base_location.zip_co_660002
6695,20 DE JULIO,l10n_co_base_location.zip_co_660003
6696,ACUEDUCTO,l10n_co_base_location.zip_co_660003
6697,ALFONSO LOPEZ,l10n_co_base_location.zip_co_660003
6698,ALTOS DE CANAÁN,l10n_co_base_location.zip_co_660003
6699,ANTONIO NARIÑO,l10n_co_base_location.zip_co_660003
6700,ARBOLEDA DEL RÍO,l10n_co_base_location.zip_co_660003
6701,BELLA VISTA,l10n_co_base_location.zip_co_660003
6702,BERLÍN,l10n_co_base_location.zip_co_660003
6703,BRISAS DEL OTÚN,l10n_co_base_location.zip_co_660003
6704,CAMINOS DE CANAAN,l10n_co_base_location.zip_co_660003
6705,CANAAN CONJUNTO RESIDENCIAL,l10n_co_base_location.zip_co_660003
6706,CASTAÑO ROBLEDO,l10n_co_base_location.zip_co_660003
6707,CHICÓ RESTREPO,l10n_co_base_location.zip_co_660003
6708,COMFAMILIAR,l10n_co_base_location.zip_co_660003
6709,CONJUNTO RESIDENCIAL CURACAVI,l10n_co_base_location.zip_co_660003
6710,CO,l10n_co_base_location.zip_co_660003
6711,ALCAZAR DE MARAYA,l10n_co_base_location.zip_co_660004
6712,ALTOS DE TANAMBI,l10n_co_base_location.zip_co_660004
6713,BALCONES VILLA DEL PRADO,l10n_co_base_location.zip_co_660004
6714,BARAJAS CENTRAL,l10n_co_base_location.zip_co_660004
6715,BARAJAS I,l10n_co_base_location.zip_co_660004
6716,BARAJAS II,l10n_co_base_location.zip_co_660004
6717,BELALCÁZAR,l10n_co_base_location.zip_co_660004
6718,BLOQUES CIUDAD PEREIRA,l10n_co_base_location.zip_co_660004
6719,BOSQUE DE LA SALLE,l10n_co_base_location.zip_co_660004
6720,BOSTON,l10n_co_base_location.zip_co_660004
6721,BRASILIA,l10n_co_base_location.zip_co_660004
6722,BRISAS DE LAS AMÉRICAS,l10n_co_base_location.zip_co_660004
6723,CACHIPAY,l10n_co_base_location.zip_co_660004
6724,CAMINOS DE MARAYA,l10n_co_base_location.zip_co_660004
6725,CASAS TULCÁN,l10n_co_base_location.zip_co_660004
6726,CENTENARIO,l10n_co_base_location.zip_co_660004
6727,5 DE OCTUBRE,l10n_co_base_location.zip_co_660005
6728,AGUAS CLARAS,l10n_co_base_location.zip_co_660005
6729,ALAMEDA,l10n_co_base_location.zip_co_660005
6730,ALTO DE PANORAMA,l10n_co_base_location.zip_co_660005
6731,BELLA SARDY,l10n_co_base_location.zip_co_660005
6732,BRISAS DEL CONSOTA,l10n_co_base_location.zip_co_660005
6733,CORTÉS,l10n_co_base_location.zip_co_660005
6734,CRUCEROS,l10n_co_base_location.zip_co_660005
6735,CUBA,l10n_co_base_location.zip_co_660005
6736,EL DORADO I,l10n_co_base_location.zip_co_660005
6737,EL DORADO II,l10n_co_base_location.zip_co_660005
6738,EL FUTURO,l10n_co_base_location.zip_co_660005
6739,GUADALUPE,l10n_co_base_location.zip_co_660005
6740,JOSÉ DE SUCRE,l10n_co_base_location.zip_co_660005
6741,LA ACUARELA,l10n_co_base_location.zip_co_660005
6742,LA DIVISA,l10n_co_base_location.zip_co_660005
6743,LA FLORESTA,l10n_co_base_location.zip_co_660005
6744,LA IDALIA,l10n_co_base_location.zip_co_660005
6745,LA INDEPENDENCIA,l10n_co_base_location.zip_co_660005
6746,LA INDEPENDEN,l10n_co_base_location.zip_co_660005
6747,442,l10n_co_base_location.zip_co_660006
6748,ALEJANDRÍA,l10n_co_base_location.zip_co_660006
6749,BELLO HORIZONTE,l10n_co_base_location.zip_co_660006
6750,BYRON GAVIRIA,l10n_co_base_location.zip_co_660006
6751,CAMPO ALEGRE,l10n_co_base_location.zip_co_660006
6752,CARLOS BENAVIDES,l10n_co_base_location.zip_co_660006
6753,CIUDADELA COMFAMILIAR,l10n_co_base_location.zip_co_660006
6754,CODELMAR I,l10n_co_base_location.zip_co_660006
6755,CODELMAR II,l10n_co_base_location.zip_co_660006
6756,CODELMAR III,l10n_co_base_location.zip_co_660006
6757,CODELMAR IV,l10n_co_base_location.zip_co_660006
6758,CONSOTA,l10n_co_base_location.zip_co_660006
6759,CUCHILLA DE CASTRO,l10n_co_base_location.zip_co_660006
6760,DEPARTAMENTO,l10n_co_base_location.zip_co_660006
6761,EBENZER,l10n_co_base_location.zip_co_660006
6762,EL ACUARIO,l10n_co_base_location.zip_co_660006
6763,EL BOSQUE 2500 LOTES,l10n_co_base_location.zip_co_660006
6764,EL CARDAL,l10n_co_base_location.zip_co_660006
6765,EL,l10n_co_base_location.zip_co_660006
6766,SIN INFORMACION DE BARRIOS,l10n_co_base_location.zip_co_660007
6767,BAJO BELMONTE,l10n_co_base_location.zip_co_660008
6768,NUEVO SOL,l10n_co_base_location.zip_co_660008
6769,SANTA JUANA DE LAS VILLAS,l10n_co_base_location.zip_co_660008
6770,ALTO ROCÍO,l10n_co_base_location.zip_co_660009
6771,HACIENDA LA CUBA,l10n_co_base_location.zip_co_660009
6772,HERIBERTO HERRERA,l10n_co_base_location.zip_co_660009
6773,MIRADOR DE NARANJITO,l10n_co_base_location.zip_co_660009
6774,MIRAFLORES,l10n_co_base_location.zip_co_660009
6775,ALTOS DEL OTÚN,l10n_co_base_location.zip_co_660017
6776,GAITÁN,l10n_co_base_location.zip_co_660017
6777,PORTAL DE LIBARE I,l10n_co_base_location.zip_co_660017
6778,RESERVA DE LOS ÁLAMOS,l10n_co_base_location.zip_co_660017
6779,TOKIO,l10n_co_base_location.zip_co_660017
6780,AMARILES I,l10n_co_base_location.zip_co_661001
6781,AMARILES II,l10n_co_base_location.zip_co_661001
6782,AURORA,l10n_co_base_location.zip_co_661001
6783,BELLAVISTA I,l10n_co_base_location.zip_co_661001
6784,BELLAVISTA III,l10n_co_base_location.zip_co_661001
6785,CAMILO MEJÍA DUQUE,l10n_co_base_location.zip_co_661001
6786,CAMILO TORRES,l10n_co_base_location.zip_co_661001
6787,CATALÁN,l10n_co_base_location.zip_co_661001
6788,COLMENARES,l10n_co_base_location.zip_co_661001
6789,CONDOMINIO LA PRADERA I,l10n_co_base_location.zip_co_661001
6790,CONJUNTO EL SAFIRO,l10n_co_base_location.zip_co_661001
6791,CÁMBULOS,l10n_co_base_location.zip_co_661001
6792,DESTECHADOS CAMILO TORRES,l10n_co_base_location.zip_co_661001
6793,DIANA TURBAY,l10n_co_base_location.zip_co_661001
6794,DIVINO NIÑO,l10n_co_base_location.zip_co_661001
6795,EL BALSO,l10n_co_base_location.zip_co_661001
6796,EL DIAMANTE,l10n_co_base_location.zip_co_661001
6797,EL J,l10n_co_base_location.zip_co_661001
6798,BOSQUES DE LA ACUARELA,l10n_co_base_location.zip_co_661002
6799,BOSQUES DE LA ACUARELA ETAPA I LOTE I,l10n_co_base_location.zip_co_661002
6800,BOSQUES DE LA ACUARELA ETAPA I LOTE II,l10n_co_base_location.zip_co_661002
6801,BOSQUES DE LA ACUARELA ETAPA II,l10n_co_base_location.zip_co_661002
6802,BOSQUES DE LA ACUARELA ETAPA III,l10n_co_base_location.zip_co_661002
6803,BOSQUES DE LA ACUARELA ETAPA IV,l10n_co_base_location.zip_co_661002
6804,BUENOS AIRES,l10n_co_base_location.zip_co_661002
6805,BULEVAR NORTE,l10n_co_base_location.zip_co_661002
6806,CAMPESTRE,l10n_co_base_location.zip_co_661002
6807,CAMPESTRE A,l10n_co_base_location.zip_co_661002
6808,SIN INFORMACION DE BARRIOS,l10n_co_base_location.zip_co_661007
6809,CONDOMINIO ALTA PRADERA II,l10n_co_base_location.zip_co_661008
6810,CÉSAR AUGUSTO,l10n_co_base_location.zip_co_661008
6811,CÉSAR AUGUSTO PRIMERA ETAPA,l10n_co_base_location.zip_co_661008
6812,CÉSAR AUGUSTO SEGUNDA ETAPA,l10n_co_base_location.zip_co_661008
6813,CÉSAR AUGUSTO TERCERA ETAPA,l10n_co_base_location.zip_co_661008
6814,NUEVA ESPERANZA,l10n_co_base_location.zip_co_661008
6815,VILLA MARIALA,l10n_co_base_location.zip_co_661008
6816,SIN INFORMACION DE BARRIOS,l10n_co_base_location.zip_co_661020
6817,SIN INFORMACION DE BARRIOS,l10n_co_base_location.zip_co_661027
6818,SIN INFORMACION DE BARRIOS,l10n_co_base_location.zip_co_661028
6819,SIN INFORMACION DE BARRIOS,l10n_co_base_location.zip_co_661040
6820,SIN INFORMACION DE BARRIOS,l10n_co_base_location.zip_co_661047
6821,SIN INFORMACION DE BARRIOS,l10n_co_base_location.zip_co_661048
6822,SIN INFORMACION DE BARRIOS,l10n_co_base_location.zip_co_662001
6823,SIN INFORMACION DE BARRIOS,l10n_co_base_location.zip_co_662007
6824,SIN INFORMACION DE BARRIOS,l10n_co_base_location.zip_co_662010
6825,SIN INFORMACION DE BARRIOS,l10n_co_base_location.zip_co_662017
6826,SIN INFORMACION DE BARRIOS,l10n_co_base_location.zip_co_662030
6827,SIN INFORMACION DE BARRIOS,l10n_co_base_location.zip_co_662037
6828,SIN INFORMACION DE BARRIOS,l10n_co_base_location.zip_co_663001
6829,SIN INFORMACION DE BARRIOS,l10n_co_base_location.zip_co_663007
6830,SIN INFORMACION DE BARRIOS,l10n_co_base_location.zip_co_663008
6831,SIN INFORMACION DE BARRIOS,l10n_co_base_location.zip_co_663011
6832,SIN INFORMACION DE BARRIOS,l10n_co_base_location.zip_co_663017
6833,SIN INFORMACION DE BARRIOS,l10n_co_base_location.zip_co_663018
6834,SIN INFORMACION DE BARRIOS,l10n_co_base_location.zip_co_663030
6835,SIN INFORMACION DE BARRIOS,l10n_co_base_location.zip_co_663037
6836,SIN INFORMACION DE BARRIOS,l10n_co_base_location.zip_co_663038
6837,SIN INFORMACION DE BARRIOS,l10n_co_base_location.zip_co_664001
6838,SIN INFORMACION DE BARRIOS,l10n_co_base_location.zip_co_664007
6839,SIN INFORMACION DE BARRIOS,l10n_co_base_location.zip_co_664008
6840,SIN INFORMACION DE BARRIOS,l10n_co_base_location.zip_co_664010
6841,SIN INFORMACION DE BARRIOS,l10n_co_base_location.zip_co_664017
6842,SIN INFORMACION DE BARRIOS,l10n_co_base_location.zip_co_664018
6843,SIN INFORMACION DE BARRIOS,l10n_co_base_location.zip_co_664020
6844,SIN INFORMACION DE BARRIOS,l10n_co_base_location.zip_co_664027
6845,SIN INFORMACION DE BARRIOS,l10n_co_base_location.zip_co_664028
6846,SIN INFORMACION DE BARRIOS,l10n_co_base_location.zip_co_664040
6847,SIN INFORMACION DE BARRIOS,l10n_co_base_location.zip_co_664047
6848,SIN INFORMACION DE BARRIOS,l10n_co_base_location.zip_co_664048
6849,ALTOS DEL KENNEDY,l10n_co_base_location.zip_co_680001
6850,BOSQUE NORTE,l10n_co_base_location.zip_co_680001
6851,CAFÉ MADRID,l10n_co_base_location.zip_co_680001
6852,CHAPINERO,l10n_co_base_location.zip_co_680001
6853,CINAL III ETAPA,l10n_co_base_location.zip_co_680001
6854,COLSEGUROS NORTE,l10n_co_base_location.zip_co_680001
6855,COMUNEROS,l10n_co_base_location.zip_co_680001
6856,EL CINAR,l10n_co_base_location.zip_co_680001
6857,EL PLAN,l10n_co_base_location.zip_co_680001
6858,JOSÉ MARÍA CÓRDOBA,l10n_co_base_location.zip_co_680001
6859,KENNEDY,l10n_co_base_location.zip_co_680001
6860,LA ESPERANZA I,l10n_co_base_location.zip_co_680001
6861,LA ESPERANZA II,l10n_co_base_location.zip_co_680001
6862,LA ESPERANZA III,l10n_co_base_location.zip_co_680001
6863,LA INDEPENDENCIA,l10n_co_base_location.zip_co_680001
6864,LA JUVENTUD,l10n_co_base_location.zip_co_680001
6865,LAS HAMACAS,l10n_co_base_location.zip_co_680001
6866,LAS OLAS,l10n_co_base_location.zip_co_680001
6867,ALBANIA,l10n_co_base_location.zip_co_680002
6868,ANTONIA SANTOS,l10n_co_base_location.zip_co_680002
6869,AURORA,l10n_co_base_location.zip_co_680002
6870,BUENOS AIRES,l10n_co_base_location.zip_co_680002
6871,CUARTEL,l10n_co_base_location.zip_co_680002
6872,EL PRADO,l10n_co_base_location.zip_co_680002
6873,GALÁN,l10n_co_base_location.zip_co_680002
6874,LAS AMÉRICAS,l10n_co_base_location.zip_co_680002
6875,LOS PINOS,l10n_co_base_location.zip_co_680002
6876,MEJORAS PÚBLICAS,l10n_co_base_location.zip_co_680002
6877,MIRAFLORES,l10n_co_base_location.zip_co_680002
6878,MORRORICO,l10n_co_base_location.zip_co_680002
6879,PLANTA LA FLORA,l10n_co_base_location.zip_co_680002
6880,QUINTA BRIGADA,l10n_co_base_location.zip_co_680002
6881,SAN ALONSO,l10n_co_base_location.zip_co_680002
6882,U.I.S,l10n_co_base_location.zip_co_680002
6883,UNIVERSIDAD,l10n_co_base_location.zip_co_680002
6884,VEGAS DE MORRORICO,l10n_co_base_location.zip_co_680002
6885,ALTOS DE TERRAZAS,l10n_co_base_location.zip_co_680003
6886,ALTOS DEL CACIQUE,l10n_co_base_location.zip_co_680003
6887,ALTOS DEL LAGO,l10n_co_base_location.zip_co_680003
6888,ANTONIA SANTOS I,l10n_co_base_location.zip_co_680003
6889,ASTURIAS II,l10n_co_base_location.zip_co_680003
6890,BOLARQUI,l10n_co_base_location.zip_co_680003
6891,CABECERA DEL LLANO,l10n_co_base_location.zip_co_680003
6892,CAMPESTRE,l10n_co_base_location.zip_co_680003
6893,CONUCOS,l10n_co_base_location.zip_co_680003
6894,DIAMANTE I,l10n_co_base_location.zip_co_680003
6895,EL TEJAR,l10n_co_base_location.zip_co_680003
6896,GUAYACANES I II Y III,l10n_co_base_location.zip_co_680003
6897,HACIENDA SAN JUAN,l10n_co_base_location.zip_co_680003
6898,JARDÍN,l10n_co_base_location.zip_co_680003
6899,LA CONCORDIA,l10n_co_base_location.zip_co_680003
6900,LA FLORESTA,l10n_co_base_location.zip_co_680003
6901,LA LIBERTAD,l10n_co_base_location.zip_co_680003
6902,LA SALLE,l10n_co_base_location.zip_co_680003
6903,ALTOS DE FONTANA,l10n_co_base_location.zip_co_680004
6904,CANDADO,l10n_co_base_location.zip_co_680004
6905,CIUDAD VENECIA,l10n_co_base_location.zip_co_680004
6906,CONDADO DE GIBRALTAR,l10n_co_base_location.zip_co_680004
6907,COOMULTRASAN,l10n_co_base_location.zip_co_680004
6908,DANGON,l10n_co_base_location.zip_co_680004
6909,DELICIAS,l10n_co_base_location.zip_co_680004
6910,DIAMANTE II,l10n_co_base_location.zip_co_680004
6911,EL PORVENIR,l10n_co_base_location.zip_co_680004
6912,FONTANA,l10n_co_base_location.zip_co_680004
6913,GRANJAS DE JULIO RINCÓN,l10n_co_base_location.zip_co_680004
6914,GRANJAS DE PROVENZA,l10n_co_base_location.zip_co_680004
6915,IGSABELAR,l10n_co_base_location.zip_co_680004
6916,JARDÍNES DE COAVICONSA,l10n_co_base_location.zip_co_680004
6917,LA RIVIERA,l10n_co_base_location.zip_co_680004
6918,MALPASO,l10n_co_base_location.zip_co_680004
6919,MANUELA BELTRÁN,l10n_co_base_location.zip_co_680004
6920,NUEV,l10n_co_base_location.zip_co_680004
6921,AEROPUERTO,l10n_co_base_location.zip_co_680005
6922,BALCONCITOS,l10n_co_base_location.zip_co_680005
6923,BUCARAMANGA,l10n_co_base_location.zip_co_680005
6924,CIUDADELA REAL DE MINAS,l10n_co_base_location.zip_co_680005
6925,COLOMBIA,l10n_co_base_location.zip_co_680005
6926,CONALVIVIENDA,l10n_co_base_location.zip_co_680005
6927,CORDONCILLO,l10n_co_base_location.zip_co_680005
6928,CORDONCILLO I,l10n_co_base_location.zip_co_680005
6929,ESTORAQUES,l10n_co_base_location.zip_co_680005
6930,FUNDADORES ARCO IRIS,l10n_co_base_location.zip_co_680005
6931,GRANADA SUR,l10n_co_base_location.zip_co_680005
6932,LA CEIBA,l10n_co_base_location.zip_co_680005
6933,LA VICTORIA,l10n_co_base_location.zip_co_680005
6934,LAS MARGARITAS,l10n_co_base_location.zip_co_680005
6935,LOS CANELOS,l10n_co_base_location.zip_co_680005
6936,LOS HÉROES,l10n_co_base_location.zip_co_680005
6937,MANZANARES,l10n_co_base_location.zip_co_680005
6938,MONTE REDONDO,l10n_co_base_location.zip_co_680005
6939,M,l10n_co_base_location.zip_co_680005
6940,ALFONSO LOPEZ,l10n_co_base_location.zip_co_680006
6941,BOLÍVAR,l10n_co_base_location.zip_co_680006
6942,CAMPO HERMOSO,l10n_co_base_location.zip_co_680006
6943,CENTRO,l10n_co_base_location.zip_co_680006
6944,CHORRERAS DE DON JUAN,l10n_co_base_location.zip_co_680006
6945,CINCO DE ENERO,l10n_co_base_location.zip_co_680006
6946,GARCÍA RÓVIRA,l10n_co_base_location.zip_co_680006
6947,JOSÉ A GALÁN,l10n_co_base_location.zip_co_680006
6948,LA ESTRELLA,l10n_co_base_location.zip_co_680006
6949,LA JOYA,l10n_co_base_location.zip_co_680006
6950,LA PALMA,l10n_co_base_location.zip_co_680006
6951,PANTANO,l10n_co_base_location.zip_co_680006
6952,PRIMERO DE MAYO,l10n_co_base_location.zip_co_680006
6953,RINCÓN DE LA PAZ,l10n_co_base_location.zip_co_680006
6954,COLORADOS,l10n_co_base_location.zip_co_680007
6955,EL ROSAL,l10n_co_base_location.zip_co_680007
6956,LA TORRE,l10n_co_base_location.zip_co_680007
6957,LOS PALOS,l10n_co_base_location.zip_co_680007
6958,PABLON ALTO,l10n_co_base_location.zip_co_680007
6959,ROSALTA,l10n_co_base_location.zip_co_680007
6960,VEREDA SAN IGNACIO,l10n_co_base_location.zip_co_680007
6961,VILLA PATRICIA,l10n_co_base_location.zip_co_680007
6962,BUENAVISTA,l10n_co_base_location.zip_co_680008
6963,EL DIVISO,l10n_co_base_location.zip_co_680008
6964,23 DE JUNIO,l10n_co_base_location.zip_co_680011
6965,ALARCÓN,l10n_co_base_location.zip_co_680011
6966,CAMILO TORRES,l10n_co_base_location.zip_co_680011
6967,CARLOS PIZARRO,l10n_co_base_location.zip_co_680011
6968,DON BOSCO,l10n_co_base_location.zip_co_680011
6969,GAITÁN,l10n_co_base_location.zip_co_680011
6970,GIRARDOT,l10n_co_base_location.zip_co_680011
6971,GRANADA,l10n_co_base_location.zip_co_680011
6972,LA FERIA,l10n_co_base_location.zip_co_680011
6973,LA GLORIA,l10n_co_base_location.zip_co_680011
6974,MODELO,l10n_co_base_location.zip_co_680011
6975,MUTUALIDAD,l10n_co_base_location.zip_co_680011
6976,NARIÑO,l10n_co_base_location.zip_co_680011
6977,NÁPOLES,l10n_co_base_location.zip_co_680011
6978,PÍO XII,l10n_co_base_location.zip_co_680011
6979,SAN FRANCISCO,l10n_co_base_location.zip_co_680011
6980,SANTANDER,l10n_co_base_location.zip_co_680011
6981,SARABANDA,l10n_co_base_location.zip_co_680011
6982,TRES ESTRELLAS,l10n_co_base_location.zip_co_680011
6983,ZONA ESCARPA,l10n_co_base_location.zip_co_680011
6984,ZONA INDUSTRIAL CHIMITÁ,l10n_co_base_location.zip_co_680011
6985,SIN INFORMACION DE BARRIOS,l10n_co_base_location.zip_co_680501
6986,SIN INFORMACION DE BARRIOS,l10n_co_base_location.zip_co_680507
6987,SIN INFORMACION DE BARRIOS,l10n_co_base_location.zip_co_680511
6988,SIN INFORMACION DE BARRIOS,l10n_co_base_location.zip_co_680517
6989,SIN INFORMACION DE BARRIOS,l10n_co_base_location.zip_co_680527
6990,SIN INFORMACION DE BARRIOS,l10n_co_base_location.zip_co_680531
6991,SIN INFORMACION DE BARRIOS,l10n_co_base_location.zip_co_680541
6992,SIN INFORMACION DE BARRIOS,l10n_co_base_location.zip_co_680547
6993,SIN INFORMACION DE BARRIOS,l10n_co_base_location.zip_co_680548
6994,SIN INFORMACION DE BARRIOS,l10n_co_base_location.zip_co_680551
6995,SIN INFORMACION DE BARRIOS,l10n_co_base_location.zip_co_680557
6996,SIN INFORMACION DE BARRIOS,l10n_co_base_location.zip_co_680561
6997,SIN INFORMACION DE BARRIOS,l10n_co_base_location.zip_co_680567
6998,SIN INFORMACION DE BARRIOS,l10n_co_base_location.zip_co_680568
6999,ALARES,l10n_co_base_location.zip_co_681001
7000,ALTOVIENTO 1,l10n_co_base_location.zip_co_681001
7001,ALTOVIENTO 2,l10n_co_base_location.zip_co_681001
7002,ANDALUCÍA,l10n_co_base_location.zip_co_681001
7003,ARANJUEZ,l10n_co_base_location.zip_co_681001
7004,ARRAYANES,l10n_co_base_location.zip_co_681001
7005,BALCÓN DE ALARES,l10n_co_base_location.zip_co_681001
7006,BELENCITO,l10n_co_base_location.zip_co_681001
7007,BELLAVISTA,l10n_co_base_location.zip_co_681001
7008,BOSQUES DEL PAYADOR,l10n_co_base_location.zip_co_681001
7009,CALDAS,l10n_co_base_location.zip_co_681001
7010,CARABELAS,l10n_co_base_location.zip_co_681001
7011,CERROS DE LAS VILLAS,l10n_co_base_location.zip_co_681001
7012,CIUDAD JARDÍN,l10n_co_base_location.zip_co_681001
7013,COLÓN,l10n_co_base_location.zip_co_681001
7014,EL DORADO,l10n_co_base_location.zip_co_681001
7015,EL OASIS,l10n_co_base_location.zip_co_681001
7016,EL REPOSO,l10n_co_base_location.zip_co_681001
7017,FÁTIMA,l10n_co_base_location.zip_co_681001
7018,HACIENDA SAN JUAN,l10n_co_base_location.zip_co_681001
7019,HOG,l10n_co_base_location.zip_co_681001
7020,ADEVIPOSAN,l10n_co_base_location.zip_co_681002
7021,ALTOS DE BELLAVISTA,l10n_co_base_location.zip_co_681002
7022,ALTOS DE VILLABEL,l10n_co_base_location.zip_co_681002
7023,CAÑAVERAL ORIENTAL,l10n_co_base_location.zip_co_681002
7024,CARLOS PIZARRO,l10n_co_base_location.zip_co_681002
7025,CIUDAD VALENCIA,l10n_co_base_location.zip_co_681002
7026,COLEGIO PANAMERICANO,l10n_co_base_location.zip_co_681002
7027,EL CARMEN,l10n_co_base_location.zip_co_681002
7028,EL PORTÓN DE ISRAEL,l10n_co_base_location.zip_co_681002
7029,ESCOFLOR,l10n_co_base_location.zip_co_681002
7030,FLORIDA CAMPESTRE,l10n_co_base_location.zip_co_681002
7031,GARCÍA ECHEVERRY,l10n_co_base_location.zip_co_681002
7032,GUANATA,l10n_co_base_location.zip_co_681002
7033,HACIENDA EL CARMEN,l10n_co_base_location.zip_co_681002
7034,LAGOS,l10n_co_base_location.zip_co_681002
7035,LAGOS I,l10n_co_base_location.zip_co_681002
7036,LAGO,l10n_co_base_location.zip_co_681002
7037,ACACIAS I ETAPA,l10n_co_base_location.zip_co_681003
7038,ACACIAS II ETAPA,l10n_co_base_location.zip_co_681003
7039,ALTAMIRA,l10n_co_base_location.zip_co_681003
7040,ALTOS DE CARACOLÍ,l10n_co_base_location.zip_co_681003
7041,ARANZOQUE,l10n_co_base_location.zip_co_681003
7042,BOSQUE DE FLORIDA,l10n_co_base_location.zip_co_681003
7043,BUCARICA,l10n_co_base_location.zip_co_681003
7044,CARACOLÍ,l10n_co_base_location.zip_co_681003
7045,COLEGIO AGUSTINIANO,l10n_co_base_location.zip_co_681003
7046,CRACOVIA,l10n_co_base_location.zip_co_681003
7047,EL RECREO,l10n_co_base_location.zip_co_681003
7048,EMPRESA DE ACUEDUCTO,l10n_co_base_location.zip_co_681003
7049,ESTANCIA CAMPESTRE,l10n_co_base_location.zip_co_681003
7050,FLORIDA REAL,l10n_co_base_location.zip_co_681003
7051,JARDÍN LIMONCITO,l10n_co_base_location.zip_co_681003
7052,LAGOS II,l10n_co_base_location.zip_co_681003
7053,LIMONCITO,l10n_co_base_location.zip_co_681003
7054,LOS,l10n_co_base_location.zip_co_681003
7055,ALAMEDA DE CAÑAVERAL,l10n_co_base_location.zip_co_681004
7056,ALAMOS PARQUE,l10n_co_base_location.zip_co_681004
7057,ALTOS DE CAÑAVERAL,l10n_co_base_location.zip_co_681004
7058,ALTOS DE CAÑAVERAL CAMPESTRE,l10n_co_base_location.zip_co_681004
7059,ALTOS DEL CAMPESTRE,l10n_co_base_location.zip_co_681004
7060,ARCOS DEL CAMPESTRE,l10n_co_base_location.zip_co_681004
7061,BOMBA TERPEL,l10n_co_base_location.zip_co_681004
7062,BUENOS AIRES,l10n_co_base_location.zip_co_681004
7063,BUGANVILIA,l10n_co_base_location.zip_co_681004
7064,CAÑAVERAL CAMPESTRE I,l10n_co_base_location.zip_co_681004
7065,CAÑAVERAL CAMPESTRE II,l10n_co_base_location.zip_co_681004
7066,CAÑAVERAL CAMPESTRE III,l10n_co_base_location.zip_co_681004
7067,CAÑAVERAL CASA,l10n_co_base_location.zip_co_681004
7068,LOS LAURELES,l10n_co_base_location.zip_co_681007
7069,SIN INFORMACION DE BARRIOS,l10n_co_base_location.zip_co_681008
7070,ALTOS DE GRANADA,l10n_co_base_location.zip_co_681011
7071,BOSQUES DE ARANJUEZ,l10n_co_base_location.zip_co_681011
7072,CALLEJUELAS,l10n_co_base_location.zip_co_681011
7073,CALLEJUELAS NO CONSTRUÍDO,l10n_co_base_location.zip_co_681011
7074,CAMPO VERDE,l10n_co_base_location.zip_co_681011
7075,CASTELLANA I ETAPA,l10n_co_base_location.zip_co_681011
7076,CONALVIVIENDA,l10n_co_base_location.zip_co_681011
7077,COOVICOP,l10n_co_base_location.zip_co_681011
7078,DIVINO NIÑO,l10n_co_base_location.zip_co_681011
7079,EL PARAÍSO,l10n_co_base_location.zip_co_681011
7080,EL REFUGIO,l10n_co_base_location.zip_co_681011
7081,GRANADILLO,l10n_co_base_location.zip_co_681011
7082,HABITARES DE LA MACARENA,l10n_co_base_location.zip_co_681011
7083,JUNÍN,l10n_co_base_location.zip_co_681011
7084,LA ARGENTINA,l10n_co_base_location.zip_co_681011
7085,LA RIOJA,l10n_co_base_location.zip_co_681011
7086,PAISANDE,l10n_co_base_location.zip_co_681011
7087,PI,l10n_co_base_location.zip_co_681011
7088,ALBANIA,l10n_co_base_location.zip_co_681012
7089,ARGENTINA ANTIGUA,l10n_co_base_location.zip_co_681012
7090,BALCONES DE LA CASTELLANA,l10n_co_base_location.zip_co_681012
7091,BARILOCHE,l10n_co_base_location.zip_co_681012
7092,BARROBLANCO,l10n_co_base_location.zip_co_681012
7093,BELLAVISTA,l10n_co_base_location.zip_co_681012
7094,BUENOS AIRES,l10n_co_base_location.zip_co_681012
7095,CABECERA DEL LLANO I,l10n_co_base_location.zip_co_681012
7096,CABECERA DEL LLANO II ETAPA,l10n_co_base_location.zip_co_681012
7097,CAMINO DEL PARQUE,l10n_co_base_location.zip_co_681012
7098,CANDELARIA ANTIGUA,l10n_co_base_location.zip_co_681012
7099,CANDELARIA I ETAPA,l10n_co_base_location.zip_co_681012
7100,CANDELARIA II ETAPA,l10n_co_base_location.zip_co_681012
7101,CASTELLANA II ETAPA,l10n_co_base_location.zip_co_681012
7102,SIN INFORMACION DE BARRIOS,l10n_co_base_location.zip_co_681017
7103,BOULEVAR DEL PUENTE,l10n_co_base_location.zip_co_681018
7104,NUEVO DÍA,l10n_co_base_location.zip_co_681018
7105,SIN INFORMACION DE BARRIOS,l10n_co_base_location.zip_co_681019
7106,SIN INFORMACION DE BARRIOS,l10n_co_base_location.zip_co_681021
7107,CONDOMINIO CAMPESTRE SANTILLANA,l10n_co_base_location.zip_co_681027
7108,EDIMAR,l10n_co_base_location.zip_co_681027
7109,SIN INFORMACION DE BARRIOS,l10n_co_base_location.zip_co_681031
7110,SIN INFORMACION DE BARRIOS,l10n_co_base_location.zip_co_681037
7111,SIN INFORMACION DE BARRIOS,l10n_co_base_location.zip_co_681038
7112,SIN INFORMACION DE BARRIOS,l10n_co_base_location.zip_co_681047
7113,SIN INFORMACION DE BARRIOS,l10n_co_base_location.zip_co_681048
7114,SIN INFORMACION DE BARRIOS,l10n_co_base_location.zip_co_681501
7115,SIN INFORMACION DE BARRIOS,l10n_co_base_location.zip_co_681507
7116,SIN INFORMACION DE BARRIOS,l10n_co_base_location.zip_co_681508
7117,SIN INFORMACION DE BARRIOS,l10n_co_base_location.zip_co_681509
7118,SIN INFORMACION DE BARRIOS,l10n_co_base_location.zip_co_681511
7119,SIN INFORMACION DE BARRIOS,l10n_co_base_location.zip_co_681517
7120,SIN INFORMACION DE BARRIOS,l10n_co_base_location.zip_co_681518
7121,SIN INFORMACION DE BARRIOS,l10n_co_base_location.zip_co_681519
7122,SIN INFORMACION DE BARRIOS,l10n_co_base_location.zip_co_681521
7123,SIN INFORMACION DE BARRIOS,l10n_co_base_location.zip_co_681527
7124,SIN INFORMACION DE BARRIOS,l10n_co_base_location.zip_co_681528
7125,SIN INFORMACION DE BARRIOS,l10n_co_base_location.zip_co_681529
7126,SIN INFORMACION DE BARRIOS,l10n_co_base_location.zip_co_681531
7127,SIN INFORMACION DE BARRIOS,l10n_co_base_location.zip_co_681537
7128,SIN INFORMACION DE BARRIOS,l10n_co_base_location.zip_co_681538
7129,SIN INFORMACION DE BARRIOS,l10n_co_base_location.zip_co_681541
7130,SIN INFORMACION DE BARRIOS,l10n_co_base_location.zip_co_681547
7131,SIN INFORMACION DE BARRIOS,l10n_co_base_location.zip_co_681548
7132,SIN INFORMACION DE BARRIOS,l10n_co_base_location.zip_co_681551
7133,SIN INFORMACION DE BARRIOS,l10n_co_base_location.zip_co_681557
7134,SIN INFORMACION DE BARRIOS,l10n_co_base_location.zip_co_681561
7135,SIN INFORMACION DE BARRIOS,l10n_co_base_location.zip_co_681567
7136,SIN INFORMACION DE BARRIOS,l10n_co_base_location.zip_co_682001
7137,SIN INFORMACION DE BARRIOS,l10n_co_base_location.zip_co_682007
7138,SIN INFORMACION DE BARRIOS,l10n_co_base_location.zip_co_682008
7139,SIN INFORMACION DE BARRIOS,l10n_co_base_location.zip_co_682009
7140,SIN INFORMACION DE BARRIOS,l10n_co_base_location.zip_co_682011
7141,SIN INFORMACION DE BARRIOS,l10n_co_base_location.zip_co_682017
7142,SIN INFORMACION DE BARRIOS,l10n_co_base_location.zip_co_682018
7143,SIN INFORMACION DE BARRIOS,l10n_co_base_location.zip_co_682021
7144,SIN INFORMACION DE BARRIOS,l10n_co_base_location.zip_co_682027
7145,SIN INFORMACION DE BARRIOS,l10n_co_base_location.zip_co_682031
7146,SIN INFORMACION DE BARRIOS,l10n_co_base_location.zip_co_682037
7147,SIN INFORMACION DE BARRIOS,l10n_co_base_location.zip_co_682038
7148,SIN INFORMACION DE BARRIOS,l10n_co_base_location.zip_co_682041
7149,SIN INFORMACION DE BARRIOS,l10n_co_base_location.zip_co_682047
7150,SIN INFORMACION DE BARRIOS,l10n_co_base_location.zip_co_682048
7151,SIN INFORMACION DE BARRIOS,l10n_co_base_location.zip_co_682051
7152,SIN INFORMACION DE BARRIOS,l10n_co_base_location.zip_co_682057
7153,SIN INFORMACION DE BARRIOS,l10n_co_base_location.zip_co_682058
7154,SIN INFORMACION DE BARRIOS,l10n_co_base_location.zip_co_682061
7155,SIN INFORMACION DE BARRIOS,l10n_co_base_location.zip_co_682067
7156,SIN INFORMACION DE BARRIOS,l10n_co_base_location.zip_co_682501
7157,SIN INFORMACION DE BARRIOS,l10n_co_base_location.zip_co_682507
7158,SIN INFORMACION DE BARRIOS,l10n_co_base_location.zip_co_682508
7159,SIN INFORMACION DE BARRIOS,l10n_co_base_location.zip_co_682509
7160,SIN INFORMACION DE BARRIOS,l10n_co_base_location.zip_co_682511
7161,SIN INFORMACION DE BARRIOS,l10n_co_base_location.zip_co_682517
7162,SIN INFORMACION DE BARRIOS,l10n_co_base_location.zip_co_682519
7163,SIN INFORMACION DE BARRIOS,l10n_co_base_location.zip_co_682521
7164,SIN INFORMACION DE BARRIOS,l10n_co_base_location.zip_co_682527
7165,SIN INFORMACION DE BARRIOS,l10n_co_base_location.zip_co_682528
7166,SIN INFORMACION DE BARRIOS,l10n_co_base_location.zip_co_682529
7167,SIN INFORMACION DE BARRIOS,l10n_co_base_location.zip_co_682531
7168,SIN INFORMACION DE BARRIOS,l10n_co_base_location.zip_co_682537
7169,SIN INFORMACION DE BARRIOS,l10n_co_base_location.zip_co_682538
7170,SIN INFORMACION DE BARRIOS,l10n_co_base_location.zip_co_682539
7171,SIN INFORMACION DE BARRIOS,l10n_co_base_location.zip_co_682541
7172,SIN INFORMACION DE BARRIOS,l10n_co_base_location.zip_co_682547
7173,SIN INFORMACION DE BARRIOS,l10n_co_base_location.zip_co_682548
7174,SIN INFORMACION DE BARRIOS,l10n_co_base_location.zip_co_682549
7175,SIN INFORMACION DE BARRIOS,l10n_co_base_location.zip_co_682551
7176,SIN INFORMACION DE BARRIOS,l10n_co_base_location.zip_co_682557
7177,SIN INFORMACION DE BARRIOS,l10n_co_base_location.zip_co_682558
7178,SIN INFORMACION DE BARRIOS,l10n_co_base_location.zip_co_682559
7179,SIN INFORMACION DE BARRIOS,l10n_co_base_location.zip_co_682561
7180,SIN INFORMACION DE BARRIOS,l10n_co_base_location.zip_co_682567
7181,SIN INFORMACION DE BARRIOS,l10n_co_base_location.zip_co_682568
7182,SIN INFORMACION DE BARRIOS,l10n_co_base_location.zip_co_682571
7183,SIN INFORMACION DE BARRIOS,l10n_co_base_location.zip_co_682577
7184,SIN INFORMACION DE BARRIOS,l10n_co_base_location.zip_co_682578
7185,SIN INFORMACION DE BARRIOS,l10n_co_base_location.zip_co_683001
7186,SIN INFORMACION DE BARRIOS,l10n_co_base_location.zip_co_683007
7187,SIN INFORMACION DE BARRIOS,l10n_co_base_location.zip_co_683011
7188,SIN INFORMACION DE BARRIOS,l10n_co_base_location.zip_co_683017
7189,SIN INFORMACION DE BARRIOS,l10n_co_base_location.zip_co_683019
7190,SIN INFORMACION DE BARRIOS,l10n_co_base_location.zip_co_683021
7191,SIN INFORMACION DE BARRIOS,l10n_co_base_location.zip_co_683027
7192,SIN INFORMACION DE BARRIOS,l10n_co_base_location.zip_co_683028
7193,SIN INFORMACION DE BARRIOS,l10n_co_base_location.zip_co_683029
7194,SIN INFORMACION DE BARRIOS,l10n_co_base_location.zip_co_683031
7195,SIN INFORMACION DE BARRIOS,l10n_co_base_location.zip_co_683037
7196,SIN INFORMACION DE BARRIOS,l10n_co_base_location.zip_co_683038
7197,SIN INFORMACION DE BARRIOS,l10n_co_base_location.zip_co_683039
7198,SIN INFORMACION DE BARRIOS,l10n_co_base_location.zip_co_683041
7199,SIN INFORMACION DE BARRIOS,l10n_co_base_location.zip_co_683047
7200,SIN INFORMACION DE BARRIOS,l10n_co_base_location.zip_co_683048
7201,SIN INFORMACION DE BARRIOS,l10n_co_base_location.zip_co_683049
7202,SIN INFORMACION DE BARRIOS,l10n_co_base_location.zip_co_683051
7203,SIN INFORMACION DE BARRIOS,l10n_co_base_location.zip_co_683057
7204,SIN INFORMACION DE BARRIOS,l10n_co_base_location.zip_co_683061
7205,SIN INFORMACION DE BARRIOS,l10n_co_base_location.zip_co_683067
7206,SIN INFORMACION DE BARRIOS,l10n_co_base_location.zip_co_683071
7207,SIN INFORMACION DE BARRIOS,l10n_co_base_location.zip_co_683077
7208,SIN INFORMACION DE BARRIOS,l10n_co_base_location.zip_co_683501
7209,SIN INFORMACION DE BARRIOS,l10n_co_base_location.zip_co_683507
7210,SIN INFORMACION DE BARRIOS,l10n_co_base_location.zip_co_683511
7211,SIN INFORMACION DE BARRIOS,l10n_co_base_location.zip_co_683517
7212,SIN INFORMACION DE BARRIOS,l10n_co_base_location.zip_co_683518
7213,SIN INFORMACION DE BARRIOS,l10n_co_base_location.zip_co_683521
7214,SIN INFORMACION DE BARRIOS,l10n_co_base_location.zip_co_683527
7215,SIN INFORMACION DE BARRIOS,l10n_co_base_location.zip_co_683528
7216,SIN INFORMACION DE BARRIOS,l10n_co_base_location.zip_co_683531
7217,SIN INFORMACION DE BARRIOS,l10n_co_base_location.zip_co_683537
7218,SIN INFORMACION DE BARRIOS,l10n_co_base_location.zip_co_683541
7219,SIN INFORMACION DE BARRIOS,l10n_co_base_location.zip_co_683547
7220,16 DE MARZO,l10n_co_base_location.zip_co_683551
7221,ACACIAS,l10n_co_base_location.zip_co_683551
7222,ANTONIA SANTOS,l10n_co_base_location.zip_co_683551
7223,BICENTENARIO,l10n_co_base_location.zip_co_683551
7224,BICENTENARIO 5 ETAPA,l10n_co_base_location.zip_co_683551
7225,CHIQUINQUIRÁ,l10n_co_base_location.zip_co_683551
7226,COMUNEROS,l10n_co_base_location.zip_co_683551
7227,CONVENTO CASABARANDA,l10n_co_base_location.zip_co_683551
7228,DIAMANTE,l10n_co_base_location.zip_co_683551
7229,EL BOSQUE,l10n_co_base_location.zip_co_683551
7230,FÁTIMA,l10n_co_base_location.zip_co_683551
7231,JOSÉ A GALÁN,l10n_co_base_location.zip_co_683551
7232,JOSÉ A MORALES,l10n_co_base_location.zip_co_683551
7233,LA FLORESTA,l10n_co_base_location.zip_co_683551
7234,LA JABONCILLA,l10n_co_base_location.zip_co_683551
7235,LA PRESENTACIÓN,l10n_co_base_location.zip_co_683551
7236,MANUELA BELTRÁN,l10n_co_base_location.zip_co_683551
7237,MONASTERIO,l10n_co_base_location.zip_co_683551
7238,N,l10n_co_base_location.zip_co_683551
7239,SIN INFORMACION DE BARRIOS,l10n_co_base_location.zip_co_683557
7240,SIN INFORMACION DE BARRIOS,l10n_co_base_location.zip_co_683558
7241,SIN INFORMACION DE BARRIOS,l10n_co_base_location.zip_co_683561
7242,SIN INFORMACION DE BARRIOS,l10n_co_base_location.zip_co_683567
7243,SIN INFORMACION DE BARRIOS,l10n_co_base_location.zip_co_683568
7244,SIN INFORMACION DE BARRIOS,l10n_co_base_location.zip_co_683569
7245,SIN INFORMACION DE BARRIOS,l10n_co_base_location.zip_co_683571
7246,SIN INFORMACION DE BARRIOS,l10n_co_base_location.zip_co_683577
7247,SIN INFORMACION DE BARRIOS,l10n_co_base_location.zip_co_683578
7248,SIN INFORMACION DE BARRIOS,l10n_co_base_location.zip_co_683581
7249,SIN INFORMACION DE BARRIOS,l10n_co_base_location.zip_co_683587
7250,SIN INFORMACION DE BARRIOS,l10n_co_base_location.zip_co_684001
7251,SIN INFORMACION DE BARRIOS,l10n_co_base_location.zip_co_684007
7252,SIN INFORMACION DE BARRIOS,l10n_co_base_location.zip_co_684008
7253,SIN INFORMACION DE BARRIOS,l10n_co_base_location.zip_co_684009
7254,SIN INFORMACION DE BARRIOS,l10n_co_base_location.zip_co_684011
7255,SIN INFORMACION DE BARRIOS,l10n_co_base_location.zip_co_684017
7256,SIN INFORMACION DE BARRIOS,l10n_co_base_location.zip_co_684021
7257,SIN INFORMACION DE BARRIOS,l10n_co_base_location.zip_co_684027
7258,SIN INFORMACION DE BARRIOS,l10n_co_base_location.zip_co_684028
7259,ACACIAS,l10n_co_base_location.zip_co_684031
7260,ALMENDROS 1,l10n_co_base_location.zip_co_684031
7261,ALMENDROS 2,l10n_co_base_location.zip_co_684031
7262,ALTAMIRA,l10n_co_base_location.zip_co_684031
7263,ALTOS DE GALLINERAL,l10n_co_base_location.zip_co_684031
7264,CARLOS MARTÍNEZ,l10n_co_base_location.zip_co_684031
7265,CENTRO,l10n_co_base_location.zip_co_684031
7266,CIUDADELA DEL FONCE,l10n_co_base_location.zip_co_684031
7267,COLOMBIA,l10n_co_base_location.zip_co_684031
7268,EL BOSQUE,l10n_co_base_location.zip_co_684031
7269,EL CEMENTERIO,l10n_co_base_location.zip_co_684031
7270,EL POBLADO,l10n_co_base_location.zip_co_684031
7271,EL PORVENIR,l10n_co_base_location.zip_co_684031
7272,EL VERJEL,l10n_co_base_location.zip_co_684031
7273,FÁTIMA,l10n_co_base_location.zip_co_684031
7274,JOSÉ ANTONIO GALÁN,l10n_co_base_location.zip_co_684031
7275,LA GRUTA,l10n_co_base_location.zip_co_684031
7276,LA INDUSTRIAL,l10n_co_base_location.zip_co_684031
7277,LA PLAYA,l10n_co_base_location.zip_co_684031
7278,LA SAGRA,l10n_co_base_location.zip_co_684031
7279,SIN INFORMACION DE BARRIOS,l10n_co_base_location.zip_co_684037
7280,SIN INFORMACION DE BARRIOS,l10n_co_base_location.zip_co_684038
7281,SIN INFORMACION DE BARRIOS,l10n_co_base_location.zip_co_684039
7282,SIN INFORMACION DE BARRIOS,l10n_co_base_location.zip_co_684041
7283,SIN INFORMACION DE BARRIOS,l10n_co_base_location.zip_co_684047
7284,SIN INFORMACION DE BARRIOS,l10n_co_base_location.zip_co_684048
7285,SIN INFORMACION DE BARRIOS,l10n_co_base_location.zip_co_684051
7286,SIN INFORMACION DE BARRIOS,l10n_co_base_location.zip_co_684057
7287,SIN INFORMACION DE BARRIOS,l10n_co_base_location.zip_co_684058
7288,JESÚS NAZARENO,l10n_co_base_location.zip_co_684061
7289,LA LOMA,l10n_co_base_location.zip_co_684061
7290,LA RUÍZ,l10n_co_base_location.zip_co_684061
7291,LAS FLORES,l10n_co_base_location.zip_co_684061
7292,LAS MERCEDES,l10n_co_base_location.zip_co_684061
7293,LENGUERKE,l10n_co_base_location.zip_co_684061
7294,SAN BERNARDO,l10n_co_base_location.zip_co_684061
7295,SAN VICENTICO,l10n_co_base_location.zip_co_684061
7296,SANTA BÁRBARA,l10n_co_base_location.zip_co_684061
7297,SIN INFORMACION DE BARRIOS,l10n_co_base_location.zip_co_684067
7298,SIN INFORMACION DE BARRIOS,l10n_co_base_location.zip_co_684068
7299,SIN INFORMACION DE BARRIOS,l10n_co_base_location.zip_co_684069
7300,SIN INFORMACION DE BARRIOS,l10n_co_base_location.zip_co_684501
7301,SIN INFORMACION DE BARRIOS,l10n_co_base_location.zip_co_684507
7302,SIN INFORMACION DE BARRIOS,l10n_co_base_location.zip_co_684511
7303,SIN INFORMACION DE BARRIOS,l10n_co_base_location.zip_co_684517
7304,ANTONIA SANTOS,l10n_co_base_location.zip_co_684521
7305,CAMACHO GAMBA,l10n_co_base_location.zip_co_684521
7306,CAMPO SANTO,l10n_co_base_location.zip_co_684521
7307,CASA FISCALES,l10n_co_base_location.zip_co_684521
7308,CASAS FISCALES,l10n_co_base_location.zip_co_684521
7309,CENTRO,l10n_co_base_location.zip_co_684521
7310,COMUNEROS,l10n_co_base_location.zip_co_684521
7311,EL PROGRESO,l10n_co_base_location.zip_co_684521
7312,EL RECREO,l10n_co_base_location.zip_co_684521
7313,LA CHICHARRONA,l10n_co_base_location.zip_co_684521
7314,LAS LAJITAS,l10n_co_base_location.zip_co_684521
7315,LELIO OLARTE,l10n_co_base_location.zip_co_684521
7316,LOS MIRTOS,l10n_co_base_location.zip_co_684521
7317,LOS NOGALES,l10n_co_base_location.zip_co_684521
7318,NUEVO PORTAL,l10n_co_base_location.zip_co_684521
7319,SAN LUIS,l10n_co_base_location.zip_co_684521
7320,SANTANDER,l10n_co_base_location.zip_co_684521
7321,V DE PTE REAL,l10n_co_base_location.zip_co_684521
7322,SIN INFORMACION DE BARRIOS,l10n_co_base_location.zip_co_684527
7323,SIN INFORMACION DE BARRIOS,l10n_co_base_location.zip_co_684531
7324,SIN INFORMACION DE BARRIOS,l10n_co_base_location.zip_co_684537
7325,SIN INFORMACION DE BARRIOS,l10n_co_base_location.zip_co_684541
7326,SIN INFORMACION DE BARRIOS,l10n_co_base_location.zip_co_684547
7327,SIN INFORMACION DE BARRIOS,l10n_co_base_location.zip_co_684551
7328,SIN INFORMACION DE BARRIOS,l10n_co_base_location.zip_co_684557
7329,SIN INFORMACION DE BARRIOS,l10n_co_base_location.zip_co_685001
7330,SIN INFORMACION DE BARRIOS,l10n_co_base_location.zip_co_685007
7331,SIN INFORMACION DE BARRIOS,l10n_co_base_location.zip_co_685008
7332,SIN INFORMACION DE BARRIOS,l10n_co_base_location.zip_co_685009
7333,SIN INFORMACION DE BARRIOS,l10n_co_base_location.zip_co_685021
7334,SIN INFORMACION DE BARRIOS,l10n_co_base_location.zip_co_685027
7335,SIN INFORMACION DE BARRIOS,l10n_co_base_location.zip_co_685041
7336,SIN INFORMACION DE BARRIOS,l10n_co_base_location.zip_co_685047
7337,SIN INFORMACION DE BARRIOS,l10n_co_base_location.zip_co_685048
7338,SIN INFORMACION DE BARRIOS,l10n_co_base_location.zip_co_685049
7339,SIN INFORMACION DE BARRIOS,l10n_co_base_location.zip_co_685061
7340,SIN INFORMACION DE BARRIOS,l10n_co_base_location.zip_co_685067
7341,SIN INFORMACION DE BARRIOS,l10n_co_base_location.zip_co_685501
7342,SIN INFORMACION DE BARRIOS,l10n_co_base_location.zip_co_685507
7343,SIN INFORMACION DE BARRIOS,l10n_co_base_location.zip_co_685511
7344,SIN INFORMACION DE BARRIOS,l10n_co_base_location.zip_co_685517
7345,SIN INFORMACION DE BARRIOS,l10n_co_base_location.zip_co_685518
7346,SIN INFORMACION DE BARRIOS,l10n_co_base_location.zip_co_685521
7347,SIN INFORMACION DE BARRIOS,l10n_co_base_location.zip_co_685527
7348,SIN INFORMACION DE BARRIOS,l10n_co_base_location.zip_co_685531
7349,SIN INFORMACION DE BARRIOS,l10n_co_base_location.zip_co_685537
7350,SIN INFORMACION DE BARRIOS,l10n_co_base_location.zip_co_685541
7351,SIN INFORMACION DE BARRIOS,l10n_co_base_location.zip_co_685547
7352,SIN INFORMACION DE BARRIOS,l10n_co_base_location.zip_co_685551
7353,SIN INFORMACION DE BARRIOS,l10n_co_base_location.zip_co_685557
7354,SIN INFORMACION DE BARRIOS,l10n_co_base_location.zip_co_685561
7355,SIN INFORMACION DE BARRIOS,l10n_co_base_location.zip_co_685567
7356,SIN INFORMACION DE BARRIOS,l10n_co_base_location.zip_co_685568
7357,SIN INFORMACION DE BARRIOS,l10n_co_base_location.zip_co_685569
7358,SIN INFORMACION DE BARRIOS,l10n_co_base_location.zip_co_686001
7359,SIN INFORMACION DE BARRIOS,l10n_co_base_location.zip_co_686007
7360,SIN INFORMACION DE BARRIOS,l10n_co_base_location.zip_co_686008
7361,SIN INFORMACION DE BARRIOS,l10n_co_base_location.zip_co_686021
7362,SIN INFORMACION DE BARRIOS,l10n_co_base_location.zip_co_686027
7363,SIN INFORMACION DE BARRIOS,l10n_co_base_location.zip_co_686028
7364,SIN INFORMACION DE BARRIOS,l10n_co_base_location.zip_co_686029
7365,SIN INFORMACION DE BARRIOS,l10n_co_base_location.zip_co_686041
7366,SIN INFORMACION DE BARRIOS,l10n_co_base_location.zip_co_686047
7367,SIN INFORMACION DE BARRIOS,l10n_co_base_location.zip_co_686048
7368,SIN INFORMACION DE BARRIOS,l10n_co_base_location.zip_co_686049
7369,SIN INFORMACION DE BARRIOS,l10n_co_base_location.zip_co_686057
7370,SIN INFORMACION DE BARRIOS,l10n_co_base_location.zip_co_686058
7371,SIN INFORMACION DE BARRIOS,l10n_co_base_location.zip_co_686501
7372,SIN INFORMACION DE BARRIOS,l10n_co_base_location.zip_co_686507
7373,SIN INFORMACION DE BARRIOS,l10n_co_base_location.zip_co_686508
7374,SIN INFORMACION DE BARRIOS,l10n_co_base_location.zip_co_686531
7375,SIN INFORMACION DE BARRIOS,l10n_co_base_location.zip_co_686537
7376,SIN INFORMACION DE BARRIOS,l10n_co_base_location.zip_co_686538
7377,SIN INFORMACION DE BARRIOS,l10n_co_base_location.zip_co_686539
7378,SIN INFORMACION DE BARRIOS,l10n_co_base_location.zip_co_686547
7379,SIN INFORMACION DE BARRIOS,l10n_co_base_location.zip_co_686561
7380,SIN INFORMACION DE BARRIOS,l10n_co_base_location.zip_co_686567
7381,SIN INFORMACION DE BARRIOS,l10n_co_base_location.zip_co_686568
7382,SIN INFORMACION DE BARRIOS,l10n_co_base_location.zip_co_686569
7383,SIN INFORMACION DE BARRIOS,l10n_co_base_location.zip_co_686577
7384,20 DE JULIO,l10n_co_base_location.zip_co_687001
7385,AEROPUERTO,l10n_co_base_location.zip_co_687001
7386,ARGELIA,l10n_co_base_location.zip_co_687001
7387,BUENOS AIRES,l10n_co_base_location.zip_co_687001
7388,CARVAJAL,l10n_co_base_location.zip_co_687001
7389,CENTRO,l10n_co_base_location.zip_co_687001
7390,COMUNEROS,l10n_co_base_location.zip_co_687001
7391,GAITÁN,l10n_co_base_location.zip_co_687001
7392,GARCÉS PARRA,l10n_co_base_location.zip_co_687001
7393,LAS FERIAS,l10n_co_base_location.zip_co_687001
7394,PROGRESO,l10n_co_base_location.zip_co_687001
7395,UNIDOS,l10n_co_base_location.zip_co_687001
7396,SIN INFORMACION DE BARRIOS,l10n_co_base_location.zip_co_687007
7397,SIN INFORMACION DE BARRIOS,l10n_co_base_location.zip_co_687008
7398,20 DE ENERO,l10n_co_base_location.zip_co_687031
7399,CIUDAD BOLÍVAR,l10n_co_base_location.zip_co_687031
7400,COVIBA,l10n_co_base_location.zip_co_687031
7401,EL PARNASO,l10n_co_base_location.zip_co_687031
7402,EL ROSARIO,l10n_co_base_location.zip_co_687031
7403,GALÁN GÓMEZ,l10n_co_base_location.zip_co_687031
7404,LA FLORESTA,l10n_co_base_location.zip_co_687031
7405,LA LIBERTAD,l10n_co_base_location.zip_co_687031
7406,LAS CAMELIAS,l10n_co_base_location.zip_co_687031
7407,OLAYA HERRERA,l10n_co_base_location.zip_co_687031
7408,PUEBLO NUEVO,l10n_co_base_location.zip_co_687031
7409,SANTA ISABEL,l10n_co_base_location.zip_co_687031
7410,TORCOROMA,l10n_co_base_location.zip_co_687031
7411,VILLA OLÍMPICA,l10n_co_base_location.zip_co_687031
7412,20 DE AGOSTO,l10n_co_base_location.zip_co_687032
7413,ANTONIO NARIÑO,l10n_co_base_location.zip_co_687032
7414,AREA INSTITUCIONAL E INDUSTRIAL,l10n_co_base_location.zip_co_687032
7415,CIUDADELA PIPATÓN,l10n_co_base_location.zip_co_687032
7416,COLINAS DEL NORTE,l10n_co_base_location.zip_co_687032
7417,CRISTO REY,l10n_co_base_location.zip_co_687032
7418,DANUBIO,l10n_co_base_location.zip_co_687032
7419,EL ALCAZAR,l10n_co_base_location.zip_co_687032
7420,EL BOSTON,l10n_co_base_location.zip_co_687032
7421,EL PROGRESO,l10n_co_base_location.zip_co_687032
7422,EL TRIUNFO,l10n_co_base_location.zip_co_687032
7423,GAITÁN,l10n_co_base_location.zip_co_687032
7424,INTERNACIONAL,l10n_co_base_location.zip_co_687032
7425,INVASIÓN NUEVA ESPERANZA,l10n_co_base_location.zip_co_687032
7426,KENNEDY,l10n_co_base_location.zip_co_687032
7427,LA ESPERANZA,l10n_co_base_location.zip_co_687032
7428,LA INDEPENDEN,l10n_co_base_location.zip_co_687032
7429,16 DE MARZO,l10n_co_base_location.zip_co_687033
7430,9 DE ABRIL,l10n_co_base_location.zip_co_687033
7431,ALTO DEL CAMPESTRE,l10n_co_base_location.zip_co_687033
7432,ALTOS DE CAÑAVERAL,l10n_co_base_location.zip_co_687033
7433,ANTONIA SANTOS,l10n_co_base_location.zip_co_687033
7434,AREA DE PROTECCIÓN,l10n_co_base_location.zip_co_687033
7435,BELLAVISTA,l10n_co_base_location.zip_co_687033
7436,BUENAVISTA,l10n_co_base_location.zip_co_687033
7437,BUENOS AIRES,l10n_co_base_location.zip_co_687033
7438,CAMPESTRE,l10n_co_base_location.zip_co_687033
7439,CENTRO,l10n_co_base_location.zip_co_687033
7440,COLOMBIA,l10n_co_base_location.zip_co_687033
7441,EL CAMPÍN,l10n_co_base_location.zip_co_687033
7442,EL CASTILLO,l10n_co_base_location.zip_co_687033
7443,EL CERRO,l10n_co_base_location.zip_co_687033
7444,EL CHICÓ,l10n_co_base_location.zip_co_687033
7445,EL CINCUENTENARIO,l10n_co_base_location.zip_co_687033
7446,EL DORADO,l10n_co_base_location.zip_co_687033
7447,EL LIMONAR,l10n_co_base_location.zip_co_687033
7448,E,l10n_co_base_location.zip_co_687033
7449,SIN INFORMACION DE BARRIOS,l10n_co_base_location.zip_co_687037
7450,SIN INFORMACION DE BARRIOS,l10n_co_base_location.zip_co_687038
7451,SIN INFORMACION DE BARRIOS,l10n_co_base_location.zip_co_687039
7452,SIN INFORMACION DE BARRIOS,l10n_co_base_location.zip_co_687047
7453,SIN INFORMACION DE BARRIOS,l10n_co_base_location.zip_co_687061
7454,SIN INFORMACION DE BARRIOS,l10n_co_base_location.zip_co_687067
7455,SIN INFORMACION DE BARRIOS,l10n_co_base_location.zip_co_687068
7456,SIN INFORMACION DE BARRIOS,l10n_co_base_location.zip_co_687069
7457,SIN INFORMACION DE BARRIOS,l10n_co_base_location.zip_co_687501
7458,SIN INFORMACION DE BARRIOS,l10n_co_base_location.zip_co_687507
7459,SIN INFORMACION DE BARRIOS,l10n_co_base_location.zip_co_687508
7460,SIN INFORMACION DE BARRIOS,l10n_co_base_location.zip_co_687509
7461,SIN INFORMACION DE BARRIOS,l10n_co_base_location.zip_co_687511
7462,SIN INFORMACION DE BARRIOS,l10n_co_base_location.zip_co_687517
7463,SIN INFORMACION DE BARRIOS,l10n_co_base_location.zip_co_687518
7464,SIN INFORMACION DE BARRIOS,l10n_co_base_location.zip_co_687519
7465,SIN INFORMACION DE BARRIOS,l10n_co_base_location.zip_co_687527
7466,ALDEA ALTA,l10n_co_base_location.zip_co_687541
7467,ALDEA BAJA,l10n_co_base_location.zip_co_687541
7468,ALICANTE,l10n_co_base_location.zip_co_687541
7469,ALTOS DE LA CAMPIÑA,l10n_co_base_location.zip_co_687541
7470,ALTOS DE SAN ANTONIO DEL CARRI,l10n_co_base_location.zip_co_687541
7471,ALTOS DEL LLANITO,l10n_co_base_location.zip_co_687541
7472,ALTOS DEL TEJAR,l10n_co_base_location.zip_co_687541
7473,BALCONES DEL PORTAL,l10n_co_base_location.zip_co_687541
7474,BELLAVISTA,l10n_co_base_location.zip_co_687541
7475,BRISAS DEL RÍO,l10n_co_base_location.zip_co_687541
7476,CARRIZAL CAMPESTRE,l10n_co_base_location.zip_co_687541
7477,CASTILLA LA NUEVA,l10n_co_base_location.zip_co_687541
7478,CENTRO,l10n_co_base_location.zip_co_687541
7479,CONVIVIR,l10n_co_base_location.zip_co_687541
7480,CORVIANDI 3,l10n_co_base_location.zip_co_687541
7481,EL CARMEN,l10n_co_base_location.zip_co_687541
7482,EL,l10n_co_base_location.zip_co_687541
7483,1 DE MAYO,l10n_co_base_location.zip_co_687542
7484,ALTOS DE ARENALES,l10n_co_base_location.zip_co_687542
7485,ANGULITO,l10n_co_base_location.zip_co_687542
7486,ARENALES,l10n_co_base_location.zip_co_687542
7487,ARENALES IV,l10n_co_base_location.zip_co_687542
7488,ASODMEVIPO,l10n_co_base_location.zip_co_687542
7489,BADO HONDO,l10n_co_base_location.zip_co_687542
7490,BALCONES DE GALICIA,l10n_co_base_location.zip_co_687542
7491,CASA LINDA,l10n_co_base_location.zip_co_687542
7492,CASTILLA REAL 1,l10n_co_base_location.zip_co_687542
7493,CASTILLA REAL 2,l10n_co_base_location.zip_co_687542
7494,CORVIANDI 1,l10n_co_base_location.zip_co_687542
7495,EL CONSUELO,l10n_co_base_location.zip_co_687542
7496,EL GALLINERAL,l10n_co_base_location.zip_co_687542
7497,EL MALECÓN,l10n_co_base_location.zip_co_687542
7498,EL PROGRESO,l10n_co_base_location.zip_co_687542
7499,HACIENDA LA MESETA,l10n_co_base_location.zip_co_687542
7500,JARDÍN DE ARENA,l10n_co_base_location.zip_co_687542
7501,BALCONES DE PROVENZA,l10n_co_base_location.zip_co_687547
7502,BRISAS DEL CAMPO,l10n_co_base_location.zip_co_687547
7503,ESPAÑA,l10n_co_base_location.zip_co_687547
7504,LOS GUADUALES,l10n_co_base_location.zip_co_687547
7505,MALPASO,l10n_co_base_location.zip_co_687547
7506,MI PROPIO HOGAR,l10n_co_base_location.zip_co_687547
7507,TEJARES,l10n_co_base_location.zip_co_687547
7508,VILLA DE LOS CABALLEROS,l10n_co_base_location.zip_co_687547
7509,SIN INFORMACION DE BARRIOS,l10n_co_base_location.zip_co_687548
7510,SIN INFORMACION DE BARRIOS,l10n_co_base_location.zip_co_687549
7511,SIN INFORMACION DE BARRIOS,l10n_co_base_location.zip_co_687557
7512,SIN INFORMACION DE BARRIOS,l10n_co_base_location.zip_co_687558
7513,CABECERA DEL LLANO,l10n_co_base_location.zip_co_687571
7514,CAMPO ALEGRE,l10n_co_base_location.zip_co_687571
7515,CENTRO,l10n_co_base_location.zip_co_687571
7516,EL PESEBRE,l10n_co_base_location.zip_co_687571
7517,GRANJAS DE CAMPO ALEGRE,l10n_co_base_location.zip_co_687571
7518,LA LOMA,l10n_co_base_location.zip_co_687571
7519,LA POPA,l10n_co_base_location.zip_co_687571
7520,MARIA PAZ,l10n_co_base_location.zip_co_687571
7521,PINOS DE BELLAVISTA,l10n_co_base_location.zip_co_687571
7522,SAN JORGE,l10n_co_base_location.zip_co_687571
7523,SANTA BÁRBARA,l10n_co_base_location.zip_co_687571
7524,SIN INFORMACION DE BARRIOS,l10n_co_base_location.zip_co_687577
7525,SIN INFORMACION DE BARRIOS,l10n_co_base_location.zip_co_687578
7526,SIN INFORMACION DE BARRIOS,l10n_co_base_location.zip_co_687579
7527,SIN INFORMACION DE BARRIOS,l10n_co_base_location.zip_co_687587
7528,6 DE ENERO,l10n_co_base_location.zip_co_700001
7529,7 DE AGOSTO,l10n_co_base_location.zip_co_700001
7530,A PRODES,l10n_co_base_location.zip_co_700001
7531,AV LAS PENITAS,l10n_co_base_location.zip_co_700001
7532,BELLAVISTA,l10n_co_base_location.zip_co_700001
7533,BOGOTÁ,l10n_co_base_location.zip_co_700001
7534,BOSQUE,l10n_co_base_location.zip_co_700001
7535,BOSTON,l10n_co_base_location.zip_co_700001
7536,BUENOS AIRES,l10n_co_base_location.zip_co_700001
7537,CARCEL NACIONAL,l10n_co_base_location.zip_co_700001
7538,CAUCA,l10n_co_base_location.zip_co_700001
7539,CENTRO,l10n_co_base_location.zip_co_700001
7540,CHARCONCITO,l10n_co_base_location.zip_co_700001
7541,CIUDAD JARDÍN,l10n_co_base_location.zip_co_700001
7542,CIUDADELA UNIVERSITARIA I,l10n_co_base_location.zip_co_700001
7543,CIUDADELA UNIVERSITARIA II,l10n_co_base_location.zip_co_700001
7544,COSTA AZUL,l10n_co_base_location.zip_co_700001
7545,CUATRO VIENTOS,l10n_co_base_location.zip_co_700001
7546,DULCE NOMBR,l10n_co_base_location.zip_co_700001
7547,6 DE FEBRERO,l10n_co_base_location.zip_co_700002
7548,8 DE DICIEMBRE,l10n_co_base_location.zip_co_700002
7549,ALFONSO LOPEZ,l10n_co_base_location.zip_co_700002
7550,ANTONIO NARIÑO,l10n_co_base_location.zip_co_700002
7551,ARGELIA,l10n_co_base_location.zip_co_700002
7552,BARLOVENTO,l10n_co_base_location.zip_co_700002
7553,BOLÍVAR,l10n_co_base_location.zip_co_700002
7554,CANDELARIA,l10n_co_base_location.zip_co_700002
7555,CARIBE,l10n_co_base_location.zip_co_700002
7556,CARMEN,l10n_co_base_location.zip_co_700002
7557,COCUELO,l10n_co_base_location.zip_co_700002
7558,COREA,l10n_co_base_location.zip_co_700002
7559,CORTIJO,l10n_co_base_location.zip_co_700002
7560,DIVINO NIÑO,l10n_co_base_location.zip_co_700002
7561,EL BRUJO,l10n_co_base_location.zip_co_700002
7562,EL MAIZAL,l10n_co_base_location.zip_co_700002
7563,EL ZUMBADO,l10n_co_base_location.zip_co_700002
7564,ESPAÑA,l10n_co_base_location.zip_co_700002
7565,ESPERANZA,l10n_co_base_location.zip_co_700002
7566,GAITÁN,l10n_co_base_location.zip_co_700002
7567,GAITÁN II,l10n_co_base_location.zip_co_700002
7568,GRAN COLOMBIA,l10n_co_base_location.zip_co_700002
7569,INDEPENDENCI,l10n_co_base_location.zip_co_700002
7570,17 DE SEPTIEMBRE,l10n_co_base_location.zip_co_700003
7571,2 DE SEPTIEMBRE,l10n_co_base_location.zip_co_700003
7572,20 DE JULIO,l10n_co_base_location.zip_co_700003
7573,ALTOS DEL ROSARIO,l10n_co_base_location.zip_co_700003
7574,BOGOLO,l10n_co_base_location.zip_co_700003
7575,BONGO,l10n_co_base_location.zip_co_700003
7576,BOTERO I,l10n_co_base_location.zip_co_700003
7577,BOTERO II,l10n_co_base_location.zip_co_700003
7578,CALIFORNIA,l10n_co_base_location.zip_co_700003
7579,CALLE DEL CAMPO,l10n_co_base_location.zip_co_700003
7580,CAMILO TORRES,l10n_co_base_location.zip_co_700003
7581,CERRITO COLORADO,l10n_co_base_location.zip_co_700003
7582,CHACURI,l10n_co_base_location.zip_co_700003
7583,CHADID,l10n_co_base_location.zip_co_700003
7584,CIELO AZUL,l10n_co_base_location.zip_co_700003
7585,CIUDAD SATÉLITE,l10n_co_base_location.zip_co_700003
7586,CRUZ DE MAYO,l10n_co_base_location.zip_co_700003
7587,DIVINO SALVADOR I,l10n_co_base_location.zip_co_700003
7588,DIVINO SALV,l10n_co_base_location.zip_co_700003
7589,SIN INFORMACION DE BARRIOS,l10n_co_base_location.zip_co_700007
7590,EL RUBY,l10n_co_base_location.zip_co_700008
7591,SIN INFORMACION DE BARRIOS,l10n_co_base_location.zip_co_700009
7592,SIN INFORMACION DE BARRIOS,l10n_co_base_location.zip_co_700017
7593,SIN INFORMACION DE BARRIOS,l10n_co_base_location.zip_co_701010
7594,SIN INFORMACION DE BARRIOS,l10n_co_base_location.zip_co_701017
7595,SIN INFORMACION DE BARRIOS,l10n_co_base_location.zip_co_701030
7596,SIN INFORMACION DE BARRIOS,l10n_co_base_location.zip_co_701037
7597,SIN INFORMACION DE BARRIOS,l10n_co_base_location.zip_co_701038
7598,SIN INFORMACION DE BARRIOS,l10n_co_base_location.zip_co_701050
7599,SIN INFORMACION DE BARRIOS,l10n_co_base_location.zip_co_701057
7600,SIN INFORMACION DE BARRIOS,l10n_co_base_location.zip_co_701058
7601,9 DE ABRIL,l10n_co_base_location.zip_co_701070
7602,CALLE BAJA,l10n_co_base_location.zip_co_701070
7603,CHAMBACÚ,l10n_co_base_location.zip_co_701070
7604,LA CANDELARIA,l10n_co_base_location.zip_co_701070
7605,LA PARROQUIA,l10n_co_base_location.zip_co_701070
7606,LA PLAZA,l10n_co_base_location.zip_co_701070
7607,MARIANAS,l10n_co_base_location.zip_co_701070
7608,PALITO,l10n_co_base_location.zip_co_701070
7609,RINCÓN CENTRO,l10n_co_base_location.zip_co_701070
7610,SABANAS DE MEDELLÍN,l10n_co_base_location.zip_co_701070
7611,SAN RAFAEL,l10n_co_base_location.zip_co_701070
7612,CENTENARIO,l10n_co_base_location.zip_co_701077
7613,EL ROSARIO,l10n_co_base_location.zip_co_701077
7614,SAN FRANCISCO,l10n_co_base_location.zip_co_701077
7615,VILLA MAR,l10n_co_base_location.zip_co_701077
7616,AV SAN BLAS,l10n_co_base_location.zip_co_701078
7617,LA CRUZ,l10n_co_base_location.zip_co_701078
7618,LOS NOGALES,l10n_co_base_location.zip_co_701078
7619,RAFAEL NÚÑEZ,l10n_co_base_location.zip_co_701078
7620,CENTRO,l10n_co_base_location.zip_co_702010
7621,CORAZÓN DE JESÚS,l10n_co_base_location.zip_co_702010
7622,EL MERCADITO,l10n_co_base_location.zip_co_702010
7623,EL ROSAL,l10n_co_base_location.zip_co_702010
7624,EL ROSARIO,l10n_co_base_location.zip_co_702010
7625,JOSÉ A GALÁN,l10n_co_base_location.zip_co_702010
7626,KENNEDY,l10n_co_base_location.zip_co_702010
7627,LA CONCEPCIÓN,l10n_co_base_location.zip_co_702010
7628,LA CRUZ,l10n_co_base_location.zip_co_702010
7629,LA VARIANTE,l10n_co_base_location.zip_co_702010
7630,LAS FLORES,l10n_co_base_location.zip_co_702010
7631,LOS COCOS,l10n_co_base_location.zip_co_702010
7632,MANIZALES,l10n_co_base_location.zip_co_702010
7633,PRIMERO DE MAYO,l10n_co_base_location.zip_co_702010
7634,SAN JOSÉ,l10n_co_base_location.zip_co_702010
7635,SAN MARTÍN,l10n_co_base_location.zip_co_702010
7636,SAN ROQUE,l10n_co_base_location.zip_co_702010
7637,VILLA VICTORIA,l10n_co_base_location.zip_co_702010
7638,EL JARDÝN,l10n_co_base_location.zip_co_702017
7639,SIN INFORMACION DE BARRIOS,l10n_co_base_location.zip_co_702018
7640,7 DE AGOSTO,l10n_co_base_location.zip_co_702030
7641,7 DE AGOSTO I,l10n_co_base_location.zip_co_702030
7642,CENTRO,l10n_co_base_location.zip_co_702030
7643,DIVINO NIÑO,l10n_co_base_location.zip_co_702030
7644,EL CARMEN,l10n_co_base_location.zip_co_702030
7645,EL PARAÍSO,l10n_co_base_location.zip_co_702030
7646,LA CRUZ,l10n_co_base_location.zip_co_702030
7647,LA ESPERANZA,l10n_co_base_location.zip_co_702030
7648,LA PAZ,l10n_co_base_location.zip_co_702030
7649,SAN FRANCISCO,l10n_co_base_location.zip_co_702030
7650,SAN JOSÉ,l10n_co_base_location.zip_co_702030
7651,SAN MARTÍN,l10n_co_base_location.zip_co_702030
7652,SAN RAFAEL,l10n_co_base_location.zip_co_702030
7653,SANTA LUCÍA,l10n_co_base_location.zip_co_702030
7654,SANTO TOMÁS,l10n_co_base_location.zip_co_702030
7655,SIN INFORMACION DE BARRIOS,l10n_co_base_location.zip_co_702037
7656,SIN INFORMACION DE BARRIOS,l10n_co_base_location.zip_co_702050
7657,SIN INFORMACION DE BARRIOS,l10n_co_base_location.zip_co_702057
7658,AMORES NUEVOS,l10n_co_base_location.zip_co_702070
7659,BODEGA,l10n_co_base_location.zip_co_702070
7660,BOSQUE,l10n_co_base_location.zip_co_702070
7661,BUENOS AIRES,l10n_co_base_location.zip_co_702070
7662,CARPETA,l10n_co_base_location.zip_co_702070
7663,CASCAJITO,l10n_co_base_location.zip_co_702070
7664,CEMENTERIO,l10n_co_base_location.zip_co_702070
7665,CENTRO,l10n_co_base_location.zip_co_702070
7666,CHARCO COLORADO,l10n_co_base_location.zip_co_702070
7667,CHUPUNDUN,l10n_co_base_location.zip_co_702070
7668,COLOMBIA,l10n_co_base_location.zip_co_702070
7669,DIVINO NIÑO,l10n_co_base_location.zip_co_702070
7670,EL TRÉBOL,l10n_co_base_location.zip_co_702070
7671,EL VATICANO,l10n_co_base_location.zip_co_702070
7672,ESMERALDA,l10n_co_base_location.zip_co_702070
7673,ESTANCO,l10n_co_base_location.zip_co_702070
7674,GAITÁN,l10n_co_base_location.zip_co_702070
7675,GUINEA,l10n_co_base_location.zip_co_702070
7676,LA CEJA,l10n_co_base_location.zip_co_702070
7677,LAS MALVINAS,l10n_co_base_location.zip_co_702070
7678,PALACIO,l10n_co_base_location.zip_co_702070
7679,PUEBLO NUEVO,l10n_co_base_location.zip_co_702070
7680,SAN FRANCISCO,l10n_co_base_location.zip_co_702070
7681,SIN INFORMACION DE BARRIOS,l10n_co_base_location.zip_co_702077
7682,CORINTIO,l10n_co_base_location.zip_co_702078
7683,SIN INFORMACION DE BARRIOS,l10n_co_base_location.zip_co_703010
7684,SIN INFORMACION DE BARRIOS,l10n_co_base_location.zip_co_703017
7685,SIN INFORMACION DE BARRIOS,l10n_co_base_location.zip_co_703018
7686,SIN INFORMACION DE BARRIOS,l10n_co_base_location.zip_co_703030
7687,SIN INFORMACION DE BARRIOS,l10n_co_base_location.zip_co_703037
7688,SIN INFORMACION DE BARRIOS,l10n_co_base_location.zip_co_703038
7689,SIN INFORMACION DE BARRIOS,l10n_co_base_location.zip_co_703050
7690,SIN INFORMACION DE BARRIOS,l10n_co_base_location.zip_co_703057
7691,SIN INFORMACION DE BARRIOS,l10n_co_base_location.zip_co_703058
7692,SIN INFORMACION DE BARRIOS,l10n_co_base_location.zip_co_703070
7693,SIN INFORMACION DE BARRIOS,l10n_co_base_location.zip_co_703077
7694,SIN INFORMACION DE BARRIOS,l10n_co_base_location.zip_co_703078
7695,SIN INFORMACION DE BARRIOS,l10n_co_base_location.zip_co_704010
7696,SIN INFORMACION DE BARRIOS,l10n_co_base_location.zip_co_704017
7697,SIN INFORMACION DE BARRIOS,l10n_co_base_location.zip_co_704018
7698,20 DE ENERO,l10n_co_base_location.zip_co_704030
7699,BENJAMÍN PORRAS,l10n_co_base_location.zip_co_704030
7700,BUENOS AIRES,l10n_co_base_location.zip_co_704030
7701,CALANCALA,l10n_co_base_location.zip_co_704030
7702,CENTRO,l10n_co_base_location.zip_co_704030
7703,EL PRADO,l10n_co_base_location.zip_co_704030
7704,EL PROGRESO,l10n_co_base_location.zip_co_704030
7705,FERNÁN FORTICH,l10n_co_base_location.zip_co_704030
7706,KENNEDY,l10n_co_base_location.zip_co_704030
7707,LA CANDELARIA,l10n_co_base_location.zip_co_704030
7708,LAS MARAVILLAS,l10n_co_base_location.zip_co_704030
7709,LOS ÁNGELES,l10n_co_base_location.zip_co_704030
7710,MARIANO ÁLVAREZ,l10n_co_base_location.zip_co_704030
7711,NUEVO MÉXICO,l10n_co_base_location.zip_co_704030
7712,PABLO VI,l10n_co_base_location.zip_co_704030
7713,PRIMERO DE JUNIO,l10n_co_base_location.zip_co_704030
7714,PUERTO LÓPEZ,l10n_co_base_location.zip_co_704030
7715,SAN FRANCISCO,l10n_co_base_location.zip_co_704030
7716,SAN JOSÉ,l10n_co_base_location.zip_co_704030
7717,SA,l10n_co_base_location.zip_co_704030
7718,SAN RAFAEL,l10n_co_base_location.zip_co_704037
7719,SIN INFORMACION DE BARRIOS,l10n_co_base_location.zip_co_704038
7720,AVENIDA NÚÑEZ,l10n_co_base_location.zip_co_704050
7721,BETANIA,l10n_co_base_location.zip_co_704050
7722,DOCE DE MARZO,l10n_co_base_location.zip_co_704050
7723,LA PAZ,l10n_co_base_location.zip_co_704050
7724,LAS BRISAS,l10n_co_base_location.zip_co_704050
7725,LOS CAYITOS,l10n_co_base_location.zip_co_704050
7726,NUEVO,l10n_co_base_location.zip_co_704050
7727,PARALIBIO,l10n_co_base_location.zip_co_704050
7728,PUEBLO NUEVO,l10n_co_base_location.zip_co_704050
7729,SAN ANTONIO,l10n_co_base_location.zip_co_704050
7730,SAN MATEO,l10n_co_base_location.zip_co_704050
7731,SAN PEDRO,l10n_co_base_location.zip_co_704050
7732,SANTA FÉ,l10n_co_base_location.zip_co_704050
7733,SANTANDER,l10n_co_base_location.zip_co_704050
7734,SANTO DOMINGO,l10n_co_base_location.zip_co_704050
7735,URBANIZACIÓN SAN ANTONIO,l10n_co_base_location.zip_co_704050
7736,LAGUNA DE OXIDACIÓN,l10n_co_base_location.zip_co_704057
7737,MATADERO MUNICIPAL,l10n_co_base_location.zip_co_704057
7738,SIN INFORMACION DE BARRIOS,l10n_co_base_location.zip_co_705010
7739,SIN INFORMACION DE BARRIOS,l10n_co_base_location.zip_co_705017
7740,SIN INFORMACION DE BARRIOS,l10n_co_base_location.zip_co_705018
7741,12 DE ENERO,l10n_co_base_location.zip_co_705030
7742,2 DE FEBRERO,l10n_co_base_location.zip_co_705030
7743,ASOBIPOBA,l10n_co_base_location.zip_co_705030
7744,BUENOS AIRES,l10n_co_base_location.zip_co_705030
7745,CALLE NUEVA,l10n_co_base_location.zip_co_705030
7746,CARTAGENA DE INDIAS,l10n_co_base_location.zip_co_705030
7747,DAGER CHADID,l10n_co_base_location.zip_co_705030
7748,DIVINO NIÑO,l10n_co_base_location.zip_co_705030
7749,DOCE DE OCTUBRE,l10n_co_base_location.zip_co_705030
7750,DULCE NOMBRE DE JESÚS,l10n_co_base_location.zip_co_705030
7751,EL CARMEN,l10n_co_base_location.zip_co_705030
7752,EL CEIBON,l10n_co_base_location.zip_co_705030
7753,EL OASIS,l10n_co_base_location.zip_co_705030
7754,ISLA GRANDE,l10n_co_base_location.zip_co_705030
7755,LA CONCEPCIÓN,l10n_co_base_location.zip_co_705030
7756,LA ISLA,l10n_co_base_location.zip_co_705030
7757,LA JOSEFINA,l10n_co_base_location.zip_co_705030
7758,LA MACARENA,l10n_co_base_location.zip_co_705030
7759,LAS ALB,l10n_co_base_location.zip_co_705030
7760,BRUCELAS,l10n_co_base_location.zip_co_705037
7761,LUIS CARLOS GALÁN,l10n_co_base_location.zip_co_705037
7762,MARRUECOS,l10n_co_base_location.zip_co_705037
7763,SIN INFORMACION DE BARRIOS,l10n_co_base_location.zip_co_705038
7764,SIN INFORMACION DE BARRIOS,l10n_co_base_location.zip_co_705039
7765,CALLE NUEVA,l10n_co_base_location.zip_co_705050
7766,CALLE REAL,l10n_co_base_location.zip_co_705050
7767,CENTRO,l10n_co_base_location.zip_co_705050
7768,COREA,l10n_co_base_location.zip_co_705050
7769,LA ARENA,l10n_co_base_location.zip_co_705050
7770,LAS PEÑITAS,l10n_co_base_location.zip_co_705050
7771,LOS ALMENDROS,l10n_co_base_location.zip_co_705050
7772,LUIS MIGUEL,l10n_co_base_location.zip_co_705050
7773,PADILLA,l10n_co_base_location.zip_co_705050
7774,SAN FRANCISCO,l10n_co_base_location.zip_co_705050
7775,SAN MATEO,l10n_co_base_location.zip_co_705050
7776,SIN INFORMACION DE BARRIOS,l10n_co_base_location.zip_co_705057
7777,SIN INFORMACION DE BARRIOS,l10n_co_base_location.zip_co_705058
7778,12 DE OCTUBRE,l10n_co_base_location.zip_co_705070
7779,7 DE AGOSTO,l10n_co_base_location.zip_co_705070
7780,9 DE MARZO,l10n_co_base_location.zip_co_705070
7781,BALCONES DEL RÍO,l10n_co_base_location.zip_co_705070
7782,BARRANQUILLITA,l10n_co_base_location.zip_co_705070
7783,EL CAMPANO,l10n_co_base_location.zip_co_705070
7784,EL CARMEN,l10n_co_base_location.zip_co_705070
7785,FÁTIMA,l10n_co_base_location.zip_co_705070
7786,GUSTAVO DAJER,l10n_co_base_location.zip_co_705070
7787,LA BALSA,l10n_co_base_location.zip_co_705070
7788,LA PALMA,l10n_co_base_location.zip_co_705070
7789,LAS COLINAS,l10n_co_base_location.zip_co_705070
7790,LAS FLORES,l10n_co_base_location.zip_co_705070
7791,LAS MERCEDES,l10n_co_base_location.zip_co_705070
7792,MILLÁN VARGAS,l10n_co_base_location.zip_co_705070
7793,PERA ALONSO,l10n_co_base_location.zip_co_705070
7794,SAMPUMAS,l10n_co_base_location.zip_co_705070
7795,SAN JOSÉ,l10n_co_base_location.zip_co_705070
7796,SAN JUAN DE DIOS,l10n_co_base_location.zip_co_705070
7797,SANTA MART,l10n_co_base_location.zip_co_705070
7798,12 DE NOVIEMBRE,l10n_co_base_location.zip_co_705077
7799,CALLE REAL,l10n_co_base_location.zip_co_705077
7800,EL CARMELO,l10n_co_base_location.zip_co_705077
7801,EL OASIS,l10n_co_base_location.zip_co_705077
7802,LA ESPERANZA,l10n_co_base_location.zip_co_705077
7803,LAS ACACIAS,l10n_co_base_location.zip_co_705077
7804,LAS PERONILLAS,l10n_co_base_location.zip_co_705077
7805,ZONA ARTESANAL,l10n_co_base_location.zip_co_705077
7806,PUEBLO NUEVO,l10n_co_base_location.zip_co_705078
7807,SIN INFORMACION DE BARRIOS,l10n_co_base_location.zip_co_705079
7808,BRISAS DEL MAR,l10n_co_base_location.zip_co_706010
7809,CALLE NUEVA,l10n_co_base_location.zip_co_706010
7810,CENTRO,l10n_co_base_location.zip_co_706010
7811,CIUDADELA EL GOLFO,l10n_co_base_location.zip_co_706010
7812,EL ARROYITO,l10n_co_base_location.zip_co_706010
7813,EL CANGREJO,l10n_co_base_location.zip_co_706010
7814,EL EDÉN,l10n_co_base_location.zip_co_706010
7815,EL PALMAR,l10n_co_base_location.zip_co_706010
7816,EL PROGRESO,l10n_co_base_location.zip_co_706010
7817,EL SANTUARIO,l10n_co_base_location.zip_co_706010
7818,EL SÍMBOLO,l10n_co_base_location.zip_co_706010
7819,LA ESPERANZA,l10n_co_base_location.zip_co_706010
7820,LA GRACIA DE DIOS,l10n_co_base_location.zip_co_706010
7821,LUIS CARLOS GALÁN,l10n_co_base_location.zip_co_706010
7822,MAFUFO,l10n_co_base_location.zip_co_706010
7823,PLAYA HERMOSA,l10n_co_base_location.zip_co_706010
7824,SAMORA,l10n_co_base_location.zip_co_706010
7825,SAN FELIPE,l10n_co_base_location.zip_co_706010
7826,SAN ISIDRO,l10n_co_base_location.zip_co_706010
7827,SAN MI,l10n_co_base_location.zip_co_706010
7828,TOL· NUEVO,l10n_co_base_location.zip_co_706017
7829,SIN INFORMACION DE BARRIOS,l10n_co_base_location.zip_co_706018
7830,SIN INFORMACION DE BARRIOS,l10n_co_base_location.zip_co_706030
7831,SIN INFORMACION DE BARRIOS,l10n_co_base_location.zip_co_706037
7832,SIN INFORMACION DE BARRIOS,l10n_co_base_location.zip_co_706050
7833,SIN INFORMACION DE BARRIOS,l10n_co_base_location.zip_co_706057
7834,ALTO DE JULIO,l10n_co_base_location.zip_co_707010
7835,ARROYITO,l10n_co_base_location.zip_co_707010
7836,CENTRO,l10n_co_base_location.zip_co_707010
7837,DULCE NOMBRE,l10n_co_base_location.zip_co_707010
7838,EL ARENAL,l10n_co_base_location.zip_co_707010
7839,EL COPÉ,l10n_co_base_location.zip_co_707010
7840,EL PORVENIR,l10n_co_base_location.zip_co_707010
7841,EL PUERTO,l10n_co_base_location.zip_co_707010
7842,KENNEDY,l10n_co_base_location.zip_co_707010
7843,LA BALSA,l10n_co_base_location.zip_co_707010
7844,LA CEIBITA,l10n_co_base_location.zip_co_707010
7845,LA COLINA,l10n_co_base_location.zip_co_707010
7846,LA POPA,l10n_co_base_location.zip_co_707010
7847,LAS FLORES,l10n_co_base_location.zip_co_707010
7848,MADRE BERNARDA,l10n_co_base_location.zip_co_707010
7849,MANGA,l10n_co_base_location.zip_co_707010
7850,NUEVO BOSQUE,l10n_co_base_location.zip_co_707010
7851,PALITO,l10n_co_base_location.zip_co_707010
7852,PALO ALTO,l10n_co_base_location.zip_co_707010
7853,SAN ANTONIO,l10n_co_base_location.zip_co_707010
7854,UNIÓN CAMPESINA,l10n_co_base_location.zip_co_707010
7855,SIN INFORMACION DE BARRIOS,l10n_co_base_location.zip_co_707017
7856,SIN INFORMACION DE BARRIOS,l10n_co_base_location.zip_co_707018
7857,6 DE ENERO,l10n_co_base_location.zip_co_707030
7858,CALLE NUEVA,l10n_co_base_location.zip_co_707030
7859,VILLA MARÍA,l10n_co_base_location.zip_co_707030
7860,ALTO BOSQUE LA 40,l10n_co_base_location.zip_co_707037
7861,CALLE REAL,l10n_co_base_location.zip_co_707037
7862,DIVINO NIÑO,l10n_co_base_location.zip_co_707037
7863,DONALDO BADEL,l10n_co_base_location.zip_co_707037
7864,EL RECUERDO,l10n_co_base_location.zip_co_707037
7865,LA CRUZ,l10n_co_base_location.zip_co_707037
7866,LA PATRIA,l10n_co_base_location.zip_co_707037
7867,LA PAZ,l10n_co_base_location.zip_co_707037
7868,LAS CAMPESINAS,l10n_co_base_location.zip_co_707037
7869,LAS DELICIAS,l10n_co_base_location.zip_co_707037
7870,LAS FLORES,l10n_co_base_location.zip_co_707037
7871,PALMOLIVE,l10n_co_base_location.zip_co_707037
7872,SAN MIGUEL,l10n_co_base_location.zip_co_707037
7873,SIN INFORMACION DE BARRIOS,l10n_co_base_location.zip_co_707050
7874,SIN INFORMACION DE BARRIOS,l10n_co_base_location.zip_co_707057
7875,SIN INFORMACION DE BARRIOS,l10n_co_base_location.zip_co_730001
7876,SIN INFORMACION DE BARRIOS,l10n_co_base_location.zip_co_730002
7877,SIN INFORMACION DE BARRIOS,l10n_co_base_location.zip_co_730003
7878,SIN INFORMACION DE BARRIOS,l10n_co_base_location.zip_co_730004
7879,SIN INFORMACION DE BARRIOS,l10n_co_base_location.zip_co_730005
7880,SIN INFORMACION DE BARRIOS,l10n_co_base_location.zip_co_730006
7881,SIN INFORMACION DE BARRIOS,l10n_co_base_location.zip_co_730007
7882,SIN INFORMACION DE BARRIOS,l10n_co_base_location.zip_co_730008
7883,SIN INFORMACION DE BARRIOS,l10n_co_base_location.zip_co_730009
7884,SIN INFORMACION DE BARRIOS,l10n_co_base_location.zip_co_730010
7885,SIN INFORMACION DE BARRIOS,l10n_co_base_location.zip_co_730017
7886,SIN INFORMACION DE BARRIOS,l10n_co_base_location.zip_co_730018
7887,SIN INFORMACION DE BARRIOS,l10n_co_base_location.zip_co_730019
7888,SIN INFORMACION DE BARRIOS,l10n_co_base_location.zip_co_730501
7889,SIN INFORMACION DE BARRIOS,l10n_co_base_location.zip_co_730507
7890,SIN INFORMACION DE BARRIOS,l10n_co_base_location.zip_co_730520
7891,SIN INFORMACION DE BARRIOS,l10n_co_base_location.zip_co_730527
7892,SIN INFORMACION DE BARRIOS,l10n_co_base_location.zip_co_730528
7893,SIN INFORMACION DE BARRIOS,l10n_co_base_location.zip_co_730540
7894,SIN INFORMACION DE BARRIOS,l10n_co_base_location.zip_co_730547
7895,SIN INFORMACION DE BARRIOS,l10n_co_base_location.zip_co_730548
7896,SIN INFORMACION DE BARRIOS,l10n_co_base_location.zip_co_730560
7897,SIN INFORMACION DE BARRIOS,l10n_co_base_location.zip_co_730567
7898,SIN INFORMACION DE BARRIOS,l10n_co_base_location.zip_co_730568
7899,SIN INFORMACION DE BARRIOS,l10n_co_base_location.zip_co_730580
7900,SIN INFORMACION DE BARRIOS,l10n_co_base_location.zip_co_730587
7901,SIN INFORMACION DE BARRIOS,l10n_co_base_location.zip_co_730588
7902,SIN INFORMACION DE BARRIOS,l10n_co_base_location.zip_co_731001
7903,SIN INFORMACION DE BARRIOS,l10n_co_base_location.zip_co_731007
7904,SIN INFORMACION DE BARRIOS,l10n_co_base_location.zip_co_731020
7905,SIN INFORMACION DE BARRIOS,l10n_co_base_location.zip_co_731027
7906,20 DE JULIO,l10n_co_base_location.zip_co_731040
7907,COLOYITA,l10n_co_base_location.zip_co_731040
7908,EL CARMEN,l10n_co_base_location.zip_co_731040
7909,EL CEDRAL,l10n_co_base_location.zip_co_731040
7910,EL CENTRO,l10n_co_base_location.zip_co_731040
7911,EL ESTADIO,l10n_co_base_location.zip_co_731040
7912,EL PALMAR,l10n_co_base_location.zip_co_731040
7913,EL PORVENIR,l10n_co_base_location.zip_co_731040
7914,ISIDRO PARRA,l10n_co_base_location.zip_co_731040
7915,JARAMILLO,l10n_co_base_location.zip_co_731040
7916,LA LIBERTAD,l10n_co_base_location.zip_co_731040
7917,LA POLCA,l10n_co_base_location.zip_co_731040
7918,LAS ACACIAS,l10n_co_base_location.zip_co_731040
7919,LAS AMÉRICAS,l10n_co_base_location.zip_co_731040
7920,LAS BRISAS,l10n_co_base_location.zip_co_731040
7921,LAS FERIAS,l10n_co_base_location.zip_co_731040
7922,LOS PINOS,l10n_co_base_location.zip_co_731040
7923,LUIS FLOREZ,l10n_co_base_location.zip_co_731040
7924,MARSELLA,l10n_co_base_location.zip_co_731040
7925,PABLO SEXTO,l10n_co_base_location.zip_co_731040
7926,PIZARRO L GÓMEZ,l10n_co_base_location.zip_co_731040
7927,SIN INFORMACION DE BARRIOS,l10n_co_base_location.zip_co_731047
7928,SIN INFORMACION DE BARRIOS,l10n_co_base_location.zip_co_731048
7929,SIN INFORMACION DE BARRIOS,l10n_co_base_location.zip_co_731060
7930,SIN INFORMACION DE BARRIOS,l10n_co_base_location.zip_co_731067
7931,SIN INFORMACION DE BARRIOS,l10n_co_base_location.zip_co_731501
7932,SIN INFORMACION DE BARRIOS,l10n_co_base_location.zip_co_731507
7933,SIN INFORMACION DE BARRIOS,l10n_co_base_location.zip_co_731508
7934,SIN INFORMACION DE BARRIOS,l10n_co_base_location.zip_co_731520
7935,SIN INFORMACION DE BARRIOS,l10n_co_base_location.zip_co_731527
7936,SIN INFORMACION DE BARRIOS,l10n_co_base_location.zip_co_731528
7937,SIN INFORMACION DE BARRIOS,l10n_co_base_location.zip_co_731540
7938,SIN INFORMACION DE BARRIOS,l10n_co_base_location.zip_co_731547
7939,SIN INFORMACION DE BARRIOS,l10n_co_base_location.zip_co_731548
7940,SIN INFORMACION DE BARRIOS,l10n_co_base_location.zip_co_731560
7941,SIN INFORMACION DE BARRIOS,l10n_co_base_location.zip_co_731567
7942,SIN INFORMACION DE BARRIOS,l10n_co_base_location.zip_co_731568
7943,SIN INFORMACION DE BARRIOS,l10n_co_base_location.zip_co_731580
7944,SIN INFORMACION DE BARRIOS,l10n_co_base_location.zip_co_731587
7945,SIN INFORMACION DE BARRIOS,l10n_co_base_location.zip_co_732001
7946,SIN INFORMACION DE BARRIOS,l10n_co_base_location.zip_co_732007
7947,SIN INFORMACION DE BARRIOS,l10n_co_base_location.zip_co_732008
7948,SIN INFORMACION DE BARRIOS,l10n_co_base_location.zip_co_732020
7949,SIN INFORMACION DE BARRIOS,l10n_co_base_location.zip_co_732027
7950,SIN INFORMACION DE BARRIOS,l10n_co_base_location.zip_co_732028
7951,SIN INFORMACION DE BARRIOS,l10n_co_base_location.zip_co_732040
7952,SIN INFORMACION DE BARRIOS,l10n_co_base_location.zip_co_732047
7953,SIN INFORMACION DE BARRIOS,l10n_co_base_location.zip_co_732048
7954,SIN INFORMACION DE BARRIOS,l10n_co_base_location.zip_co_732060
7955,SIN INFORMACION DE BARRIOS,l10n_co_base_location.zip_co_732067
7956,SIN INFORMACION DE BARRIOS,l10n_co_base_location.zip_co_732068
7957,20 DE JULIO,l10n_co_base_location.zip_co_732501
7958,CALLE LARGA,l10n_co_base_location.zip_co_732501
7959,CENTRO,l10n_co_base_location.zip_co_732501
7960,EL JARDÍN,l10n_co_base_location.zip_co_732501
7961,EL MIRADOR DEL BOSQUE,l10n_co_base_location.zip_co_732501
7962,EVELIO GÓMEZ,l10n_co_base_location.zip_co_732501
7963,IBANAZCA,l10n_co_base_location.zip_co_732501
7964,LA FERIA,l10n_co_base_location.zip_co_732501
7965,LA UNIÓN,l10n_co_base_location.zip_co_732501
7966,LA VILLA,l10n_co_base_location.zip_co_732501
7967,URBANIZACIÓN LOS MANZANOS,l10n_co_base_location.zip_co_732501
7968,EL BOSQUE,l10n_co_base_location.zip_co_732507
7969,SIN INFORMACION DE BARRIOS,l10n_co_base_location.zip_co_732508
7970,SIN INFORMACION DE BARRIOS,l10n_co_base_location.zip_co_733001
7971,SIN INFORMACION DE BARRIOS,l10n_co_base_location.zip_co_733007
7972,SIN INFORMACION DE BARRIOS,l10n_co_base_location.zip_co_733008
7973,SIN INFORMACION DE BARRIOS,l10n_co_base_location.zip_co_733020
7974,SIN INFORMACION DE BARRIOS,l10n_co_base_location.zip_co_733027
7975,SIN INFORMACION DE BARRIOS,l10n_co_base_location.zip_co_733040
7976,SIN INFORMACION DE BARRIOS,l10n_co_base_location.zip_co_733047
7977,SIN INFORMACION DE BARRIOS,l10n_co_base_location.zip_co_733048
7978,SIN INFORMACION DE BARRIOS,l10n_co_base_location.zip_co_733501
7979,SIN INFORMACION DE BARRIOS,l10n_co_base_location.zip_co_733507
7980,SIN INFORMACION DE BARRIOS,l10n_co_base_location.zip_co_733508
7981,SIN INFORMACION DE BARRIOS,l10n_co_base_location.zip_co_733510
7982,SIN INFORMACION DE BARRIOS,l10n_co_base_location.zip_co_733517
7983,1 DE MAYO,l10n_co_base_location.zip_co_733520
7984,ARKABAL,l10n_co_base_location.zip_co_733520
7985,BALCANES,l10n_co_base_location.zip_co_733520
7986,BELÉN,l10n_co_base_location.zip_co_733520
7987,BETANIA CAMPESTRE,l10n_co_base_location.zip_co_733520
7988,CABALLERO Y GÓNGORA,l10n_co_base_location.zip_co_733520
7989,CENTRO,l10n_co_base_location.zip_co_733520
7990,FATIMA,l10n_co_base_location.zip_co_733520
7991,ISAÍAS,l10n_co_base_location.zip_co_733520
7992,LIBERTADOR,l10n_co_base_location.zip_co_733520
7993,NACIONAL,l10n_co_base_location.zip_co_733520
7994,RONDÓN,l10n_co_base_location.zip_co_733520
7995,SAN PEDRO,l10n_co_base_location.zip_co_733520
7996,SAN RAFAEL,l10n_co_base_location.zip_co_733520
7997,SANTA MARGARITA MARÍA,l10n_co_base_location.zip_co_733520
7998,SAUCEDAL,l10n_co_base_location.zip_co_733520
7999,TALURA,l10n_co_base_location.zip_co_733520
8000,URBANIZACIÓN LA MAGDALENA I ETAPA,l10n_co_base_location.zip_co_733520
8001,CAFASUR,l10n_co_base_location.zip_co_733520
8002,ENTRE RIOS,l10n_co_base_location.zip_co_733520
8003,URBAN,l10n_co_base_location.zip_co_733520
8004,SIN INFORMACION DE BARRIOS,l10n_co_base_location.zip_co_733527
8005,SIN INFORMACION DE BARRIOS,l10n_co_base_location.zip_co_733528
8006,SIN INFORMACION DE BARRIOS,l10n_co_base_location.zip_co_733529
8007,SIN INFORMACION DE BARRIOS,l10n_co_base_location.zip_co_733540
8008,SIN INFORMACION DE BARRIOS,l10n_co_base_location.zip_co_733547
8009,SIN INFORMACION DE BARRIOS,l10n_co_base_location.zip_co_733548
8010,SIN INFORMACION DE BARRIOS,l10n_co_base_location.zip_co_733549
8011,SIN INFORMACION DE BARRIOS,l10n_co_base_location.zip_co_733557
8012,SIN INFORMACION DE BARRIOS,l10n_co_base_location.zip_co_733558
8013,SIN INFORMACION DE BARRIOS,l10n_co_base_location.zip_co_733570
8014,SIN INFORMACION DE BARRIOS,l10n_co_base_location.zip_co_733577
8015,SIN INFORMACION DE BARRIOS,l10n_co_base_location.zip_co_733578
8016,SIN INFORMACION DE BARRIOS,l10n_co_base_location.zip_co_733580
8017,SIN INFORMACION DE BARRIOS,l10n_co_base_location.zip_co_733587
8018,SIN INFORMACION DE BARRIOS,l10n_co_base_location.zip_co_733588
8019,SIN INFORMACION DE BARRIOS,l10n_co_base_location.zip_co_733590
8020,SIN INFORMACION DE BARRIOS,l10n_co_base_location.zip_co_733597
8021,SIN INFORMACION DE BARRIOS,l10n_co_base_location.zip_co_734001
8022,SIN INFORMACION DE BARRIOS,l10n_co_base_location.zip_co_734007
8023,ALFONSO URIBE,l10n_co_base_location.zip_co_734020
8024,ALTO DE LA VIRGEN,l10n_co_base_location.zip_co_734020
8025,CENTRO,l10n_co_base_location.zip_co_734020
8026,LA CAMPIÑA,l10n_co_base_location.zip_co_734020
8027,LA GRAN VÍA,l10n_co_base_location.zip_co_734020
8028,LA PALMA,l10n_co_base_location.zip_co_734020
8029,LOS ALMENDROS,l10n_co_base_location.zip_co_734020
8030,LOS HORNITOS,l10n_co_base_location.zip_co_734020
8031,MACARENA,l10n_co_base_location.zip_co_734020
8032,OBRERO,l10n_co_base_location.zip_co_734020
8033,PARROQUIA VIEJA,l10n_co_base_location.zip_co_734020
8034,PUEBLO NUEVO,l10n_co_base_location.zip_co_734020
8035,SANTOFIMIO,l10n_co_base_location.zip_co_734020
8036,EL TABLAZO,l10n_co_base_location.zip_co_734027
8037,SIN INFORMACION DE BARRIOS,l10n_co_base_location.zip_co_734028
8038,SIN INFORMACION DE BARRIOS,l10n_co_base_location.zip_co_734040
8039,SIN INFORMACION DE BARRIOS,l10n_co_base_location.zip_co_734047
8040,SIN INFORMACION DE BARRIOS,l10n_co_base_location.zip_co_734048
8041,SIN INFORMACION DE BARRIOS,l10n_co_base_location.zip_co_734060
8042,SIN INFORMACION DE BARRIOS,l10n_co_base_location.zip_co_734067
8043,SIN INFORMACION DE BARRIOS,l10n_co_base_location.zip_co_734068
8044,SIN INFORMACION DE BARRIOS,l10n_co_base_location.zip_co_734501
8045,SIN INFORMACION DE BARRIOS,l10n_co_base_location.zip_co_734507
8046,SIN INFORMACION DE BARRIOS,l10n_co_base_location.zip_co_734508
8047,SIN INFORMACION DE BARRIOS,l10n_co_base_location.zip_co_734509
8048,SIN INFORMACION DE BARRIOS,l10n_co_base_location.zip_co_734520
8049,SIN INFORMACION DE BARRIOS,l10n_co_base_location.zip_co_734527
8050,SIN INFORMACION DE BARRIOS,l10n_co_base_location.zip_co_734528
8051,SIN INFORMACION DE BARRIOS,l10n_co_base_location.zip_co_734540
8052,SIN INFORMACION DE BARRIOS,l10n_co_base_location.zip_co_734547
8053,SIN INFORMACION DE BARRIOS,l10n_co_base_location.zip_co_734560
8054,SIN INFORMACION DE BARRIOS,l10n_co_base_location.zip_co_734567
8055,SIN INFORMACION DE BARRIOS,l10n_co_base_location.zip_co_735001
8056,SIN INFORMACION DE BARRIOS,l10n_co_base_location.zip_co_735007
8057,SIN INFORMACION DE BARRIOS,l10n_co_base_location.zip_co_735008
8058,SIN INFORMACION DE BARRIOS,l10n_co_base_location.zip_co_735020
8059,SIN INFORMACION DE BARRIOS,l10n_co_base_location.zip_co_735027
8060,SIN INFORMACION DE BARRIOS,l10n_co_base_location.zip_co_735028
8061,SIN INFORMACION DE BARRIOS,l10n_co_base_location.zip_co_735029
8062,SIN INFORMACION DE BARRIOS,l10n_co_base_location.zip_co_735037
8063,SIN INFORMACION DE BARRIOS,l10n_co_base_location.zip_co_735050
8064,SIN INFORMACION DE BARRIOS,l10n_co_base_location.zip_co_735057
8065,SIN INFORMACION DE BARRIOS,l10n_co_base_location.zip_co_735058
8066,SIN INFORMACION DE BARRIOS,l10n_co_base_location.zip_co_735070
8067,SIN INFORMACION DE BARRIOS,l10n_co_base_location.zip_co_735077
8068,SIN INFORMACION DE BARRIOS,l10n_co_base_location.zip_co_735078
8069,SIN INFORMACION DE BARRIOS,l10n_co_base_location.zip_co_735501
8070,SIN INFORMACION DE BARRIOS,l10n_co_base_location.zip_co_735507
8071,SIN INFORMACION DE BARRIOS,l10n_co_base_location.zip_co_735508
8072,SIN INFORMACION DE BARRIOS,l10n_co_base_location.zip_co_735509
8073,SIN INFORMACION DE BARRIOS,l10n_co_base_location.zip_co_735517
8074,SIN INFORMACION DE BARRIOS,l10n_co_base_location.zip_co_735530
8075,SIN INFORMACION DE BARRIOS,l10n_co_base_location.zip_co_735537
8076,SIN INFORMACION DE BARRIOS,l10n_co_base_location.zip_co_735538
8077,SIN INFORMACION DE BARRIOS,l10n_co_base_location.zip_co_735550
8078,SIN INFORMACION DE BARRIOS,l10n_co_base_location.zip_co_735557
8079,BELTRÁN,l10n_co_base_location.zip_co_735560
8080,CARMENZA ROCHA,l10n_co_base_location.zip_co_735560
8081,CASTAÑAL,l10n_co_base_location.zip_co_735560
8082,CENTRO,l10n_co_base_location.zip_co_735560
8083,EL EDÉN I,l10n_co_base_location.zip_co_735560
8084,EL EDÉN II,l10n_co_base_location.zip_co_735560
8085,EL ROCÍO,l10n_co_base_location.zip_co_735560
8086,FUNDADORES,l10n_co_base_location.zip_co_735560
8087,JOSÉ MARÍA MELO,l10n_co_base_location.zip_co_735560
8088,LA LOMA,l10n_co_base_location.zip_co_735560
8089,LA PLAZA,l10n_co_base_location.zip_co_735560
8090,LAS BRISAS,l10n_co_base_location.zip_co_735560
8091,LAS CABAÑAS,l10n_co_base_location.zip_co_735560
8092,LIBERTADOR,l10n_co_base_location.zip_co_735560
8093,LOS LAURELES,l10n_co_base_location.zip_co_735560
8094,OBRERO,l10n_co_base_location.zip_co_735560
8095,PRIMAVERA,l10n_co_base_location.zip_co_735560
8096,PRIMERO DE MAYO,l10n_co_base_location.zip_co_735560
8097,PUEBLO NUEVO,l10n_co_base_location.zip_co_735560
8098,SALOMÓN UMAÑA,l10n_co_base_location.zip_co_735560
8099,SAN FERNANDO,l10n_co_base_location.zip_co_735560
8100,S,l10n_co_base_location.zip_co_735560
8101,AMÚRICAS,l10n_co_base_location.zip_co_735567
8102,SIN INFORMACION DE BARRIOS,l10n_co_base_location.zip_co_735568
8103,SIN INFORMACION DE BARRIOS,l10n_co_base_location.zip_co_735569
8104,SIN INFORMACION DE BARRIOS,l10n_co_base_location.zip_co_735580
8105,SIN INFORMACION DE BARRIOS,l10n_co_base_location.zip_co_735587
8106,SIN INFORMACION DE BARRIOS,l10n_co_base_location.zip_co_735588
8107,SIN INFORMACION DE BARRIOS,l10n_co_base_location.zip_co_735589
8108,CIUDADELA FLORALIA,l10n_co_base_location.zip_co_760001
8109,LOS GUADUALES,l10n_co_base_location.zip_co_760001
8110,PASO DEL COMERCIO,l10n_co_base_location.zip_co_760001
8111,SECTOR PUENTE DEL COMERCIO,l10n_co_base_location.zip_co_760001
8112,CALIMA,l10n_co_base_location.zip_co_760002
8113,CHIMINANGOS I,l10n_co_base_location.zip_co_760002
8114,CHIMINANGOS II,l10n_co_base_location.zip_co_760002
8115,FLORA INDUSTRIAL,l10n_co_base_location.zip_co_760002
8116,LOS PARQUES,l10n_co_base_location.zip_co_760002
8117,BARRANQUILLA,l10n_co_base_location.zip_co_760002
8118,METROPOLITANO DEL NORTE,l10n_co_base_location.zip_co_760002
8119,TORRES DE COMFANDI,l10n_co_base_location.zip_co_760002
8120,VILLA DEL SOL,l10n_co_base_location.zip_co_760002
8121,BOLIVARIANO,l10n_co_base_location.zip_co_760003
8122,EVARISTO GARCÍA,l10n_co_base_location.zip_co_760003
8123,FÁTIMA,l10n_co_base_location.zip_co_760003
8124,GUILLERMO VALENCIA,l10n_co_base_location.zip_co_760003
8125,IGNACIO RENGIFO,l10n_co_base_location.zip_co_760003
8126,INDUSTRIA DE LICORES,l10n_co_base_location.zip_co_760003
8127,JORGE ISAACS,l10n_co_base_location.zip_co_760003
8128,LA ALIANZA,l10n_co_base_location.zip_co_760003
8129,LA ESMERALDA,l10n_co_base_location.zip_co_760003
8130,LA ISLA,l10n_co_base_location.zip_co_760003
8131,LAS DELICAS,l10n_co_base_location.zip_co_760003
8132,MANZANARES,l10n_co_base_location.zip_co_760003
8133,MARCO FIDEL SUÁRES,l10n_co_base_location.zip_co_760003
8134,OLAYA HERRERA,l10n_co_base_location.zip_co_760003
8135,POPULAR,l10n_co_base_location.zip_co_760003
8136,PORVENIR,l10n_co_base_location.zip_co_760003
8137,SALOMIA,l10n_co_base_location.zip_co_760003
8138,SANTANDER,l10n_co_base_location.zip_co_760003
8139,SULTANA,l10n_co_base_location.zip_co_760003
8140,EL SENA,l10n_co_base_location.zip_co_760004
8141,LOS ANDES,l10n_co_base_location.zip_co_760004
8142,LOS ANDES B,l10n_co_base_location.zip_co_760004
8143,LA RIVERA,l10n_co_base_location.zip_co_760004
8144,LOS GUAYACANES,l10n_co_base_location.zip_co_760004
8145,PASEO DE LOS ALMENDROS,l10n_co_base_location.zip_co_760004
8146,VILLA DEL PRADO,l10n_co_base_location.zip_co_760004
8147,EL GUABITO,l10n_co_base_location.zip_co_760004
8148,FONAVIEMCALI,l10n_co_base_location.zip_co_760006
8149,JORGE ELIECER GAITÁN,l10n_co_base_location.zip_co_760006
8150,LA RIVERA I,l10n_co_base_location.zip_co_760006
8151,LOS ALCÁZARES,l10n_co_base_location.zip_co_760006
8152,PETECUY I,l10n_co_base_location.zip_co_760006
8153,PETECUY II,l10n_co_base_location.zip_co_760006
8154,PETECUY III,l10n_co_base_location.zip_co_760006
8155,SAN LUIS,l10n_co_base_location.zip_co_760006
8156,SAN LUIS II,l10n_co_base_location.zip_co_760006
8157,URBANIZACIÓN CALIMIO,l10n_co_base_location.zip_co_760006
8158,SIN INFORMACION DE BARRIOS,l10n_co_base_location.zip_co_760007
8159,SIN INFORMACION DE BARRIOS,l10n_co_base_location.zip_co_760008
8160,SIN INFORMACION DE BARRIOS,l10n_co_base_location.zip_co_760009
8161,ATANASIO GIRALDO,l10n_co_base_location.zip_co_760010
8162,BENJAMÍN HERRERA,l10n_co_base_location.zip_co_760010
8163,EL TRONCAL,l10n_co_base_location.zip_co_760010
8164,INDUSTRIAL,l10n_co_base_location.zip_co_760010
8165,LA FLORESTA,l10n_co_base_location.zip_co_760010
8166,LAS AMÉRICAS,l10n_co_base_location.zip_co_760010
8167,MUNICIPAL,l10n_co_base_location.zip_co_760010
8168,PARQUE DE LA CAÑA,l10n_co_base_location.zip_co_760010
8169,PRIMITIVO CRESPO,l10n_co_base_location.zip_co_760010
8170,RAFAEL URIBE URIBE,l10n_co_base_location.zip_co_760010
8171,SAAVEDRA GALINDO,l10n_co_base_location.zip_co_760010
8172,SANTA MÓNICA POLPULAR,l10n_co_base_location.zip_co_760010
8173,SANTAFÉ,l10n_co_base_location.zip_co_760010
8174,SIMÓN BOLÍVAR,l10n_co_base_location.zip_co_760010
8175,BASE AÉREA,l10n_co_base_location.zip_co_760011
8176,CHAPINERO,l10n_co_base_location.zip_co_760011
8177,EL TRÉBOL,l10n_co_base_location.zip_co_760011
8178,FEPICOL,l10n_co_base_location.zip_co_760011
8179,LA BASE,l10n_co_base_location.zip_co_760011
8180,LAS CEIBAS,l10n_co_base_location.zip_co_760011
8181,LOS PINOS,l10n_co_base_location.zip_co_760011
8182,SAN MARINO,l10n_co_base_location.zip_co_760011
8183,URBANIZACIÓN LA BASE,l10n_co_base_location.zip_co_760011
8184,VILLACOLOMBIA,l10n_co_base_location.zip_co_760011
8185,ALFONSO LOPEZ I,l10n_co_base_location.zip_co_760012
8186,ALFONSO LOPEZ II,l10n_co_base_location.zip_co_760012
8187,ALFONSO LOPEZ III,l10n_co_base_location.zip_co_760012
8188,PUERTO MALLARINO,l10n_co_base_location.zip_co_760012
8189,PUERTO NUEVO,l10n_co_base_location.zip_co_760012
8190,SIETE DE AGOSTO,l10n_co_base_location.zip_co_760012
8191,URBANIZACIÓN EL ÁNGEL DEL HOGAR,l10n_co_base_location.zip_co_760012
8192,20 DE JULIO,l10n_co_base_location.zip_co_760013
8193,AGUABLANCA,l10n_co_base_location.zip_co_760013
8194,EL JARDÍN,l10n_co_base_location.zip_co_760013
8195,EL PRADO,l10n_co_base_location.zip_co_760013
8196,EL RECUERDO,l10n_co_base_location.zip_co_760013
8197,JOSÉ HOLGUÍN GARCÉS,l10n_co_base_location.zip_co_760013
8198,JOSÉ MARÍA CÓRDOBA,l10n_co_base_location.zip_co_760013
8199,LA ESPERANZA,l10n_co_base_location.zip_co_760013
8200,LA FORTALEZA,l10n_co_base_location.zip_co_760013
8201,LA GRAN COLOMBIA,l10n_co_base_location.zip_co_760013
8202,LA INDEPENDENCIA,l10n_co_base_location.zip_co_760013
8203,LEÓN XIII,l10n_co_base_location.zip_co_760013
8204,LOS CONQUISTADORES,l10n_co_base_location.zip_co_760013
8205,LOS SAUCES,l10n_co_base_location.zip_co_760013
8206,MARACAIBO,l10n_co_base_location.zip_co_760013
8207,PRADOS DE ORIENTE,l10n_co_base_location.zip_co_760013
8208,PRIMAVERA,l10n_co_base_location.zip_co_760013
8209,SAN BEN,l10n_co_base_location.zip_co_760013
8210,ALFONZO BARBERENA A,l10n_co_base_location.zip_co_760014
8211,ASTURIAS,l10n_co_base_location.zip_co_760014
8212,BELLO HORIZONTE,l10n_co_base_location.zip_co_760014
8213,DOCE DE OCTUBRE,l10n_co_base_location.zip_co_760014
8214,EDUARDO SANTOS,l10n_co_base_location.zip_co_760014
8215,EL PARAÍSO,l10n_co_base_location.zip_co_760014
8216,EL RODEO,l10n_co_base_location.zip_co_760014
8217,FENALCO KENNEDY,l10n_co_base_location.zip_co_760014
8218,JULIO RINCÓN,l10n_co_base_location.zip_co_760014
8219,NUEVA FLORESTA,l10n_co_base_location.zip_co_760014
8220,SINDICAL,l10n_co_base_location.zip_co_760014
8221,CHARCO AZUL,l10n_co_base_location.zip_co_760015
8222,EL PONDAJE,l10n_co_base_location.zip_co_760015
8223,LLERAS RESTREPO,l10n_co_base_location.zip_co_760015
8224,LLERAS RESTREPO II ETAPA,l10n_co_base_location.zip_co_760015
8225,LOS COMUNEROS II,l10n_co_base_location.zip_co_760015
8226,LOS LAGOS,l10n_co_base_location.zip_co_760015
8227,MARROQUÍN III,l10n_co_base_location.zip_co_760015
8228,OMAR TORRIJOS,l10n_co_base_location.zip_co_760015
8229,RICARDO BALCAZAR,l10n_co_base_location.zip_co_760015
8230,RODRIGO LARA BONILLA,l10n_co_base_location.zip_co_760015
8231,SECTOR LAGUNA DEL PONDAJE,l10n_co_base_location.zip_co_760015
8232,ULPIANO LLOREDA,l10n_co_base_location.zip_co_760015
8233,VILLA DEL LAGO,l10n_co_base_location.zip_co_760015
8234,VILLABLANCA,l10n_co_base_location.zip_co_760015
8235,ALFONZO BONILLA ARAGON,l10n_co_base_location.zip_co_760016
8236,JOSÉ MANUEL MARROQUÍN I,l10n_co_base_location.zip_co_760016
8237,JOSÉ MANUEL MARROQUÍN II,l10n_co_base_location.zip_co_760016
8238,LOS NARANJOS,l10n_co_base_location.zip_co_760016
8239,ALIRIO MORA BELTRÁN,l10n_co_base_location.zip_co_760020
8240,LAS ORQUÍDEAS,l10n_co_base_location.zip_co_760020
8241,LOS NARANJOS II,l10n_co_base_location.zip_co_760020
8242,MANUELA BELTRAN,l10n_co_base_location.zip_co_760020
8243,PROMOCIONES POPULARES B,l10n_co_base_location.zip_co_760020
8244,PUERTA DEL SOL,l10n_co_base_location.zip_co_760020
8245,CALIMIO DECEPAZ,l10n_co_base_location.zip_co_760021
8246,CIUDAD TALANGA,l10n_co_base_location.zip_co_760021
8247,CIUDADELA DEL RÍO,l10n_co_base_location.zip_co_760021
8248,COMPARTIR,l10n_co_base_location.zip_co_760021
8249,DESEPAZ INVICALI,l10n_co_base_location.zip_co_760021
8250,EL REMANSO,l10n_co_base_location.zip_co_760021
8251,LOS LÍDERES,l10n_co_base_location.zip_co_760021
8252,PIZAMOS I,l10n_co_base_location.zip_co_760021
8253,PIZAMOS II,l10n_co_base_location.zip_co_760021
8254,PIZAMOS III,l10n_co_base_location.zip_co_760021
8255,LAS DALIAS,l10n_co_base_location.zip_co_760021
8256,PLANTA DE TRATAMIENTO,l10n_co_base_location.zip_co_760021
8257,POTRERO GRANDE,l10n_co_base_location.zip_co_760021
8258,VALLE GRANDE,l10n_co_base_location.zip_co_760021
8259,VILLAMERCEDES I,l10n_co_base_location.zip_co_760021
8260,VILLA LUZ,l10n_co_base_location.zip_co_760021
8261,LAS G,l10n_co_base_location.zip_co_760021
8262,ANTONIO NARIÑO,l10n_co_base_location.zip_co_760022
8263,CALIPSO,l10n_co_base_location.zip_co_760022
8264,EL DIAMANTE,l10n_co_base_location.zip_co_760022
8265,EL POBLADO I,l10n_co_base_location.zip_co_760022
8266,EL POBLADO II,l10n_co_base_location.zip_co_760022
8267,EL VERGEL,l10n_co_base_location.zip_co_760022
8268,LOS ROBLES,l10n_co_base_location.zip_co_760022
8269,SECTOR ASPROSOCIAL,l10n_co_base_location.zip_co_760022
8270,DIAMANTE,l10n_co_base_location.zip_co_760022
8271,YIRA CASTRO,l10n_co_base_location.zip_co_760022
8272,EL RETIRO,l10n_co_base_location.zip_co_760023
8273,EL VALLADO,l10n_co_base_location.zip_co_760023
8274,LAUREANO GÓMEZ,l10n_co_base_location.zip_co_760023
8275,LOS COMUNEROS I,l10n_co_base_location.zip_co_760023
8276,MOJICA,l10n_co_base_location.zip_co_760023
8277,BRISAS DEL LIMONAR,l10n_co_base_location.zip_co_760024
8278,CIUDAD 2000,l10n_co_base_location.zip_co_760024
8279,LA ALBORADA,l10n_co_base_location.zip_co_760024
8280,MARIANO RAMOS,l10n_co_base_location.zip_co_760024
8281,REPÚBLICA DE ISRAEL,l10n_co_base_location.zip_co_760024
8282,UNIÓN DE VIVIEDA POPULAR,l10n_co_base_location.zip_co_760024
8283,CIUDAD CORDONBA,l10n_co_base_location.zip_co_760025
8284,EL MORICHAL,l10n_co_base_location.zip_co_760025
8285,CANEY,l10n_co_base_location.zip_co_760026
8286,CIUDADELA COMFANDI,l10n_co_base_location.zip_co_760026
8287,LILI,l10n_co_base_location.zip_co_760026
8288,EL HORMIGUERO,l10n_co_base_location.zip_co_760030
8289,CLUB FARALLONES,l10n_co_base_location.zip_co_760031
8290,PARCELACIONES PANCE,l10n_co_base_location.zip_co_760031
8291,URBANIZACIÓN CIUDAD JARDÍN,l10n_co_base_location.zip_co_760031
8292,CIUDAD CAMPESTRE,l10n_co_base_location.zip_co_760032
8293,CIUDAD UNIVERSITARIA,l10n_co_base_location.zip_co_760032
8294,CLUB CAMPESTRE,l10n_co_base_location.zip_co_760032
8295,EL INGENIO,l10n_co_base_location.zip_co_760032
8296,LA PLAYA,l10n_co_base_location.zip_co_760032
8297,UNICENTRO CALI,l10n_co_base_location.zip_co_760032
8298,URBANIZACIÓN RIO LILI,l10n_co_base_location.zip_co_760032
8299,URBANIZACIÓN SAN JUAQUÍN,l10n_co_base_location.zip_co_760032
8300,BOSQUES DEL LIMONAR,l10n_co_base_location.zip_co_760033
8301,CAÑAVERALEJO,l10n_co_base_location.zip_co_760033
8302,SEGUROS PATRIA,l10n_co_base_location.zip_co_760033
8303,CAMINO REAL,l10n_co_base_location.zip_co_760033
8304,JUAQUIN BORRERO S,l10n_co_base_location.zip_co_760033
8305,CIUDAD CAPRI,l10n_co_base_location.zip_co_760033
8306,CIUDADELA PASOANCHO,l10n_co_base_location.zip_co_760033
8307,EL GRAN LIMONAR,l10n_co_base_location.zip_co_760033
8308,EL GRAN LIMONAR,l10n_co_base_location.zip_co_760033
8309,CATAYA,l10n_co_base_location.zip_co_760033
8310,EL LIMONAR,l10n_co_base_location.zip_co_760033
8311,LA HACIENDA,l10n_co_base_location.zip_co_760033
8312,LAS QUINTAS DE DON SIMÓN,l10n_co_base_location.zip_co_760033
8313,LOS PORTALES,l10n_co_base_location.zip_co_760033
8314,NUEVO REY,l10n_co_base_location.zip_co_760033
8315,MAYAPAN,l10n_co_base_location.zip_co_760033
8316,LAS VEG,l10n_co_base_location.zip_co_760033
8317,CUARTELES DE NÁPOLES,l10n_co_base_location.zip_co_760034
8318,EL JORDÁN,l10n_co_base_location.zip_co_760034
8319,HORIZONTES,l10n_co_base_location.zip_co_760034
8320,MELENDEZ,l10n_co_base_location.zip_co_760034
8321,POLVORINES,l10n_co_base_location.zip_co_760034
8322,SECTOR ALTO JORDÁN,l10n_co_base_location.zip_co_760034
8323,SECTOR MELENDEZ,l10n_co_base_location.zip_co_760034
8324,ALFERES REAL,l10n_co_base_location.zip_co_760035
8325,BUENOS AIRES,l10n_co_base_location.zip_co_760035
8326,CALDAS,l10n_co_base_location.zip_co_760035
8327,COLINA DEL SUR,l10n_co_base_location.zip_co_760035
8328,CUARTO DE LEGUA,l10n_co_base_location.zip_co_760035
8329,GUADALUPE,l10n_co_base_location.zip_co_760035
8330,EL REFUGIO,l10n_co_base_location.zip_co_760035
8331,FRANSISCO ELADIO RAMÍREZ,l10n_co_base_location.zip_co_760035
8332,LA CASCADA,l10n_co_base_location.zip_co_760035
8333,LOS CHORROS,l10n_co_base_location.zip_co_760035
8334,LOS FARALLONES,l10n_co_base_location.zip_co_760035
8335,LOURDES,l10n_co_base_location.zip_co_760035
8336,MARIO CORREA RENJIFO,l10n_co_base_location.zip_co_760035
8337,NÁPOLES,l10n_co_base_location.zip_co_760035
8338,PAMPALINDA,l10n_co_base_location.zip_co_760035
8339,PRADOS DEL SUR,l10n_co_base_location.zip_co_760035
8340,SECTOR CANAVERALEJO GUADALU,l10n_co_base_location.zip_co_760035
8341,CAÑAVERALES,l10n_co_base_location.zip_co_760036
8342,LOS SAMANES,l10n_co_base_location.zip_co_760036
8343,CAMINO REAL,l10n_co_base_location.zip_co_760036
8344,LOS FUNDADORES,l10n_co_base_location.zip_co_760036
8345,DEPARTAMENTAL,l10n_co_base_location.zip_co_760036
8346,JORGE ZAWADSKY,l10n_co_base_location.zip_co_760036
8347,LA SELVA,l10n_co_base_location.zip_co_760036
8348,LAS GRANJAS,l10n_co_base_location.zip_co_760036
8349,NUEVA TEQUENDAMA,l10n_co_base_location.zip_co_760036
8350,PANAMERICANO,l10n_co_base_location.zip_co_760036
8351,PRIMERO DE MAYO,l10n_co_base_location.zip_co_760036
8352,SAN JUDAS TADEO I,l10n_co_base_location.zip_co_760036
8353,SANTO DOMINGO,l10n_co_base_location.zip_co_760036
8354,UNIDAD RESIDENCIAL SANTIAGO DE CALI,l10n_co_base_location.zip_co_760036
8355,URBANIZACIÓN MILITAR,l10n_co_base_location.zip_co_760036
8356,BELISARIO CAICEDO,l10n_co_base_location.zip_co_760040
8357,BELÉN,l10n_co_base_location.zip_co_760040
8358,BRISAS DE MAYO,l10n_co_base_location.zip_co_760040
8359,CAÑAVERAL,l10n_co_base_location.zip_co_760040
8360,CEMENTERIO,l10n_co_base_location.zip_co_760040
8361,CARABINEROS,l10n_co_base_location.zip_co_760040
8362,EL CORTIJO,l10n_co_base_location.zip_co_760040
8363,LA SULTANA,l10n_co_base_location.zip_co_760040
8364,LLERAS CAMARGO,l10n_co_base_location.zip_co_760040
8365,PUEBLO JÓVEN,l10n_co_base_location.zip_co_760040
8366,SILOE,l10n_co_base_location.zip_co_760040
8367,TIERRA BLANCA,l10n_co_base_location.zip_co_760040
8368,VENEZUELA,l10n_co_base_location.zip_co_760040
8369,URBANIZACIÓN CAÑAVERALEJO,l10n_co_base_location.zip_co_760040
8370,COLSEGUROS ANDES,l10n_co_base_location.zip_co_760041
8371,CRISTÓBAL COLÓN,l10n_co_base_location.zip_co_760041
8372,EL DORADO,l10n_co_base_location.zip_co_760041
8373,EL GUABAL,l10n_co_base_location.zip_co_760041
8374,LA LIBERTAD,l10n_co_base_location.zip_co_760041
8375,LAS ACACIAS,l10n_co_base_location.zip_co_760041
8376,OLÍMPICO,l10n_co_base_location.zip_co_760041
8377,PASOANCHO,l10n_co_base_location.zip_co_760041
8378,SAN CRISTÓBAL,l10n_co_base_location.zip_co_760041
8379,SAN JUDAS TADEO II,l10n_co_base_location.zip_co_760041
8380,SANTA ELENA,l10n_co_base_location.zip_co_760041
8381,3 DE JULIO,l10n_co_base_location.zip_co_760042
8382,ALAMEDA,l10n_co_base_location.zip_co_760042
8383,ARANJUEZ,l10n_co_base_location.zip_co_760042
8384,BELALCÁZAR,l10n_co_base_location.zip_co_760042
8385,BRETAÑA,l10n_co_base_location.zip_co_760042
8386,CHAMPAGNAT,l10n_co_base_location.zip_co_760042
8387,EL CEDRO,l10n_co_base_location.zip_co_760042
8388,EUCARÍSTICO,l10n_co_base_location.zip_co_760042
8389,GUAYAQUIL,l10n_co_base_location.zip_co_760042
8390,JUNÍN,l10n_co_base_location.zip_co_760042
8391,LOS CÁMBULOS,l10n_co_base_location.zip_co_760042
8392,MANUEL MARÍA B/VENTURA,l10n_co_base_location.zip_co_760042
8393,SAN FERNANDO NUEVO,l10n_co_base_location.zip_co_760042
8394,SANTA MÓNICA BELALCÁZAR,l10n_co_base_location.zip_co_760042
8395,U.D PANAMERICANA,l10n_co_base_location.zip_co_760042
8396,ANT HIPODROMO,l10n_co_base_location.zip_co_760042
8397,URBANIZACIÓN COLSEGUROS,l10n_co_base_location.zip_co_760042
8398,URBANIZA,l10n_co_base_location.zip_co_760042
8399,BELLAVISTA,l10n_co_base_location.zip_co_760043
8400,EL LIDO,l10n_co_base_location.zip_co_760043
8401,EL MORTIÑAL,l10n_co_base_location.zip_co_760043
8402,MIRAFLORES,l10n_co_base_location.zip_co_760043
8403,SAN FERNANDO VIEJO,l10n_co_base_location.zip_co_760043
8404,SANTA BÁRBARA,l10n_co_base_location.zip_co_760043
8405,SANTA ISABEL,l10n_co_base_location.zip_co_760043
8406,SECTOR ALTOS DE SANTA ISABEL,l10n_co_base_location.zip_co_760043
8407,TEJARES,l10n_co_base_location.zip_co_760043
8408,CRISTALES,l10n_co_base_location.zip_co_760043
8409,U.D.A GALINDO PLAZA TOROS,l10n_co_base_location.zip_co_760043
8410,UNIDAD RESIDENCIAL EL COLISEO,l10n_co_base_location.zip_co_760043
8411,URBANIZACIÓN NUEVA GRANADA,l10n_co_base_location.zip_co_760043
8412,ACUEDUCTO SAN ANTONIO,l10n_co_base_location.zip_co_760044
8413,EL CALVARIO,l10n_co_base_location.zip_co_760044
8414,EL HOYO,l10n_co_base_location.zip_co_760044
8415,EL NACIONAL,l10n_co_base_location.zip_co_760044
8416,EL PEÑÓN,l10n_co_base_location.zip_co_760044
8417,EL PILOTO,l10n_co_base_location.zip_co_760044
8418,LA MERCED,l10n_co_base_location.zip_co_760044
8419,LOS LIBERTADORES,l10n_co_base_location.zip_co_760044
8420,NAVARRO,l10n_co_base_location.zip_co_760044
8421,LA CHANCA,l10n_co_base_location.zip_co_760044
8422,OBRERO,l10n_co_base_location.zip_co_760044
8423,SAN ANTONIO,l10n_co_base_location.zip_co_760044
8424,SAN CAYETANO,l10n_co_base_location.zip_co_760044
8425,SAN JUAN BOSCO,l10n_co_base_location.zip_co_760044
8426,SAN NICOLÁS,l10n_co_base_location.zip_co_760044
8427,SAN PASCUAL,l10n_co_base_location.zip_co_760044
8428,SAN PEDRO,l10n_co_base_location.zip_co_760044
8429,SANTA ROSA,l10n_co_base_location.zip_co_760044
8430,SUCRE,l10n_co_base_location.zip_co_760044
8431,AGUACATAL,l10n_co_base_location.zip_co_760045
8432,ARBOLEDAS,l10n_co_base_location.zip_co_760045
8433,CENTENARIO,l10n_co_base_location.zip_co_760045
8434,GRANADA,l10n_co_base_location.zip_co_760045
8435,JUANAMBU,l10n_co_base_location.zip_co_760045
8436,NORMANDÍA,l10n_co_base_location.zip_co_760045
8437,SANTA RITA,l10n_co_base_location.zip_co_760045
8438,SANTA TERESITA,l10n_co_base_location.zip_co_760045
8439,SECTOR ALTOS DE NORMANDÍA,l10n_co_base_location.zip_co_760045
8440,BATACLAN,l10n_co_base_location.zip_co_760045
8441,SECTOR BOSQUE MUNICIPAL,l10n_co_base_location.zip_co_760045
8442,SECTOR PATIO BONITO,l10n_co_base_location.zip_co_760045
8443,TERRON COLORADO,l10n_co_base_location.zip_co_760045
8444,VISTA HERMOSA,l10n_co_base_location.zip_co_760045
8445,ALTOS DE MENGA,l10n_co_base_location.zip_co_760046
8446,AREA EN DESARROLLO,l10n_co_base_location.zip_co_760046
8447,PARQUE DEL AMOR,l10n_co_base_location.zip_co_760046
8448,CHIPICHAPE,l10n_co_base_location.zip_co_760046
8449,EL BOSQUE,l10n_co_base_location.zip_co_760046
8450,LA CAMPIÑA,l10n_co_base_location.zip_co_760046
8451,LA FLORA,l10n_co_base_location.zip_co_760046
8452,LA PAZ,l10n_co_base_location.zip_co_760046
8453,MENGA,l10n_co_base_location.zip_co_760046
8454,SAN VICENTE,l10n_co_base_location.zip_co_760046
8455,SANTA MÓNICA,l10n_co_base_location.zip_co_760046
8456,VERSALLES,l10n_co_base_location.zip_co_760046
8457,BRISAS DE LOS ÁLAMOS,l10n_co_base_location.zip_co_760050
8458,CIUDAD LOS ÁLAMOS,l10n_co_base_location.zip_co_760050
8459,PRADOS DEL NORTE,l10n_co_base_location.zip_co_760050
8460,URBANIZACIÓN LA FLORA,l10n_co_base_location.zip_co_760050
8461,URBANIZACIÓN LA MERCED,l10n_co_base_location.zip_co_760050
8462,VIPASA,l10n_co_base_location.zip_co_760050
8463,BELALCÁZAR,l10n_co_base_location.zip_co_760501
8464,BELLAVISTA,l10n_co_base_location.zip_co_760501
8465,BOLÍVAR,l10n_co_base_location.zip_co_760501
8466,CIUDADELA PORTALES DE COMFANDI,l10n_co_base_location.zip_co_760501
8467,DIONISIO HERNÁN CALDERÓN,l10n_co_base_location.zip_co_760501
8468,FLORAL,l10n_co_base_location.zip_co_760501
8469,FRAY PEÑA,l10n_co_base_location.zip_co_760501
8470,JORGE ELIECER GAITÁN,l10n_co_base_location.zip_co_760501
8471,LA CEIBA,l10n_co_base_location.zip_co_760501
8472,LAS VEGAS,l10n_co_base_location.zip_co_760501
8473,LLERAS,l10n_co_base_location.zip_co_760501
8474,MADRIGAL,l10n_co_base_location.zip_co_760501
8475,MUNICIPAL,l10n_co_base_location.zip_co_760501
8476,NUEVO HORIZONTE,l10n_co_base_location.zip_co_760501
8477,PASOANCHO,l10n_co_base_location.zip_co_760501
8478,PEDREGAL,l10n_co_base_location.zip_co_760501
8479,PORTALES DE YUMMBO,l10n_co_base_location.zip_co_760501
8480,SAN FERNANDO,l10n_co_base_location.zip_co_760501
8481,T,l10n_co_base_location.zip_co_760501
8482,ALTO SAN JORGE,l10n_co_base_location.zip_co_760502
8483,ASOVIVIR LAS COLINAS,l10n_co_base_location.zip_co_760502
8484,BUENOS AIRES,l10n_co_base_location.zip_co_760502
8485,CORVIVALLE,l10n_co_base_location.zip_co_760502
8486,IMVIYUMBO SAN JORGE,l10n_co_base_location.zip_co_760502
8487,JUAN PABLO II,l10n_co_base_location.zip_co_760502
8488,LA ESTANCIA,l10n_co_base_location.zip_co_760502
8489,LA NUEVA ESTANCIA,l10n_co_base_location.zip_co_760502
8490,LAS AMÉRICAS,l10n_co_base_location.zip_co_760502
8491,LAS CRUCES,l10n_co_base_location.zip_co_760502
8492,PANORAMA,l10n_co_base_location.zip_co_760502
8493,PUERTO ISAAC,l10n_co_base_location.zip_co_760502
8494,SAN JORGE,l10n_co_base_location.zip_co_760502
8495,SIN INFORMACION DE BARRIOS,l10n_co_base_location.zip_co_760507
8496,SIN INFORMACION DE BARRIOS,l10n_co_base_location.zip_co_760508
8497,CENTRAL,l10n_co_base_location.zip_co_760510
8498,LA ESTACIÓN,l10n_co_base_location.zip_co_760510
8499,LA MARGARITA,l10n_co_base_location.zip_co_760510
8500,MUNICIPAL,l10n_co_base_location.zip_co_760510
8501,PUEBLO NUEVO,l10n_co_base_location.zip_co_760510
8502,SECTOR LA CANCHA,l10n_co_base_location.zip_co_760510
8503,SECTOR LAS PALMAS,l10n_co_base_location.zip_co_760510
8504,SECTOR LEJANO ORIENTE,l10n_co_base_location.zip_co_760510
8505,SECTOR TIMBIO,l10n_co_base_location.zip_co_760510
8506,URBANIZACIÓN FRANCISCO JARAMILLO,l10n_co_base_location.zip_co_760510
8507,VILLANUEVA,l10n_co_base_location.zip_co_760510
8508,SIN INFORMACION DE BARRIOS,l10n_co_base_location.zip_co_760517
8509,SIN INFORMACION DE BARRIOS,l10n_co_base_location.zip_co_760518
8510,SIN INFORMACION DE BARRIOS,l10n_co_base_location.zip_co_760520
8511,SIN INFORMACION DE BARRIOS,l10n_co_base_location.zip_co_760527
8512,SIN INFORMACION DE BARRIOS,l10n_co_base_location.zip_co_760528
8513,SIN INFORMACION DE BARRIOS,l10n_co_base_location.zip_co_760529
8514,ALMENDROS,l10n_co_base_location.zip_co_760530
8515,BELLAVISTA,l10n_co_base_location.zip_co_760530
8516,CANADÁ,l10n_co_base_location.zip_co_760530
8517,CINCUENTENARIO,l10n_co_base_location.zip_co_760530
8518,CIUDADELA GERMÁN MEJÍA,l10n_co_base_location.zip_co_760530
8519,GUAYACANES I,l10n_co_base_location.zip_co_760530
8520,GUAYACANES II,l10n_co_base_location.zip_co_760530
8521,LA PALMA,l10n_co_base_location.zip_co_760530
8522,LA VIRGEN,l10n_co_base_location.zip_co_760530
8523,LOS FUNDADORES,l10n_co_base_location.zip_co_760530
8524,OBRERO,l10n_co_base_location.zip_co_760530
8525,SAN JORGE,l10n_co_base_location.zip_co_760530
8526,SAN VICENTE,l10n_co_base_location.zip_co_760530
8527,URBANIZACIÓN EL ROSALITO,l10n_co_base_location.zip_co_760530
8528,SIN INFORMACION DE BARRIOS,l10n_co_base_location.zip_co_760537
8529,SIN INFORMACION DE BARRIOS,l10n_co_base_location.zip_co_760538
8530,SIN INFORMACION DE BARRIOS,l10n_co_base_location.zip_co_760540
8531,SIN INFORMACION DE BARRIOS,l10n_co_base_location.zip_co_760547
8532,SIN INFORMACION DE BARRIOS,l10n_co_base_location.zip_co_760548
8533,SIN INFORMACION DE BARRIOS,l10n_co_base_location.zip_co_760550
8534,SIN INFORMACION DE BARRIOS,l10n_co_base_location.zip_co_760557
8535,SIN INFORMACION DE BARRIOS,l10n_co_base_location.zip_co_761001
8536,SIN INFORMACION DE BARRIOS,l10n_co_base_location.zip_co_761007
8537,SIN INFORMACION DE BARRIOS,l10n_co_base_location.zip_co_761008
8538,SIN INFORMACION DE BARRIOS,l10n_co_base_location.zip_co_761020
8539,SIN INFORMACION DE BARRIOS,l10n_co_base_location.zip_co_761027
8540,SIN INFORMACION DE BARRIOS,l10n_co_base_location.zip_co_761028
8541,SIN INFORMACION DE BARRIOS,l10n_co_base_location.zip_co_761030
8542,SIN INFORMACION DE BARRIOS,l10n_co_base_location.zip_co_761037
8543,SIN INFORMACION DE BARRIOS,l10n_co_base_location.zip_co_761038
8544,SIN INFORMACION DE BARRIOS,l10n_co_base_location.zip_co_761040
8545,SIN INFORMACION DE BARRIOS,l10n_co_base_location.zip_co_761047
8546,SIN INFORMACION DE BARRIOS,l10n_co_base_location.zip_co_761048
8547,SIN INFORMACION DE BARRIOS,l10n_co_base_location.zip_co_761501
8548,SIN INFORMACION DE BARRIOS,l10n_co_base_location.zip_co_761507
8549,SIN INFORMACION DE BARRIOS,l10n_co_base_location.zip_co_761508
8550,SIN INFORMACION DE BARRIOS,l10n_co_base_location.zip_co_761510
8551,SIN INFORMACION DE BARRIOS,l10n_co_base_location.zip_co_761517
8552,CENTRO,l10n_co_base_location.zip_co_761520
8553,EL HOBO,l10n_co_base_location.zip_co_761520
8554,EL LÁZARO,l10n_co_base_location.zip_co_761520
8555,LA TRONCADA,l10n_co_base_location.zip_co_761520
8556,PALERMO,l10n_co_base_location.zip_co_761520
8557,SAN JOSÉ,l10n_co_base_location.zip_co_761520
8558,SANTA ELENA,l10n_co_base_location.zip_co_761520
8559,EL BALLANO,l10n_co_base_location.zip_co_761527
8560,COLEGIO AGRÝCOLA,l10n_co_base_location.zip_co_761528
8561,CARLOS HOLGUÍN,l10n_co_base_location.zip_co_761530
8562,EL COMERCIO,l10n_co_base_location.zip_co_761530
8563,EL GUAYABITO,l10n_co_base_location.zip_co_761530
8564,EL OASIS,l10n_co_base_location.zip_co_761530
8565,LA PISTA,l10n_co_base_location.zip_co_761530
8566,LAS OLIVAS,l10n_co_base_location.zip_co_761530
8567,LOS FUNDADORES,l10n_co_base_location.zip_co_761530
8568,MONSERRATE,l10n_co_base_location.zip_co_761530
8569,SIN INFORMACION DE BARRIOS,l10n_co_base_location.zip_co_761537
8570,BELLAVISTA,l10n_co_base_location.zip_co_761540
8571,BELLAVISTA,l10n_co_base_location.zip_co_761540
8572,BELÉN,l10n_co_base_location.zip_co_761540
8573,CIUDADELA GRAJALES,l10n_co_base_location.zip_co_761540
8574,EL CARMEN,l10n_co_base_location.zip_co_761540
8575,EL JARDÍN,l10n_co_base_location.zip_co_761540
8576,EL PRADO,l10n_co_base_location.zip_co_761540
8577,FÁTIMA,l10n_co_base_location.zip_co_761540
8578,LAS BRISAS,l10n_co_base_location.zip_co_761540
8579,LAS LAJAS,l10n_co_base_location.zip_co_761540
8580,POPULAR,l10n_co_base_location.zip_co_761540
8581,SAN PEDRO,l10n_co_base_location.zip_co_761540
8582,SIN INFORMACION DE BARRIOS,l10n_co_base_location.zip_co_761547
8583,SIN INFORMACION DE BARRIOS,l10n_co_base_location.zip_co_761548
8584,ALCAZAR,l10n_co_base_location.zip_co_761550
8585,CARLOS HOLGUÍN SARDI,l10n_co_base_location.zip_co_761550
8586,DOÑA EMMA,l10n_co_base_location.zip_co_761550
8587,EL PRADO,l10n_co_base_location.zip_co_761550
8588,EL REY,l10n_co_base_location.zip_co_761550
8589,GUERRERO,l10n_co_base_location.zip_co_761550
8590,HUMBERTO GONZÁLEZ NARVAEZ,l10n_co_base_location.zip_co_761550
8591,IPIRA,l10n_co_base_location.zip_co_761550
8592,JOSÉ JOAQUÍN JARAMILLO,l10n_co_base_location.zip_co_761550
8593,JOSÉ MARÍA BARBOSA,l10n_co_base_location.zip_co_761550
8594,LA ASUNCIÓN,l10n_co_base_location.zip_co_761550
8595,LA CEIBA,l10n_co_base_location.zip_co_761550
8596,LA ERMITA,l10n_co_base_location.zip_co_761550
8597,LLANITOS,l10n_co_base_location.zip_co_761550
8598,LOS ARRAYANES,l10n_co_base_location.zip_co_761550
8599,LOS PINOS,l10n_co_base_location.zip_co_761550
8600,NUEVA ERMITA,l10n_co_base_location.zip_co_761550
8601,OBRERO,l10n_co_base_location.zip_co_761550
8602,SAN JOSÉ OBRERO,l10n_co_base_location.zip_co_761550
8603,SIN INFORMACION DE BARRIOS,l10n_co_base_location.zip_co_761557
8604,EL PORTAL,l10n_co_base_location.zip_co_761558
8605,SIMÓN BOLÍVAR,l10n_co_base_location.zip_co_761558
8606,SIN INFORMACION DE BARRIOS,l10n_co_base_location.zip_co_761560
8607,SIN INFORMACION DE BARRIOS,l10n_co_base_location.zip_co_761567
8608,SIN INFORMACION DE BARRIOS,l10n_co_base_location.zip_co_762001
8609,SIN INFORMACION DE BARRIOS,l10n_co_base_location.zip_co_762007
8610,SIN INFORMACION DE BARRIOS,l10n_co_base_location.zip_co_762008
8611,BOLÍVAR,l10n_co_base_location.zip_co_762010
8612,CENTRO,l10n_co_base_location.zip_co_762010
8613,EL REPOSO,l10n_co_base_location.zip_co_762010
8614,LA SEIBA,l10n_co_base_location.zip_co_762010
8615,LOS ALMENDROS,l10n_co_base_location.zip_co_762010
8616,LOS LAURELES,l10n_co_base_location.zip_co_762010
8617,NUEVO HORIZONTE,l10n_co_base_location.zip_co_762010
8618,OBRERO I ETAPA,l10n_co_base_location.zip_co_762010
8619,OBRERO II ETAPA,l10n_co_base_location.zip_co_762010
8620,PROVIVIENDA,l10n_co_base_location.zip_co_762010
8621,PROVIVIENDA ETAPA III LAS COLINAS,l10n_co_base_location.zip_co_762010
8622,VILLA COLOMBIA,l10n_co_base_location.zip_co_762010
8623,VILLA DE SAN JUAN,l10n_co_base_location.zip_co_762010
8624,SIN INFORMACION DE BARRIOS,l10n_co_base_location.zip_co_762017
8625,SIN INFORMACION DE BARRIOS,l10n_co_base_location.zip_co_762018
8626,AGRARIO,l10n_co_base_location.zip_co_762021
8627,BERLÍN,l10n_co_base_location.zip_co_762021
8628,BOLÍVAR,l10n_co_base_location.zip_co_762021
8629,BRISAS DEL RÍO,l10n_co_base_location.zip_co_762021
8630,CAMELLÓN DEL QUINDÍO,l10n_co_base_location.zip_co_762021
8631,CARACOLÍ,l10n_co_base_location.zip_co_762021
8632,CARLOS H TRUJILLO,l10n_co_base_location.zip_co_762021
8633,CASIERRA,l10n_co_base_location.zip_co_762021
8634,COLLAREJO,l10n_co_base_location.zip_co_762021
8635,COND BOSQUES DE LOS LAGOS,l10n_co_base_location.zip_co_762021
8636,COND EL RETIRO,l10n_co_base_location.zip_co_762021
8637,COND IPANEMA,l10n_co_base_location.zip_co_762021
8638,COND LOS CRISTALES,l10n_co_base_location.zip_co_762021
8639,COND LOS LAGOS,l10n_co_base_location.zip_co_762021
8640,COND LOS LAGUITOS,l10n_co_base_location.zip_co_762021
8641,COND LOS SAMANES,l10n_co_base_location.zip_co_762021
8642,COND QUINTA,l10n_co_base_location.zip_co_762021
8643,ANTONIO NARIÑO,l10n_co_base_location.zip_co_762022
8644,BOTERO OBYRNE,l10n_co_base_location.zip_co_762022
8645,BUENOS AIRES,l10n_co_base_location.zip_co_762022
8646,CAMPO ALEGRE,l10n_co_base_location.zip_co_762022
8647,COND ALTAMAR CLUB,l10n_co_base_location.zip_co_762022
8648,COND BALCONES DE SANTA LUCÍA,l10n_co_base_location.zip_co_762022
8649,COND EL CARMEN,l10n_co_base_location.zip_co_762022
8650,COND FLAMINGO CLUB,l10n_co_base_location.zip_co_762022
8651,COND LA ISABELA,l10n_co_base_location.zip_co_762022
8652,COND LAS AMÉRICAS,l10n_co_base_location.zip_co_762022
8653,COND MARBELLA,l10n_co_base_location.zip_co_762022
8654,COND QUINTAS DE ESTEBAN,l10n_co_base_location.zip_co_762022
8655,COND SANTA ANA DE LOS CABALLEROS,l10n_co_base_location.zip_co_762022
8656,MELQUISEDEC Q,l10n_co_base_location.zip_co_762027
8657,NUEVA COLOMBIA,l10n_co_base_location.zip_co_762027
8658,SAN JOAQUÍN,l10n_co_base_location.zip_co_762027
8659,URBANIZACIÓN LA LINDA,l10n_co_base_location.zip_co_762027
8660,SIN INFORMACION DE BARRIOS,l10n_co_base_location.zip_co_762030
8661,SIN INFORMACION DE BARRIOS,l10n_co_base_location.zip_co_762037
8662,ARCILA,l10n_co_base_location.zip_co_762040
8663,BELLAVISTA,l10n_co_base_location.zip_co_762040
8664,BOLÍVAR,l10n_co_base_location.zip_co_762040
8665,EL PROGRESO,l10n_co_base_location.zip_co_762040
8666,EL SAMÁN I,l10n_co_base_location.zip_co_762040
8667,EL SAMÁN II,l10n_co_base_location.zip_co_762040
8668,J. E. GAITÁN,l10n_co_base_location.zip_co_762040
8669,LA ESTACIÓN,l10n_co_base_location.zip_co_762040
8670,LA PLAZUELA,l10n_co_base_location.zip_co_762040
8671,LAS FLORES,l10n_co_base_location.zip_co_762040
8672,LAS PALMAS,l10n_co_base_location.zip_co_762040
8673,PORVENIR,l10n_co_base_location.zip_co_762040
8674,ZONA CENTRO,l10n_co_base_location.zip_co_762040
8675,LAS DELICIAS,l10n_co_base_location.zip_co_762047
8676,VILLA FERNANDA,l10n_co_base_location.zip_co_762047
8677,SIN INFORMACION DE BARRIOS,l10n_co_base_location.zip_co_762501
8678,SIN INFORMACION DE BARRIOS,l10n_co_base_location.zip_co_762507
8679,SIN INFORMACION DE BARRIOS,l10n_co_base_location.zip_co_762510
8680,SIN INFORMACION DE BARRIOS,l10n_co_base_location.zip_co_762517
8681,BOLÍVAR,l10n_co_base_location.zip_co_762520
8682,CIUDAD JARDÍN,l10n_co_base_location.zip_co_762520
8683,EL PLACER,l10n_co_base_location.zip_co_762520
8684,EL QUINDÍO,l10n_co_base_location.zip_co_762520
8685,GONZALO ECHEVERRY,l10n_co_base_location.zip_co_762520
8686,GUAMAL,l10n_co_base_location.zip_co_762520
8687,LA ESPERANZA,l10n_co_base_location.zip_co_762520
8688,LA INMACULADA,l10n_co_base_location.zip_co_762520
8689,LA VALVANERA,l10n_co_base_location.zip_co_762520
8690,LAS MERCEDES,l10n_co_base_location.zip_co_762520
8691,LIBRAIDA,l10n_co_base_location.zip_co_762520
8692,PAMA,l10n_co_base_location.zip_co_762520
8693,QUINTO CENTENARIO,l10n_co_base_location.zip_co_762520
8694,SAN RAFAEL,l10n_co_base_location.zip_co_762520
8695,SECTOR CENTRAL,l10n_co_base_location.zip_co_762520
8696,URBANIZACIÓN ANA MARÍA,l10n_co_base_location.zip_co_762520
8697,URBANIZACIÓN LOS ALMENDROS,l10n_co_base_location.zip_co_762520
8698,URBANIZAC,l10n_co_base_location.zip_co_762520
8699,SIN INFORMACION DE BARRIOS,l10n_co_base_location.zip_co_762527
8700,SIN INFORMACION DE BARRIOS,l10n_co_base_location.zip_co_762528
8701,ALFONSO LOPEZ,l10n_co_base_location.zip_co_762530
8702,ALFONSO OSSA,l10n_co_base_location.zip_co_762530
8703,ALPES PARTE ALTA Y PARTE BAJA,l10n_co_base_location.zip_co_762530
8704,ALTO DE LA CRUZ,l10n_co_base_location.zip_co_762530
8705,AVAS,l10n_co_base_location.zip_co_762530
8706,BELÉN (ANTES PROVIVIENDA I ETAPA),l10n_co_base_location.zip_co_762530
8707,BONANZA,l10n_co_base_location.zip_co_762530
8708,BRASIL (ANTES PROVIVIENDA II ETAPA),l10n_co_base_location.zip_co_762530
8709,CAFETERO,l10n_co_base_location.zip_co_762530
8710,CINCUENTENARIO,l10n_co_base_location.zip_co_762530
8711,CONCORDIA,l10n_co_base_location.zip_co_762530
8712,EL CARMEN,l10n_co_base_location.zip_co_762530
8713,EL PINAR,l10n_co_base_location.zip_co_762530
8714,ESTADIO,l10n_co_base_location.zip_co_762530
8715,FUNDADORES,l10n_co_base_location.zip_co_762530
8716,GAITÁN,l10n_co_base_location.zip_co_762530
8717,GRAN,l10n_co_base_location.zip_co_762530
8718,SIN INFORMACION DE BARRIOS,l10n_co_base_location.zip_co_762537
8719,SIN INFORMACION DE BARRIOS,l10n_co_base_location.zip_co_762538
8720,DANIEL GUTIÉRREZ ARANGO,l10n_co_base_location.zip_co_762540
8721,EL CARMEN,l10n_co_base_location.zip_co_762540
8722,EL OBRERO,l10n_co_base_location.zip_co_762540
8723,EL RECREO,l10n_co_base_location.zip_co_762540
8724,FUNDADORES,l10n_co_base_location.zip_co_762540
8725,KENNEDY,l10n_co_base_location.zip_co_762540
8726,LA CAMELIA,l10n_co_base_location.zip_co_762540
8727,LA CIUDADELA,l10n_co_base_location.zip_co_762540
8728,LA GERENCIA,l10n_co_base_location.zip_co_762540
8729,LAS AMÉRICAS,l10n_co_base_location.zip_co_762540
8730,LAS CARMELITAS,l10n_co_base_location.zip_co_762540
8731,LLERAS,l10n_co_base_location.zip_co_762540
8732,MARÍA INMACULADA,l10n_co_base_location.zip_co_762540
8733,URBANIZACIÓN LA GUYANA,l10n_co_base_location.zip_co_762540
8734,URBANIZACIÓN LA ISABELA,l10n_co_base_location.zip_co_762540
8735,VALLE DEL CAUCA,l10n_co_base_location.zip_co_762540
8736,ZÚÑIGA,l10n_co_base_location.zip_co_762540
8737,URBANIZACI¾N EL PROGRESO,l10n_co_base_location.zip_co_762547
8738,SIN INFORMACION DE BARRIOS,l10n_co_base_location.zip_co_762548
8739,BRISAS DEL RÍO,l10n_co_base_location.zip_co_763001
8740,CAÑAVERAL,l10n_co_base_location.zip_co_763001
8741,CENTRO,l10n_co_base_location.zip_co_763001
8742,COCICOINPA,l10n_co_base_location.zip_co_763001
8743,EL EDÉN,l10n_co_base_location.zip_co_763001
8744,GUALCOCHE,l10n_co_base_location.zip_co_763001
8745,JOSÉ ANTONIO GALÁN,l10n_co_base_location.zip_co_763001
8746,LA MARÍA,l10n_co_base_location.zip_co_763001
8747,LA MARÍA II ETAPA,l10n_co_base_location.zip_co_763001
8748,LA PLANTA,l10n_co_base_location.zip_co_763001
8749,LOS MÁRMOLES,l10n_co_base_location.zip_co_763001
8750,MUNICIPAL,l10n_co_base_location.zip_co_763001
8751,NARIÑO,l10n_co_base_location.zip_co_763001
8752,OBRERO,l10n_co_base_location.zip_co_763001
8753,PAULUS VI,l10n_co_base_location.zip_co_763001
8754,PAULUS VI II ETAPA,l10n_co_base_location.zip_co_763001
8755,PORTALES,l10n_co_base_location.zip_co_763001
8756,PRIMERO DE MAYO,l10n_co_base_location.zip_co_763001
8757,RICAURTE,l10n_co_base_location.zip_co_763001
8758,URBANIZACIÓN EL JAR,l10n_co_base_location.zip_co_763001
8759,SIN INFORMACION DE BARRIOS,l10n_co_base_location.zip_co_763007
8760,SIN INFORMACION DE BARRIOS,l10n_co_base_location.zip_co_763008
8761,SIN INFORMACION DE BARRIOS,l10n_co_base_location.zip_co_763010
8762,SIN INFORMACION DE BARRIOS,l10n_co_base_location.zip_co_763017
8763,ALVERNIA,l10n_co_base_location.zip_co_763021
8764,ASOAGRIN LA SANTA CRUZ,l10n_co_base_location.zip_co_763021
8765,CASAS HUERTAS,l10n_co_base_location.zip_co_763021
8766,CIUDAD CAMPESTRE,l10n_co_base_location.zip_co_763021
8767,CONJUNTO RESIDENCIAL LA VILLA,l10n_co_base_location.zip_co_763021
8768,CÉSPEDES,l10n_co_base_location.zip_co_763021
8769,DORADO,l10n_co_base_location.zip_co_763021
8770,EL BOSQUE,l10n_co_base_location.zip_co_763021
8771,EL CONDOR II,l10n_co_base_location.zip_co_763021
8772,EL JAZMÍN,l10n_co_base_location.zip_co_763021
8773,EL RETIRO,l10n_co_base_location.zip_co_763021
8774,EL RETIRO,l10n_co_base_location.zip_co_763021
8775,ENTRE RÍOS,l10n_co_base_location.zip_co_763021
8776,ESTAMBÚL,l10n_co_base_location.zip_co_763021
8777,FERIAS,l10n_co_base_location.zip_co_763021
8778,FRANCISCANOS,l10n_co_base_location.zip_co_763021
8779,FÁTIMA,l10n_co_base_location.zip_co_763021
8780,LA INMACULADA,l10n_co_base_location.zip_co_763021
8781,LA RIVERA,l10n_co_base_location.zip_co_763021
8782,LAS,l10n_co_base_location.zip_co_763021
8783,350 AÑOS,l10n_co_base_location.zip_co_763022
8784,ASOGRIN,l10n_co_base_location.zip_co_763022
8785,BOLÍVAR,l10n_co_base_location.zip_co_763022
8786,BUENOS AIRES,l10n_co_base_location.zip_co_763022
8787,CENTRO,l10n_co_base_location.zip_co_763022
8788,COMUNEROS CORAZÓN DEL VALLE,l10n_co_base_location.zip_co_763022
8789,CONJUNTO RESIDENCIAL LUISITANIA,l10n_co_base_location.zip_co_763022
8790,DOCE DE OCTUBRE,l10n_co_base_location.zip_co_763022
8791,EL DESCANSO,l10n_co_base_location.zip_co_763022
8792,EL PINAR,l10n_co_base_location.zip_co_763022
8793,ESCOBAR,l10n_co_base_location.zip_co_763022
8794,LA BASTILLA,l10n_co_base_location.zip_co_763022
8795,LA CEIBA,l10n_co_base_location.zip_co_763022
8796,LA ESPERANZA,l10n_co_base_location.zip_co_763022
8797,LA HERRADURA,l10n_co_base_location.zip_co_763022
8798,LA MERCED,l10n_co_base_location.zip_co_763022
8799,LAS ACACIAS,l10n_co_base_location.zip_co_763022
8800,LAS DELICIAS,l10n_co_base_location.zip_co_763022
8801,LAS N,l10n_co_base_location.zip_co_763022
8802,7 DE AGOSTO,l10n_co_base_location.zip_co_763023
8803,ALAMEDA,l10n_co_base_location.zip_co_763023
8804,ALAMEDA II,l10n_co_base_location.zip_co_763023
8805,BOSQUES DE MARACAIBO,l10n_co_base_location.zip_co_763023
8806,CHIMINANGOS,l10n_co_base_location.zip_co_763023
8807,COMFAMILIAR,l10n_co_base_location.zip_co_763023
8808,DEPARTAMENTAL,l10n_co_base_location.zip_co_763023
8809,DIABLOS ROJOS I,l10n_co_base_location.zip_co_763023
8810,DIABLOS ROJOS II,l10n_co_base_location.zip_co_763023
8811,EL BOSQUECITO,l10n_co_base_location.zip_co_763023
8812,EL JARDÍN,l10n_co_base_location.zip_co_763023
8813,EL LIMONAR,l10n_co_base_location.zip_co_763023
8814,EL PALMAR,l10n_co_base_location.zip_co_763023
8815,EL REFUGIO,l10n_co_base_location.zip_co_763023
8816,FARFÁN,l10n_co_base_location.zip_co_763023
8817,FLOR DE LA CAMPANA,l10n_co_base_location.zip_co_763023
8818,GUAYACANES,l10n_co_base_location.zip_co_763023
8819,HORIZONTE,l10n_co_base_location.zip_co_763023
8820,INTERNACION,l10n_co_base_location.zip_co_763023
8821,SIN INFORMACION DE BARRIOS,l10n_co_base_location.zip_co_763027
8822,SIN INFORMACION DE BARRIOS,l10n_co_base_location.zip_co_763028
8823,SIN INFORMACION DE BARRIOS,l10n_co_base_location.zip_co_763029
8824,SIN INFORMACION DE BARRIOS,l10n_co_base_location.zip_co_763030
8825,SIN INFORMACION DE BARRIOS,l10n_co_base_location.zip_co_763037
8826,SIN INFORMACION DE BARRIOS,l10n_co_base_location.zip_co_763038
8827,ALTO BONITO,l10n_co_base_location.zip_co_763041
8828,BELLO HORIZONTE,l10n_co_base_location.zip_co_763041
8829,DIVINO NIÑO,l10n_co_base_location.zip_co_763041
8830,EL JARDÍN,l10n_co_base_location.zip_co_763041
8831,FRANSISCO RIVERA E,l10n_co_base_location.zip_co_763041
8832,JORGE ELIECER GAITÁN,l10n_co_base_location.zip_co_763041
8833,JUAN MAYOR,l10n_co_base_location.zip_co_763041
8834,LA CONCORDIA,l10n_co_base_location.zip_co_763041
8835,LA REVOLUCIÓN,l10n_co_base_location.zip_co_763041
8836,LA VENTURA,l10n_co_base_location.zip_co_763041
8837,MANUELA SANCLEMENTE,l10n_co_base_location.zip_co_763041
8838,MARÍA LUISA DE LA ESPADA,l10n_co_base_location.zip_co_763041
8839,PALO BLANCO,l10n_co_base_location.zip_co_763041
8840,PEDRO A MOLINA,l10n_co_base_location.zip_co_763041
8841,POPULAR,l10n_co_base_location.zip_co_763041
8842,RICAURTE,l10n_co_base_location.zip_co_763041
8843,SAN ANTONIO,l10n_co_base_location.zip_co_763041
8844,CONDOMINIO AURES,l10n_co_base_location.zip_co_763042
8845,CONDOMINIO PORTALES DEL RÍO,l10n_co_base_location.zip_co_763042
8846,EL ALBERGUE,l10n_co_base_location.zip_co_763042
8847,EL CARMELO,l10n_co_base_location.zip_co_763042
8848,EL MOLINO,l10n_co_base_location.zip_co_763042
8849,JOSÉ MARÍA CABAL,l10n_co_base_location.zip_co_763042
8850,LA MERCED,l10n_co_base_location.zip_co_763042
8851,STAMBUL,l10n_co_base_location.zip_co_763042
8852,URBANIZACIÓN ALTOS DE GUADALUPE,l10n_co_base_location.zip_co_763042
8853,URBANIZACIÓN AURES,l10n_co_base_location.zip_co_763042
8854,URBANIZACIÓN JULIA,l10n_co_base_location.zip_co_763042
8855,URBANIZACIÓN LA CATALINA,l10n_co_base_location.zip_co_763042
8856,URBANIZACIÓN LA ESPERANZA,l10n_co_base_location.zip_co_763042
8857,URBANIZA,l10n_co_base_location.zip_co_763042
8858,SIN INFORMACION DE BARRIOS,l10n_co_base_location.zip_co_763047
8859,SIN INFORMACION DE BARRIOS,l10n_co_base_location.zip_co_763048
8860,SIN INFORMACION DE BARRIOS,l10n_co_base_location.zip_co_763049
8861,SIN INFORMACION DE BARRIOS,l10n_co_base_location.zip_co_763501
8862,SIN INFORMACION DE BARRIOS,l10n_co_base_location.zip_co_763507
8863,SIN INFORMACION DE BARRIOS,l10n_co_base_location.zip_co_763508
8864,ALFONSO LOPEZ,l10n_co_base_location.zip_co_763510
8865,ALTOS DE GINEBRA,l10n_co_base_location.zip_co_763510
8866,BOLÍVAR,l10n_co_base_location.zip_co_763510
8867,CENTRO,l10n_co_base_location.zip_co_763510
8868,CORNELIO REYES,l10n_co_base_location.zip_co_763510
8869,EL ALCÁZAR,l10n_co_base_location.zip_co_763510
8870,EL JORDÁN,l10n_co_base_location.zip_co_763510
8871,EL MOLINO,l10n_co_base_location.zip_co_763510
8872,EL PRADO,l10n_co_base_location.zip_co_763510
8873,EL REFUGIO,l10n_co_base_location.zip_co_763510
8874,LA MANSIÓN,l10n_co_base_location.zip_co_763510
8875,MUNICIPAL,l10n_co_base_location.zip_co_763510
8876,PRADOS DEL NORTE,l10n_co_base_location.zip_co_763510
8877,PROMESA,l10n_co_base_location.zip_co_763510
8878,SAGI,l10n_co_base_location.zip_co_763510
8879,SAN JOSÉ,l10n_co_base_location.zip_co_763510
8880,SAN JUAN BOSCO,l10n_co_base_location.zip_co_763510
8881,SAN PEDRO,l10n_co_base_location.zip_co_763510
8882,SIN INFORMACION DE BARRIOS,l10n_co_base_location.zip_co_763517
8883,SIN INFORMACION DE BARRIOS,l10n_co_base_location.zip_co_763518
8884,BUENOS AIRES,l10n_co_base_location.zip_co_763520
8885,CABAL MOLINA,l10n_co_base_location.zip_co_763520
8886,CHAPINERO,l10n_co_base_location.zip_co_763520
8887,EL CENTRO,l10n_co_base_location.zip_co_763520
8888,EL ROSARIO,l10n_co_base_location.zip_co_763520
8889,LA ESPERANZA,l10n_co_base_location.zip_co_763520
8890,LA ESTRELLA,l10n_co_base_location.zip_co_763520
8891,NAVIA PRADO,l10n_co_base_location.zip_co_763520
8892,SAGRADO CORAZÓN DE JESÚS,l10n_co_base_location.zip_co_763520
8893,SAN RAFAEL,l10n_co_base_location.zip_co_763520
8894,SANTA BÁRBARA,l10n_co_base_location.zip_co_763520
8895,URBANIZACIÓN COOINCER,l10n_co_base_location.zip_co_763520
8896,URBANIZACIÓN EL CINCUENTENARIO,l10n_co_base_location.zip_co_763520
8897,BARRIO EL CARMEN,l10n_co_base_location.zip_co_763527
8898,BARRIO EL PLACER,l10n_co_base_location.zip_co_763527
8899,BARRIO OVIEDO,l10n_co_base_location.zip_co_763527
8900,BARRIO VILLA NELLY,l10n_co_base_location.zip_co_763527
8901,SIN INFORMACION DE BARRIOS,l10n_co_base_location.zip_co_763528
8902,ALFONSO LOPEZ,l10n_co_base_location.zip_co_763531
8903,BERLÍN,l10n_co_base_location.zip_co_763531
8904,CIUDADELA CONFAUNIÓN,l10n_co_base_location.zip_co_763531
8905,COLOMBIA,l10n_co_base_location.zip_co_763531
8906,CONCORDIA,l10n_co_base_location.zip_co_763531
8907,COOPERATIVA DE TRABAJADORES DE MANUELITA,l10n_co_base_location.zip_co_763531
8908,CORONADO,l10n_co_base_location.zip_co_763531
8909,EL PRADO,l10n_co_base_location.zip_co_763531
8910,EMILIA,l10n_co_base_location.zip_co_763531
8911,ESTONIA,l10n_co_base_location.zip_co_763531
8912,FRAY LUIS AMIGO,l10n_co_base_location.zip_co_763531
8913,INDUSTRIAL,l10n_co_base_location.zip_co_763531
8914,JORGE ELIECER GAITÁN,l10n_co_base_location.zip_co_763531
8915,LA BENEDICTA,l10n_co_base_location.zip_co_763531
8916,LAS ACACIAS,l10n_co_base_location.zip_co_763531
8917,LLANO GRANDE,l10n_co_base_location.zip_co_763531
8918,LORETO,l10n_co_base_location.zip_co_763531
8919,MIRRIÑAO,l10n_co_base_location.zip_co_763531
8920,BIZERTA,l10n_co_base_location.zip_co_763532
8921,CAMPESTRE,l10n_co_base_location.zip_co_763532
8922,DANUBIO,l10n_co_base_location.zip_co_763532
8923,EL BOSQUE,l10n_co_base_location.zip_co_763532
8924,EL JARDÍN,l10n_co_base_location.zip_co_763532
8925,JOSÉ A GALÁN,l10n_co_base_location.zip_co_763532
8926,LA LIBERTAD,l10n_co_base_location.zip_co_763532
8927,LA ORLIDIA,l10n_co_base_location.zip_co_763532
8928,LOS CRISTALES,l10n_co_base_location.zip_co_763532
8929,MONTECLARO,l10n_co_base_location.zip_co_763532
8930,OBRERO,l10n_co_base_location.zip_co_763532
8931,PALMERAS,l10n_co_base_location.zip_co_763532
8932,PALMERAS DE ORIENTE,l10n_co_base_location.zip_co_763532
8933,POPULAR MODELO,l10n_co_base_location.zip_co_763532
8934,PRADOS DE ORIENTE,l10n_co_base_location.zip_co_763532
8935,PRIMERO DE MAYO,l10n_co_base_location.zip_co_763532
8936,PROVIDENCIA,l10n_co_base_location.zip_co_763532
8937,SAN CARLOS,l10n_co_base_location.zip_co_763532
8938,SAN CAYETANO,l10n_co_base_location.zip_co_763532
8939,SAN JORG,l10n_co_base_location.zip_co_763532
8940,CAICELANDIA,l10n_co_base_location.zip_co_763533
8941,CENTRAL,l10n_co_base_location.zip_co_763533
8942,CHAPINERO,l10n_co_base_location.zip_co_763533
8943,CIUDADELA PALMIRA,l10n_co_base_location.zip_co_763533
8944,COLOMBINA,l10n_co_base_location.zip_co_763533
8945,EL TRIUNFO,l10n_co_base_location.zip_co_763533
8946,EL TRÉBOL,l10n_co_base_location.zip_co_763533
8947,FÁTIMA,l10n_co_base_location.zip_co_763533
8948,INDEPENDENCIA,l10n_co_base_location.zip_co_763533
8949,LA TRINIDAD,l10n_co_base_location.zip_co_763533
8950,LAS AMÉRICAS,l10n_co_base_location.zip_co_763533
8951,LAS DELICIAS,l10n_co_base_location.zip_co_763533
8952,LAS VICTORIAS,l10n_co_base_location.zip_co_763533
8953,LIBERTADORES,l10n_co_base_location.zip_co_763533
8954,LOS ROBLES,l10n_co_base_location.zip_co_763533
8955,LUIS CARLOS GALÁN,l10n_co_base_location.zip_co_763533
8956,OLÍMPICO,l10n_co_base_location.zip_co_763533
8957,PERSEVERANCIA,l10n_co_base_location.zip_co_763533
8958,PETRUC,l10n_co_base_location.zip_co_763533
8959,PUEBLO NUEVO,l10n_co_base_location.zip_co_763533
8960,SIN INFORMACION DE BARRIOS,l10n_co_base_location.zip_co_763537
8961,CIUDADELA BELÚN,l10n_co_base_location.zip_co_763538
8962,SIN INFORMACION DE BARRIOS,l10n_co_base_location.zip_co_763539
8963,SIN INFORMACION DE BARRIOS,l10n_co_base_location.zip_co_763547
8964,ALTO DEL CASTILLO,l10n_co_base_location.zip_co_763550
8965,ANTONIO RICAURTE,l10n_co_base_location.zip_co_763550
8966,BELLO HORIZONTE,l10n_co_base_location.zip_co_763550
8967,BERLÍN,l10n_co_base_location.zip_co_763550
8968,CENTRAL,l10n_co_base_location.zip_co_763550
8969,EL BOLITO,l10n_co_base_location.zip_co_763550
8970,EL CAIRO,l10n_co_base_location.zip_co_763550
8971,EL JARDÍN,l10n_co_base_location.zip_co_763550
8972,JORGE ELIECER GAITÁN,l10n_co_base_location.zip_co_763550
8973,LA BODEGA,l10n_co_base_location.zip_co_763550
8974,LA COLINA,l10n_co_base_location.zip_co_763550
8975,LA ESPERANZA,l10n_co_base_location.zip_co_763550
8976,LA LIBERTAD,l10n_co_base_location.zip_co_763550
8977,LA LORENA,l10n_co_base_location.zip_co_763550
8978,LA MISERICORDIA,l10n_co_base_location.zip_co_763550
8979,LAS VEGAS,l10n_co_base_location.zip_co_763550
8980,LOS COMUNEROS,l10n_co_base_location.zip_co_763550
8981,MANUEL JOSÉ RAMÍREZ,l10n_co_base_location.zip_co_763550
8982,MARSEL,l10n_co_base_location.zip_co_763550
8983,SIN INFORMACION DE BARRIOS,l10n_co_base_location.zip_co_763557
8984,SIN INFORMACION DE BARRIOS,l10n_co_base_location.zip_co_763558
8985,EL FAJARDO,l10n_co_base_location.zip_co_763560
8986,EL LIMONAR,l10n_co_base_location.zip_co_763560
8987,EL PARAÍSO,l10n_co_base_location.zip_co_763560
8988,EL PROGRESO,l10n_co_base_location.zip_co_763560
8989,JORGE E GAITÁN,l10n_co_base_location.zip_co_763560
8990,LÓPEZ,l10n_co_base_location.zip_co_763560
8991,LA CABAÑA,l10n_co_base_location.zip_co_763560
8992,LA ESPERANZA,l10n_co_base_location.zip_co_763560
8993,LA HACIENDA,l10n_co_base_location.zip_co_763560
8994,LOS ALMENDROS,l10n_co_base_location.zip_co_763560
8995,LOS CRISTALES,l10n_co_base_location.zip_co_763560
8996,MONCALEANO,l10n_co_base_location.zip_co_763560
8997,PUERTO NUEVO,l10n_co_base_location.zip_co_763560
8998,PÉREZ,l10n_co_base_location.zip_co_763560
8999,QUINAMAYO,l10n_co_base_location.zip_co_763560
9000,SAN ANTONIO,l10n_co_base_location.zip_co_763560
9001,SAN JORGE,l10n_co_base_location.zip_co_763560
9002,URBANIZACIÓN CAMINO REAL,l10n_co_base_location.zip_co_763560
9003,URBANIZACIÓN DON PACO,l10n_co_base_location.zip_co_763560
9004,SIN INFORMACION DE BARRIOS,l10n_co_base_location.zip_co_763567
9005,SIN INFORMACION DE BARRIOS,l10n_co_base_location.zip_co_763568
9006,SIN INFORMACION DE BARRIOS,l10n_co_base_location.zip_co_763570
9007,SIN INFORMACION DE BARRIOS,l10n_co_base_location.zip_co_763577
9008,SIN INFORMACION DE BARRIOS,l10n_co_base_location.zip_co_763578
9009,SIN INFORMACION DE BARRIOS,l10n_co_base_location.zip_co_763579
9010,ADRIANITA,l10n_co_base_location.zip_co_764001
9011,ANGEL MA CAMACHO,l10n_co_base_location.zip_co_764001
9012,ARIZONA,l10n_co_base_location.zip_co_764001
9013,AURORA,l10n_co_base_location.zip_co_764001
9014,BELALCÁZAR,l10n_co_base_location.zip_co_764001
9015,BELALCÁZAR II,l10n_co_base_location.zip_co_764001
9016,BELLO HORIZONTE,l10n_co_base_location.zip_co_764001
9017,CENTENARIO,l10n_co_base_location.zip_co_764001
9018,CIRO VELAZCO,l10n_co_base_location.zip_co_764001
9019,CIUDAD SUR,l10n_co_base_location.zip_co_764001
9020,DORADO,l10n_co_base_location.zip_co_764001
9021,EL JARDÍN,l10n_co_base_location.zip_co_764001
9022,EL PORVENIR,l10n_co_base_location.zip_co_764001
9023,EL SOCORRO,l10n_co_base_location.zip_co_764001
9024,ESMERALDA,l10n_co_base_location.zip_co_764001
9025,JUAN DE AMPUDIA,l10n_co_base_location.zip_co_764001
9026,LA ESPERANZA,l10n_co_base_location.zip_co_764001
9027,LA ESTACIÓN,l10n_co_base_location.zip_co_764001
9028,LA LUCHA,l10n_co_base_location.zip_co_764001
9029,LAS ACACIAS,l10n_co_base_location.zip_co_764001
9030,LIBER,l10n_co_base_location.zip_co_764001
9031,ALFAGUARA,l10n_co_base_location.zip_co_764007
9032,COVICEDROS,l10n_co_base_location.zip_co_764007
9033,EL ROSARIO,l10n_co_base_location.zip_co_764007
9034,LOS MANDARINOS,l10n_co_base_location.zip_co_764007
9035,SIN INFORMACION DE BARRIOS,l10n_co_base_location.zip_co_764008
9036,ALBERTO LLERAS CAMARGO,l10n_co_base_location.zip_co_764501
9037,ALFONSO LOPEZ PUMAREJO,l10n_co_base_location.zip_co_764501
9038,BEJARANO,l10n_co_base_location.zip_co_764501
9039,BOLANO,l10n_co_base_location.zip_co_764501
9040,CALIMITA,l10n_co_base_location.zip_co_764501
9041,CAMPO ALEGRE,l10n_co_base_location.zip_co_764501
9042,CENTENARIO,l10n_co_base_location.zip_co_764501
9043,EL CAPRICHO,l10n_co_base_location.zip_co_764501
9044,EL FIRME,l10n_co_base_location.zip_co_764501
9045,EL JORGE,l10n_co_base_location.zip_co_764501
9046,LA ESPERANZA,l10n_co_base_location.zip_co_764501
9047,LA PALERA,l10n_co_base_location.zip_co_764501
9048,LA PICOTA,l10n_co_base_location.zip_co_764501
9049,LA PLAYITA,l10n_co_base_location.zip_co_764501
9050,LAS MERCEDES,l10n_co_base_location.zip_co_764501
9051,MONTECHINO,l10n_co_base_location.zip_co_764501
9052,MURO YUSTI,l10n_co_base_location.zip_co_764501
9053,NAYITA,l10n_co_base_location.zip_co_764501
9054,OLAYA HERRERA,l10n_co_base_location.zip_co_764501
9055,PUEBLO NUEV,l10n_co_base_location.zip_co_764501
9056,12 DE ABRIL,l10n_co_base_location.zip_co_764502
9057,6 DE ENERO,l10n_co_base_location.zip_co_764502
9058,BAHÍA,l10n_co_base_location.zip_co_764502
9059,BOLÍVAR,l10n_co_base_location.zip_co_764502
9060,BOSQUE MUNICIPAL,l10n_co_base_location.zip_co_764502
9061,CAMILO TORRES,l10n_co_base_location.zip_co_764502
9062,CARLOS HOLMES TRUJILLO,l10n_co_base_location.zip_co_764502
9063,DOÑA CECI,l10n_co_base_location.zip_co_764502
9064,EL CAMPÍN,l10n_co_base_location.zip_co_764502
9065,EL JARDÍN,l10n_co_base_location.zip_co_764502
9066,EL PINAL,l10n_co_base_location.zip_co_764502
9067,EL PORVENIR,l10n_co_base_location.zip_co_764502
9068,EL PROGRESO,l10n_co_base_location.zip_co_764502
9069,LA COMUNA,l10n_co_base_location.zip_co_764502
9070,LA FORTALEZA,l10n_co_base_location.zip_co_764502
9071,LA INDEPENDENCIA,l10n_co_base_location.zip_co_764502
9072,LA INMACULADA,l10n_co_base_location.zip_co_764502
9073,LAS AMÉRICAS,l10n_co_base_location.zip_co_764502
9074,MIRAFLORES,l10n_co_base_location.zip_co_764502
9075,MIRA,l10n_co_base_location.zip_co_764502
9076,12 DE OCTUBRE,l10n_co_base_location.zip_co_764503
9077,20 DE JUNIO,l10n_co_base_location.zip_co_764503
9078,ALFONSO LOPEZ,l10n_co_base_location.zip_co_764503
9079,BRISAS DEL MAR,l10n_co_base_location.zip_co_764503
9080,CABAL POMBO,l10n_co_base_location.zip_co_764503
9081,CALDAS,l10n_co_base_location.zip_co_764503
9082,DIGNITA,l10n_co_base_location.zip_co_764503
9083,EL CAMBIO,l10n_co_base_location.zip_co_764503
9084,EL RETÉN,l10n_co_base_location.zip_co_764503
9085,EL RUÍZ,l10n_co_base_location.zip_co_764503
9086,EL TRIUNFO,l10n_co_base_location.zip_co_764503
9087,GAITÁN,l10n_co_base_location.zip_co_764503
9088,LA CAMPIÑA,l10n_co_base_location.zip_co_764503
9089,LA LIBERTAD,l10n_co_base_location.zip_co_764503
9090,LA UNIÓN,l10n_co_base_location.zip_co_764503
9091,LAS PALMAS,l10n_co_base_location.zip_co_764503
9092,MATIA MULUMBA,l10n_co_base_location.zip_co_764503
9093,NUEVA FRONTERA,l10n_co_base_location.zip_co_764503
9094,NUEVA GRANADA,l10n_co_base_location.zip_co_764503
9095,NUEVO AMANECER,l10n_co_base_location.zip_co_764503
9096,PUERTA,l10n_co_base_location.zip_co_764503
9097,14 DE JULIO,l10n_co_base_location.zip_co_764504
9098,ANTONIO NARIÑO,l10n_co_base_location.zip_co_764504
9099,BELLAVISTA,l10n_co_base_location.zip_co_764504
9100,CARMEN,l10n_co_base_location.zip_co_764504
9101,CASCAJAL,l10n_co_base_location.zip_co_764504
9102,CIUDADELA COLPUERTOS,l10n_co_base_location.zip_co_764504
9103,CRISTÓBAL COLÓN,l10n_co_base_location.zip_co_764504
9104,DORADO,l10n_co_base_location.zip_co_764504
9105,EL CRISTAL,l10n_co_base_location.zip_co_764504
9106,EUCARÍSTICO,l10n_co_base_location.zip_co_764504
9107,GALEÓN,l10n_co_base_location.zip_co_764504
9108,GRAN COLOMBIA,l10n_co_base_location.zip_co_764504
9109,JUAN XXIII,l10n_co_base_location.zip_co_764504
9110,KENNEDY,l10n_co_base_location.zip_co_764504
9111,LA TRANSFORMACIÓN,l10n_co_base_location.zip_co_764504
9112,LAURELES,l10n_co_base_location.zip_co_764504
9113,LOS PINOS,l10n_co_base_location.zip_co_764504
9114,MARÍA EUGENIA,l10n_co_base_location.zip_co_764504
9115,MODELO,l10n_co_base_location.zip_co_764504
9116,MUNICIPAL,l10n_co_base_location.zip_co_764504
9117,NUEVA,l10n_co_base_location.zip_co_764504
9118,SIN INFORMACION DE BARRIOS,l10n_co_base_location.zip_co_764507
9119,PASCUAL DE ANDAGOYA,l10n_co_base_location.zip_co_764508
9120,SIN INFORMACION DE BARRIOS,l10n_co_base_location.zip_co_764509
9121,SIN INFORMACION DE BARRIOS,l10n_co_base_location.zip_co_764517
9122,ALTOS DE RIOMAR,l10n_co_base_location.zip_co_080001
9123,ALTOS DEL LIMÓN,l10n_co_base_location.zip_co_080001
9124,ANDALUCÍA,l10n_co_base_location.zip_co_080001
9125,BATALLÓN INFANTERÍA,l10n_co_base_location.zip_co_080001
9126,EL CASTILLO,l10n_co_base_location.zip_co_080001
9127,EL GOLF,l10n_co_base_location.zip_co_080001
9128,EL LIMONCITO,l10n_co_base_location.zip_co_080001
9129,LA CONCEPCIÓN,l10n_co_base_location.zip_co_080001
9130,LA FLORESTA,l10n_co_base_location.zip_co_080001
9131,LA PLAYA,l10n_co_base_location.zip_co_080001
9132,LA PLAYA II ETAPA,l10n_co_base_location.zip_co_080001
9133,LAS FLORES,l10n_co_base_location.zip_co_080001
9134,LAS TRES AVEMARÍAS,l10n_co_base_location.zip_co_080001
9135,PARAÍSO,l10n_co_base_location.zip_co_080001
9136,RIOMAR,l10n_co_base_location.zip_co_080001
9137,SAN SALVADOR,l10n_co_base_location.zip_co_080001
9138,SIAPE,l10n_co_base_location.zip_co_080001
9139,VILLA COUNTRY,l10n_co_base_location.zip_co_080001
9140,VILLA DEL E,l10n_co_base_location.zip_co_080001
9141,BASE NAVAL,l10n_co_base_location.zip_co_080002
9142,BELLAVISTA,l10n_co_base_location.zip_co_080002
9143,BOSTON,l10n_co_base_location.zip_co_080002
9144,COLOMBIA,l10n_co_base_location.zip_co_080002
9145,EL PRADO,l10n_co_base_location.zip_co_080002
9146,LAS DELICIAS,l10n_co_base_location.zip_co_080002
9147,MODELO,l10n_co_base_location.zip_co_080002
9148,MONTECRISTO,l10n_co_base_location.zip_co_080002
9149,ROSARIO,l10n_co_base_location.zip_co_080002
9150,SAN FRANCISCO,l10n_co_base_location.zip_co_080002
9151,SANTANA,l10n_co_base_location.zip_co_080002
9152,ABAJO,l10n_co_base_location.zip_co_080003
9153,ATLÁNTICO,l10n_co_base_location.zip_co_080003
9154,BARLOVENTO,l10n_co_base_location.zip_co_080003
9155,CENTRO,l10n_co_base_location.zip_co_080003
9156,CHIQUINQUIRÁ,l10n_co_base_location.zip_co_080003
9157,MONTES,l10n_co_base_location.zip_co_080003
9158,SAN ROQUE,l10n_co_base_location.zip_co_080003
9159,BARRANQUILLITA,l10n_co_base_location.zip_co_080004
9160,LA LUZ,l10n_co_base_location.zip_co_080004
9161,REBOLO,l10n_co_base_location.zip_co_080004
9162,ZONA FRANCA INDUSTRIAL,l10n_co_base_location.zip_co_080004
9163,EL FERRY,l10n_co_base_location.zip_co_080005
9164,LA CHINITA,l10n_co_base_location.zip_co_080005
9165,LAS NIEVES,l10n_co_base_location.zip_co_080005
9166,LOS TRUPILLOS,l10n_co_base_location.zip_co_080005
9167,PASADENA,l10n_co_base_location.zip_co_080005
9168,PRIMERO DE MAYO,l10n_co_base_location.zip_co_080005
9169,SANTA HELENA,l10n_co_base_location.zip_co_080005
9170,SIMÓN BOLÍVAR,l10n_co_base_location.zip_co_080005
9171,ALBORAYA,l10n_co_base_location.zip_co_080006
9172,BELLA ARENA,l10n_co_base_location.zip_co_080006
9173,BOYACÁ,l10n_co_base_location.zip_co_080006
9174,BUENOS AIRES,l10n_co_base_location.zip_co_080006
9175,EL CAMPITO,l10n_co_base_location.zip_co_080006
9176,EL LIMÓN,l10n_co_base_location.zip_co_080006
9177,EL MILAGRO,l10n_co_base_location.zip_co_080006
9178,JOSÉ ANTONIO GALÁN,l10n_co_base_location.zip_co_080006
9179,LA MAGDALENA,l10n_co_base_location.zip_co_080006
9180,LA UNIÓN,l10n_co_base_location.zip_co_080006
9181,LAS PALMAS,l10n_co_base_location.zip_co_080006
9182,LOS LAURELES,l10n_co_base_location.zip_co_080006
9183,SAN JOSÉ,l10n_co_base_location.zip_co_080006
9184,SAN NICOLÁS,l10n_co_base_location.zip_co_080006
9185,TAYRONA,l10n_co_base_location.zip_co_080006
9186,UNIVERSAL,l10n_co_base_location.zip_co_080006
9187,VILLA BLANCA,l10n_co_base_location.zip_co_080006
9188,SIN INFORMACION DE BARRIOS,l10n_co_base_location.zip_co_080007
9189,CARRIZAL,l10n_co_base_location.zip_co_080010
9190,CIUDADELA VEINTE DE JULIO,l10n_co_base_location.zip_co_080010
9191,EL SANTUARIO,l10n_co_base_location.zip_co_080010
9192,LOS GIRASOLES,l10n_co_base_location.zip_co_080010
9193,CEVILLAR,l10n_co_base_location.zip_co_080011
9194,KENNEDY,l10n_co_base_location.zip_co_080011
9195,LA SIERRA,l10n_co_base_location.zip_co_080011
9196,LA SIERRITA,l10n_co_base_location.zip_co_080011
9197,LA VICTORIA,l10n_co_base_location.zip_co_080011
9198,LAS AMÉRICAS,l10n_co_base_location.zip_co_080011
9199,LOS CONTINENTES,l10n_co_base_location.zip_co_080011
9200,SANTO DOMINGO DE GUZMÁN,l10n_co_base_location.zip_co_080011
9201,ALFONSO LOPEZ,l10n_co_base_location.zip_co_080012
9202,AVENIDA DE LA SALUD,l10n_co_base_location.zip_co_080012
9203,EL CARMEN,l10n_co_base_location.zip_co_080012
9204,EL RECREO,l10n_co_base_location.zip_co_080012
9205,EL VALLE,l10n_co_base_location.zip_co_080012
9206,LA BUENA ESPERANZA,l10n_co_base_location.zip_co_080012
9207,LOMA FRESCA,l10n_co_base_location.zip_co_080012
9208,LOS ANDES,l10n_co_base_location.zip_co_080012
9209,LOS PINOS,l10n_co_base_location.zip_co_080012
9210,LUCERO,l10n_co_base_location.zip_co_080012
9211,NUEVA GRANADA,l10n_co_base_location.zip_co_080012
9212,PUMAREJO,l10n_co_base_location.zip_co_080012
9213,SAN ISIDRO,l10n_co_base_location.zip_co_080012
9214,SANTO DOMINGO,l10n_co_base_location.zip_co_080012
9215,SAN LUIS,l10n_co_base_location.zip_co_080013
9216,SAN ROQUE I,l10n_co_base_location.zip_co_080013
9217,SANTA MARÍA,l10n_co_base_location.zip_co_080013
9218,SIETE DE ABRIL,l10n_co_base_location.zip_co_080013
9219,VEINTE DE JULIO,l10n_co_base_location.zip_co_080013
9220,VILLA SAN PEDRO II,l10n_co_base_location.zip_co_080013
9221,CALIFORNIA,l10n_co_base_location.zip_co_080014
9222,CORDIALIDAD,l10n_co_base_location.zip_co_080014
9223,EL BOSQUE,l10n_co_base_location.zip_co_080014
9224,EVARISTO SOURDIS,l10n_co_base_location.zip_co_080014
9225,LA CEIBA,l10n_co_base_location.zip_co_080014
9226,LA CUCHILLA DE VILLATE,l10n_co_base_location.zip_co_080014
9227,LA GLORIA,l10n_co_base_location.zip_co_080014
9228,LA PAZ,l10n_co_base_location.zip_co_080014
9229,LAS MALVINAS,l10n_co_base_location.zip_co_080014
9230,LIPAYA,l10n_co_base_location.zip_co_080014
9231,LOS ROSALES,l10n_co_base_location.zip_co_080014
9232,ROMANCE,l10n_co_base_location.zip_co_080014
9233,SIETE DE AGOSTO,l10n_co_base_location.zip_co_080014
9234,VILLA FLOR,l10n_co_base_location.zip_co_080014
9235,VILLA SAN PEDRO I,l10n_co_base_location.zip_co_080014
9236,VILLA SAN PEDRO III,l10n_co_base_location.zip_co_080014
9237,VILLATE,l10n_co_base_location.zip_co_080014
9238,CIUDAD MODESTO,l10n_co_base_location.zip_co_080015
9239,EL PUEBLO,l10n_co_base_location.zip_co_080015
9240,LA MANGA,l10n_co_base_location.zip_co_080015
9241,LA PRADERA,l10n_co_base_location.zip_co_080015
9242,LAS ESTRELLAS,l10n_co_base_location.zip_co_080015
9243,LOS ANGELES,l10n_co_base_location.zip_co_080015
9244,LOS OLIVOS I,l10n_co_base_location.zip_co_080015
9245,LOS OLIVOS II,l10n_co_base_location.zip_co_080015
9246,POR FÍN,l10n_co_base_location.zip_co_080015
9247,TERRENOS PASTORAL SOCIAL,l10n_co_base_location.zip_co_080015
9248,CARLOS MEISEL,l10n_co_base_location.zip_co_080016
9249,EL SILENCIO,l10n_co_base_location.zip_co_080016
9250,LA ESMERALDA,l10n_co_base_location.zip_co_080016
9251,LA FLORIDA,l10n_co_base_location.zip_co_080016
9252,LA LIBERTAD,l10n_co_base_location.zip_co_080016
9253,LAS COLINAS,l10n_co_base_location.zip_co_080016
9254,LAS TERRAZAS,l10n_co_base_location.zip_co_080016
9255,ME QUEJO,l10n_co_base_location.zip_co_080016
9256,MERCEDES SUR,l10n_co_base_location.zip_co_080016
9257,NUEVA COLOMBIA,l10n_co_base_location.zip_co_080016
9258,OLAYA,l10n_co_base_location.zip_co_080016
9259,SAN FELIPE,l10n_co_base_location.zip_co_080016
9260,VILLA ROSARIO,l10n_co_base_location.zip_co_080016
9261,ALTAMIRA,l10n_co_base_location.zip_co_080020
9262,ALTOS DEL PRADO,l10n_co_base_location.zip_co_080020
9263,AMÉRICA,l10n_co_base_location.zip_co_080020
9264,BETANIA,l10n_co_base_location.zip_co_080020
9265,CAMPO ALEGRE,l10n_co_base_location.zip_co_080020
9266,CIUDAD JARDÍN,l10n_co_base_location.zip_co_080020
9267,EL POBLADO,l10n_co_base_location.zip_co_080020
9268,EL PORVENIR,l10n_co_base_location.zip_co_080020
9269,EL TABOR,l10n_co_base_location.zip_co_080020
9270,GRANADILLO,l10n_co_base_location.zip_co_080020
9271,LA CAMPIÑA,l10n_co_base_location.zip_co_080020
9272,LA CUMBRE,l10n_co_base_location.zip_co_080020
9273,LAS MERCEDES,l10n_co_base_location.zip_co_080020
9274,LOS ALPES,l10n_co_base_location.zip_co_080020
9275,LOS JOBOS,l10n_co_base_location.zip_co_080020
9276,LOS NOGALES,l10n_co_base_location.zip_co_080020
9277,NUEVO HORIZONTE,l10n_co_base_location.zip_co_080020
9278,SAN VICENTE,l10n_co_base_location.zip_co_080020
9279,SANTA MÓNICA,l10n_co_base_location.zip_co_080020
9280,VILLA SANTOS,l10n_co_base_location.zip_co_080020
9281,BRISAS DEL LLANO,l10n_co_base_location.zip_co_810001
9282,BULEVAR DE LA CEIBA,l10n_co_base_location.zip_co_810001
9283,CÓRDOBA,l10n_co_base_location.zip_co_810001
9284,CABAÑAAS DEL RÍO,l10n_co_base_location.zip_co_810001
9285,CRISTO REY,l10n_co_base_location.zip_co_810001
9286,DOCE DE OCTUBRE,l10n_co_base_location.zip_co_810001
9287,EL BOSQUE,l10n_co_base_location.zip_co_810001
9288,EL PORVENIR,l10n_co_base_location.zip_co_810001
9289,EL TRIUNFO,l10n_co_base_location.zip_co_810001
9290,FLOR DE MI LLANO,l10n_co_base_location.zip_co_810001
9291,FUNDADORES,l10n_co_base_location.zip_co_810001
9292,LA CHORRERA,l10n_co_base_location.zip_co_810001
9293,LA ESPERANZA,l10n_co_base_location.zip_co_810001
9294,LA GRANJA,l10n_co_base_location.zip_co_810001
9295,LAS AMÉRICAS,l10n_co_base_location.zip_co_810001
9296,LAS COROCORAS,l10n_co_base_location.zip_co_810001
9297,LIBERTADORES,l10n_co_base_location.zip_co_810001
9298,LOS GUARATARO,l10n_co_base_location.zip_co_810001
9299,SIN INFORMACION DE BARRIOS,l10n_co_base_location.zip_co_810007
9300,SIN INFORMACION DE BARRIOS,l10n_co_base_location.zip_co_810008
9301,BUENA VISTA,l10n_co_base_location.zip_co_810009
9302,ALTOS DE PRADOMAR,l10n_co_base_location.zip_co_081001
9303,CENTRO I,l10n_co_base_location.zip_co_081001
9304,CENTRO II,l10n_co_base_location.zip_co_081001
9305,COSTA AZUL,l10n_co_base_location.zip_co_081001
9306,EL ANCLA,l10n_co_base_location.zip_co_081001
9307,EL BAJITO,l10n_co_base_location.zip_co_081001
9308,EL CARMEN,l10n_co_base_location.zip_co_081001
9309,EL MUELLE,l10n_co_base_location.zip_co_081001
9310,EL SILENCIO,l10n_co_base_location.zip_co_081001
9311,LA AURORA,l10n_co_base_location.zip_co_081001
9312,LA RISOTA,l10n_co_base_location.zip_co_081001
9313,LA ROSITA,l10n_co_base_location.zip_co_081001
9314,LA VICTORIA,l10n_co_base_location.zip_co_081001
9315,LAS AMÉRICAS,l10n_co_base_location.zip_co_081001
9316,LAS MARGARITAS,l10n_co_base_location.zip_co_081001
9317,LOMA FRESCA,l10n_co_base_location.zip_co_081001
9318,MIRAMAR,l10n_co_base_location.zip_co_081001
9319,NORTE I,l10n_co_base_location.zip_co_081001
9320,NORTE II,l10n_co_base_location.zip_co_081001
9321,PASTRANA,l10n_co_base_location.zip_co_081001
9322,PRADOMAR,l10n_co_base_location.zip_co_081001
9323,PUNTA BRAV,l10n_co_base_location.zip_co_081001
9324,SIN INFORMACION DE BARRIOS,l10n_co_base_location.zip_co_081007
9325,SIN INFORMACION DE BARRIOS,l10n_co_base_location.zip_co_081008
9326,SIN INFORMACION DE BARRIOS,l10n_co_base_location.zip_co_081020
9327,SIN INFORMACION DE BARRIOS,l10n_co_base_location.zip_co_081027
9328,SIN INFORMACION DE BARRIOS,l10n_co_base_location.zip_co_081028
9329,SIN INFORMACION DE BARRIOS,l10n_co_base_location.zip_co_081040
9330,SIN INFORMACION DE BARRIOS,l10n_co_base_location.zip_co_081047
9331,SIN INFORMACION DE BARRIOS,l10n_co_base_location.zip_co_081048
9332,SIN INFORMACION DE BARRIOS,l10n_co_base_location.zip_co_081060
9333,SIN INFORMACION DE BARRIOS,l10n_co_base_location.zip_co_081067
9334,20 DE JULIO,l10n_co_base_location.zip_co_812010
9335,EL CENTRO,l10n_co_base_location.zip_co_812010
9336,EL ESTERO,l10n_co_base_location.zip_co_812010
9337,EL PROGRESO,l10n_co_base_location.zip_co_812010
9338,EL TRIUNFO,l10n_co_base_location.zip_co_812010
9339,VILLA LLANO,l10n_co_base_location.zip_co_812010
9340,SIN INFORMACION DE BARRIOS,l10n_co_base_location.zip_co_812017
9341,SIN INFORMACION DE BARRIOS,l10n_co_base_location.zip_co_812018
9342,SIN INFORMACION DE BARRIOS,l10n_co_base_location.zip_co_812019
9343,SIN INFORMACION DE BARRIOS,l10n_co_base_location.zip_co_813010
9344,SIN INFORMACION DE BARRIOS,l10n_co_base_location.zip_co_813017
9345,SIN INFORMACION DE BARRIOS,l10n_co_base_location.zip_co_813018
9346,1 DE MAYO,l10n_co_base_location.zip_co_814010
9347,20 DE JULIO,l10n_co_base_location.zip_co_814010
9348,ARAUCARIA,l10n_co_base_location.zip_co_814010
9349,BOYACÁ,l10n_co_base_location.zip_co_814010
9350,BUENA VISTA,l10n_co_base_location.zip_co_814010
9351,CENTRO,l10n_co_base_location.zip_co_814010
9352,COOPERATIVA DE VIVIENDA,l10n_co_base_location.zip_co_814010
9353,COOTRAMACL,l10n_co_base_location.zip_co_814010
9354,COOVITAL,l10n_co_base_location.zip_co_814010
9355,CRISTO REY,l10n_co_base_location.zip_co_814010
9356,EL CIELO,l10n_co_base_location.zip_co_814010
9357,EL MORICHAL,l10n_co_base_location.zip_co_814010
9358,EL PORVENIR,l10n_co_base_location.zip_co_814010
9359,EL VERGEL,l10n_co_base_location.zip_co_814010
9360,EL ZAMÁN,l10n_co_base_location.zip_co_814010
9361,KENNEDY,l10n_co_base_location.zip_co_814010
9362,LA UNIÓN,l10n_co_base_location.zip_co_814010
9363,LAS FERIAS,l10n_co_base_location.zip_co_814010
9364,SAN ANTONIO,l10n_co_base_location.zip_co_814010
9365,SAN LUIS,l10n_co_base_location.zip_co_814010
9366,SAN MIGUEL,l10n_co_base_location.zip_co_814010
9367,SANTANDER,l10n_co_base_location.zip_co_814010
9368,AMIGOSCOP,l10n_co_base_location.zip_co_814017
9369,BALCÓN DEL LLANO,l10n_co_base_location.zip_co_814017
9370,CAMPIÑA 1,l10n_co_base_location.zip_co_814017
9371,COBICRISTAS 2,l10n_co_base_location.zip_co_814017
9372,COOBEC,l10n_co_base_location.zip_co_814017
9373,HORIZONTE,l10n_co_base_location.zip_co_814017
9374,LOS CARACAROS,l10n_co_base_location.zip_co_814017
9375,LOS CRISTALES,l10n_co_base_location.zip_co_814017
9376,VILLA CARO,l10n_co_base_location.zip_co_814017
9377,VILLA PAOLA,l10n_co_base_location.zip_co_814017
9378,SIN INFORMACION DE BARRIOS,l10n_co_base_location.zip_co_814018
9379,SIN INFORMACION DE BARRIOS,l10n_co_base_location.zip_co_814050
9380,SIN INFORMACION DE BARRIOS,l10n_co_base_location.zip_co_814057
9381,SIN INFORMACION DE BARRIOS,l10n_co_base_location.zip_co_814058
9382,ALFONSO LOPEZ,l10n_co_base_location.zip_co_815010
9383,CENTRO,l10n_co_base_location.zip_co_815010
9384,CIUDAD,l10n_co_base_location.zip_co_815010
9385,COCHISE,l10n_co_base_location.zip_co_815010
9386,EL PRADO,l10n_co_base_location.zip_co_815010
9387,GAITÁN,l10n_co_base_location.zip_co_815010
9388,GALÁN,l10n_co_base_location.zip_co_815010
9389,JARDÍN,l10n_co_base_location.zip_co_815010
9390,JOSÉ VICENTE 1,l10n_co_base_location.zip_co_815010
9391,JOSÉ VICENTE 2,l10n_co_base_location.zip_co_815010
9392,LA ESPERANZA,l10n_co_base_location.zip_co_815010
9393,LA GRANJA,l10n_co_base_location.zip_co_815010
9394,LAS FLORES,l10n_co_base_location.zip_co_815010
9395,LAS VILLAS,l10n_co_base_location.zip_co_815010
9396,LOS ALPES,l10n_co_base_location.zip_co_815010
9397,LOS LIBERTADORES,l10n_co_base_location.zip_co_815010
9398,MODELO,l10n_co_base_location.zip_co_815010
9399,MONTEBELLO,l10n_co_base_location.zip_co_815010
9400,PABLO A,l10n_co_base_location.zip_co_815010
9401,PINZÓN,l10n_co_base_location.zip_co_815010
9402,SALINAS,l10n_co_base_location.zip_co_815010
9403,SAN JORGE,l10n_co_base_location.zip_co_815010
9404,SAN LUIS,l10n_co_base_location.zip_co_815010
9405,SANTA,l10n_co_base_location.zip_co_815010
9406,SIN INFORMACION DE BARRIOS,l10n_co_base_location.zip_co_815017
9407,SIN INFORMACION DE BARRIOS,l10n_co_base_location.zip_co_815018
9408,20 DE JULIO,l10n_co_base_location.zip_co_816010
9409,6 DE ENERO,l10n_co_base_location.zip_co_816010
9410,CENTRO,l10n_co_base_location.zip_co_816010
9411,CHARALÁ,l10n_co_base_location.zip_co_816010
9412,LA LIBERTAD,l10n_co_base_location.zip_co_816010
9413,LAS FLORES,l10n_co_base_location.zip_co_816010
9414,LAS PALMERAS,l10n_co_base_location.zip_co_816010
9415,NUEVA VALENCIA,l10n_co_base_location.zip_co_816010
9416,OBRERO,l10n_co_base_location.zip_co_816010
9417,RIVERAS DEL ARAUCA,l10n_co_base_location.zip_co_816010
9418,SAN ISIDRO,l10n_co_base_location.zip_co_816010
9419,SAN MARTÍN,l10n_co_base_location.zip_co_816010
9420,VILLA MARÍA,l10n_co_base_location.zip_co_816010
9421,SIN INFORMACION DE BARRIOS,l10n_co_base_location.zip_co_816017
9422,SIN INFORMACION DE BARRIOS,l10n_co_base_location.zip_co_816018
9423,SIN INFORMACION DE BARRIOS,l10n_co_base_location.zip_co_816019
9424,SIN INFORMACION DE BARRIOS,l10n_co_base_location.zip_co_082001
9425,SIN INFORMACION DE BARRIOS,l10n_co_base_location.zip_co_082007
9426,1 DE ENERO,l10n_co_base_location.zip_co_082020
9427,CALDAS,l10n_co_base_location.zip_co_082020
9428,EL PORVENIR,l10n_co_base_location.zip_co_082020
9429,ESPAÑA,l10n_co_base_location.zip_co_082020
9430,GÓNGORA,l10n_co_base_location.zip_co_082020
9431,GUAYABAL,l10n_co_base_location.zip_co_082020
9432,LA CANDELARIA,l10n_co_base_location.zip_co_082020
9433,LA ESPERANZA,l10n_co_base_location.zip_co_082020
9434,LAS AMÉRICAS,l10n_co_base_location.zip_co_082020
9435,LAS MARGARITAS,l10n_co_base_location.zip_co_082020
9436,LOMA FRESCA,l10n_co_base_location.zip_co_082020
9437,MANZANARES,l10n_co_base_location.zip_co_082020
9438,ONCE DE NOVIEMBRE,l10n_co_base_location.zip_co_082020
9439,PINIQUE,l10n_co_base_location.zip_co_082020
9440,PRIMAVERA,l10n_co_base_location.zip_co_082020
9441,SAN CAYETANO,l10n_co_base_location.zip_co_082020
9442,SAN JOSÉ,l10n_co_base_location.zip_co_082020
9443,SANTA HELENA,l10n_co_base_location.zip_co_082020
9444,TOPACIO,l10n_co_base_location.zip_co_082020
9445,VEINTE DE JULIO,l10n_co_base_location.zip_co_082020
9446,VILLA AN,l10n_co_base_location.zip_co_082020
9447,SIN INFORMACION DE BARRIOS,l10n_co_base_location.zip_co_082027
9448,SIN INFORMACION DE BARRIOS,l10n_co_base_location.zip_co_082028
9449,ALFONSO LOPEZ,l10n_co_base_location.zip_co_082040
9450,ALMENDROS,l10n_co_base_location.zip_co_082040
9451,ARENOSA,l10n_co_base_location.zip_co_082040
9452,AVIANCA,l10n_co_base_location.zip_co_082040
9453,CAMILO TORRES,l10n_co_base_location.zip_co_082040
9454,CENTRO,l10n_co_base_location.zip_co_082040
9455,EL CAMEN,l10n_co_base_location.zip_co_082040
9456,EL PORVENIR,l10n_co_base_location.zip_co_082040
9457,EL PRADITO,l10n_co_base_location.zip_co_082040
9458,LA LOMA,l10n_co_base_location.zip_co_082040
9459,LA VICTORIA,l10n_co_base_location.zip_co_082040
9460,MIRAFLORES,l10n_co_base_location.zip_co_082040
9461,PLAZA,l10n_co_base_location.zip_co_082040
9462,TAMARINDO,l10n_co_base_location.zip_co_082040
9463,SIN INFORMACION DE BARRIOS,l10n_co_base_location.zip_co_082047
9464,SIN INFORMACION DE BARRIOS,l10n_co_base_location.zip_co_082060
9465,SIN INFORMACION DE BARRIOS,l10n_co_base_location.zip_co_082067
9466,LOS LAURELES,l10n_co_base_location.zip_co_083001
9467,URBANIZACIÓN EL PARQUE,l10n_co_base_location.zip_co_083001
9468,URBANIZACIÓN LA ARBOLEDA,l10n_co_base_location.zip_co_083001
9469,URBANIZACIÓN LAS GAVIOTAS,l10n_co_base_location.zip_co_083001
9470,URBANIZACIÓN LAS GAVIOTAS II Y BALKANES,l10n_co_base_location.zip_co_083001
9471,URBANIZACIÓN LAS TRINITARIAS,l10n_co_base_location.zip_co_083001
9472,URBANIZACIÓN PARQUE MUVDI I,l10n_co_base_location.zip_co_083001
9473,URBANIZACIÓN PARQUE MUVDI II,l10n_co_base_location.zip_co_083001
9474,VILLA CECILIA,l10n_co_base_location.zip_co_083001
9475,VILLA DEL CARMEN,l10n_co_base_location.zip_co_083001
9476,20 DE JULIO,l10n_co_base_location.zip_co_083002
9477,CENTENARIO,l10n_co_base_location.zip_co_083002
9478,COSTA HERMOSA,l10n_co_base_location.zip_co_083002
9479,EL CABRERO,l10n_co_base_location.zip_co_083002
9480,EL FERRY,l10n_co_base_location.zip_co_083002
9481,EL HIPÓDROMO,l10n_co_base_location.zip_co_083002
9482,EL PORVENIR,l10n_co_base_location.zip_co_083002
9483,EL RÍO SANTA INÉS,l10n_co_base_location.zip_co_083002
9484,EL TRIUNFO,l10n_co_base_location.zip_co_083002
9485,EL TUCÁN,l10n_co_base_location.zip_co_083002
9486,LA RIVERA,l10n_co_base_location.zip_co_083002
9487,LA VICTORIA VIEJA,l10n_co_base_location.zip_co_083002
9488,LAS FERIAS,l10n_co_base_location.zip_co_083002
9489,LOS ARRAYANES,l10n_co_base_location.zip_co_083002
9490,PRIMERO DE MAYO,l10n_co_base_location.zip_co_083002
9491,SALAMANCA,l10n_co_base_location.zip_co_083002
9492,URBANIZACIÓN LAS MARGARITAS,l10n_co_base_location.zip_co_083002
9493,URBANIZACIÓ,l10n_co_base_location.zip_co_083002
9494,12 DE OCTUBRE,l10n_co_base_location.zip_co_083003
9495,13 DE MAYO,l10n_co_base_location.zip_co_083003
9496,15 DE AGOSTO,l10n_co_base_location.zip_co_083003
9497,16 DE JULIO,l10n_co_base_location.zip_co_083003
9498,7 DE AGOSTO,l10n_co_base_location.zip_co_083003
9499,CACHIMBERRO,l10n_co_base_location.zip_co_083003
9500,EL CENTRO,l10n_co_base_location.zip_co_083003
9501,EL FERROCARRIL,l10n_co_base_location.zip_co_083003
9502,EL NUEVO TRIUNFO,l10n_co_base_location.zip_co_083003
9503,EL PASITO,l10n_co_base_location.zip_co_083003
9504,JUAN DOMÍNGUEZ,l10n_co_base_location.zip_co_083003
9505,LA CRUZ DE MAYO,l10n_co_base_location.zip_co_083003
9506,LA ESPERANZA,l10n_co_base_location.zip_co_083003
9507,LA FLORESTA,l10n_co_base_location.zip_co_083003
9508,LA LOMA,l10n_co_base_location.zip_co_083003
9509,LA MARÍA,l10n_co_base_location.zip_co_083003
9510,ORIENTAL,l10n_co_base_location.zip_co_083003
9511,PUMAREJO,l10n_co_base_location.zip_co_083003
9512,SAL SI PIEDES,l10n_co_base_location.zip_co_083003
9513,SALCE,l10n_co_base_location.zip_co_083003
9514,LA ILUSIÓN,l10n_co_base_location.zip_co_083004
9515,LAS COLINAS,l10n_co_base_location.zip_co_083004
9516,LAS FARRUCAS,l10n_co_base_location.zip_co_083004
9517,URBANIZACIÓN DE LAS MORAS II,l10n_co_base_location.zip_co_083004
9518,URBANIZACIÓN LAS MORAS,l10n_co_base_location.zip_co_083004
9519,URBANIZACIÓN LAS NUBES,l10n_co_base_location.zip_co_083004
9520,URBANIZACIÓN NUEVA JERUSALÉN,l10n_co_base_location.zip_co_083004
9521,URBANIZACIÓN VILLA ARAGÓN,l10n_co_base_location.zip_co_083004
9522,URBANIZACIÓN VILLA MÓNACO,l10n_co_base_location.zip_co_083004
9523,VILLA DE LAS MORAS,l10n_co_base_location.zip_co_083004
9524,VILLA ESTEFANI,l10n_co_base_location.zip_co_083004
9525,VILLA KATANGA,l10n_co_base_location.zip_co_083004
9526,VIL,l10n_co_base_location.zip_co_083004
9527,CIUDADELA METROPOLITANA,l10n_co_base_location.zip_co_083005
9528,EL OASIS,l10n_co_base_location.zip_co_083005
9529,LA BONANZA,l10n_co_base_location.zip_co_083005
9530,LA FÉ,l10n_co_base_location.zip_co_083005
9531,LOS CUSULES,l10n_co_base_location.zip_co_083005
9532,MANUELA BELTRÁN,l10n_co_base_location.zip_co_083005
9533,SOLEDAD 2000,l10n_co_base_location.zip_co_083005
9534,URBANIZACIÓN TERRANOVA II,l10n_co_base_location.zip_co_083005
9535,VILLA ADELA,l10n_co_base_location.zip_co_083005
9536,VILLA KARLA,l10n_co_base_location.zip_co_083005
9537,ZARABANDA,l10n_co_base_location.zip_co_083005
9538,EL ESFUERZO,l10n_co_base_location.zip_co_083006
9539,SAN VICENTE I,l10n_co_base_location.zip_co_083006
9540,SAN VICENTE II,l10n_co_base_location.zip_co_083006
9541,SAN VICENTE III,l10n_co_base_location.zip_co_083006
9542,URBANIZACIÓN VILLA MARÍA,l10n_co_base_location.zip_co_083006
9543,VILLA DEL REY II,l10n_co_base_location.zip_co_083006
9544,VILLA GLADYS,l10n_co_base_location.zip_co_083006
9545,VILLA SOL,l10n_co_base_location.zip_co_083006
9546,VILLAS DEL REY,l10n_co_base_location.zip_co_083006
9547,SIN INFORMACION DE BARRIOS,l10n_co_base_location.zip_co_083007
9548,ALTOS DE SEVILLA,l10n_co_base_location.zip_co_083010
9549,CIUDAD SALITRE,l10n_co_base_location.zip_co_083010
9550,ESTADIO,l10n_co_base_location.zip_co_083010
9551,LA CENTRAL,l10n_co_base_location.zip_co_083010
9552,LAS MORAS,l10n_co_base_location.zip_co_083010
9553,LOS ALMENDROS,l10n_co_base_location.zip_co_083010
9554,LOS ROBLES I,l10n_co_base_location.zip_co_083010
9555,SAN BERNARDO,l10n_co_base_location.zip_co_083010
9556,URBANIZACIÓN LAS MORAS OCCIDENTE,l10n_co_base_location.zip_co_083010
9557,URBANIZACIÓN LOS CEDROS,l10n_co_base_location.zip_co_083010
9558,URBANIZACIÓN NUEVO HORIZONTE,l10n_co_base_location.zip_co_083010
9559,URBANIZACIÓN VILLA ANGÉLICA,l10n_co_base_location.zip_co_083010
9560,URBANIZACIÓN VILLA ESTADIO I,l10n_co_base_location.zip_co_083010
9561,CIUDAD CARIBE II,l10n_co_base_location.zip_co_083020
9562,CONCORDE SECTOR 1,l10n_co_base_location.zip_co_083020
9563,CONCORDE SECTOR 2,l10n_co_base_location.zip_co_083020
9564,CONCORDE VI ETAPA,l10n_co_base_location.zip_co_083020
9565,MESOLANDIA,l10n_co_base_location.zip_co_083020
9566,PALMARITO,l10n_co_base_location.zip_co_083020
9567,SAN SEBASTIÁN,l10n_co_base_location.zip_co_083020
9568,VILLA ANITA,l10n_co_base_location.zip_co_083020
9569,23 DE SEPTIEMBRE,l10n_co_base_location.zip_co_083021
9570,7 DE DICIEMBRE,l10n_co_base_location.zip_co_083021
9571,ABAJO,l10n_co_base_location.zip_co_083021
9572,BELLAVISTA,l10n_co_base_location.zip_co_083021
9573,BELLAVISTA PARTE 1,l10n_co_base_location.zip_co_083021
9574,BELLAVISTA PARTE 2,l10n_co_base_location.zip_co_083021
9575,COLOMBIA,l10n_co_base_location.zip_co_083021
9576,EL CARMEN,l10n_co_base_location.zip_co_083021
9577,EL CENTRO 1,l10n_co_base_location.zip_co_083021
9578,EL CENTRO 2,l10n_co_base_location.zip_co_083021
9579,EL CENTRO 3,l10n_co_base_location.zip_co_083021
9580,EL GIRASOL,l10n_co_base_location.zip_co_083021
9581,EL MORRITO,l10n_co_base_location.zip_co_083021
9582,EL PARAÍSO,l10n_co_base_location.zip_co_083021
9583,EL PASITO,l10n_co_base_location.zip_co_083021
9584,EL PRADITO,l10n_co_base_location.zip_co_083021
9585,EL TESORO,l10n_co_base_location.zip_co_083021
9586,JUAN XXIII,l10n_co_base_location.zip_co_083021
9587,LA LUNA,l10n_co_base_location.zip_co_083021
9588,LA MAGDALEN,l10n_co_base_location.zip_co_083021
9589,MALAMBITO,l10n_co_base_location.zip_co_083027
9590,SIN INFORMACION DE BARRIOS,l10n_co_base_location.zip_co_083028
9591,SIN INFORMACION DE BARRIOS,l10n_co_base_location.zip_co_083040
9592,SIN INFORMACION DE BARRIOS,l10n_co_base_location.zip_co_083047
9593,ALTAMIRA,l10n_co_base_location.zip_co_083060
9594,BUENA ESPERANZA,l10n_co_base_location.zip_co_083060
9595,CAMINO REAL,l10n_co_base_location.zip_co_083060
9596,EL CARMEN,l10n_co_base_location.zip_co_083060
9597,EL DORAL,l10n_co_base_location.zip_co_083060
9598,LA FLORIDA,l10n_co_base_location.zip_co_083060
9599,LOS COCOS,l10n_co_base_location.zip_co_083060
9600,PALO NEGRO,l10n_co_base_location.zip_co_083060
9601,SIN INFORMACION DE BARRIOS,l10n_co_base_location.zip_co_083067
9602,SIN INFORMACION DE BARRIOS,l10n_co_base_location.zip_co_083080
9603,SIN INFORMACION DE BARRIOS,l10n_co_base_location.zip_co_083087
9604,ABAJO,l10n_co_base_location.zip_co_084001
9605,CENTRO,l10n_co_base_location.zip_co_084001
9606,EL TABÓN,l10n_co_base_location.zip_co_084001
9607,JORGE ELIÉCER GAITÁN,l10n_co_base_location.zip_co_084001
9608,LA CANDELARIA,l10n_co_base_location.zip_co_084001
9609,LA CONCEPCIÓN,l10n_co_base_location.zip_co_084001
9610,LA PACHITA,l10n_co_base_location.zip_co_084001
9611,LA PLAZA,l10n_co_base_location.zip_co_084001
9612,LOS ROBLES,l10n_co_base_location.zip_co_084001
9613,LOS TEJADOS,l10n_co_base_location.zip_co_084001
9614,SAN FRANCISCO,l10n_co_base_location.zip_co_084001
9615,SAN JORGE,l10n_co_base_location.zip_co_084001
9616,SIN INFORMACION DE BARRIOS,l10n_co_base_location.zip_co_084007
9617,SIN INFORMACION DE BARRIOS,l10n_co_base_location.zip_co_084008
9618,SIN INFORMACION DE BARRIOS,l10n_co_base_location.zip_co_084020
9619,SIN INFORMACION DE BARRIOS,l10n_co_base_location.zip_co_084027
9620,SIN INFORMACION DE BARRIOS,l10n_co_base_location.zip_co_084040
9621,SIN INFORMACION DE BARRIOS,l10n_co_base_location.zip_co_084047
9622,SIN INFORMACION DE BARRIOS,l10n_co_base_location.zip_co_084060
9623,SIN INFORMACION DE BARRIOS,l10n_co_base_location.zip_co_084067
9624,SIN INFORMACION DE BARRIOS,l10n_co_base_location.zip_co_084080
9625,SIN INFORMACION DE BARRIOS,l10n_co_base_location.zip_co_084087
9626,1 DE MAYO,l10n_co_base_location.zip_co_850001
9627,BELLO HORIZONTE,l10n_co_base_location.zip_co_850001
9628,BICENTENARIO,l10n_co_base_location.zip_co_850001
9629,BON HABITAT,l10n_co_base_location.zip_co_850001
9630,BRISAS DEL CRAVO,l10n_co_base_location.zip_co_850001
9631,CARIBABARE,l10n_co_base_location.zip_co_850001
9632,DALEL BARÓN,l10n_co_base_location.zip_co_850001
9633,EJÉRCITO NACIONAL,l10n_co_base_location.zip_co_850001
9634,EL ALCARAVAN,l10n_co_base_location.zip_co_850001
9635,EL BOSQUE,l10n_co_base_location.zip_co_850001
9636,EL BROSQUERO,l10n_co_base_location.zip_co_850001
9637,EL CENTRO,l10n_co_base_location.zip_co_850001
9638,EL GAVÁN,l10n_co_base_location.zip_co_850001
9639,EL LIBERTADOR,l10n_co_base_location.zip_co_850001
9640,EL REMANSO I,l10n_co_base_location.zip_co_850001
9641,EL SALITRE,l10n_co_base_location.zip_co_850001
9642,EL YARUMO,l10n_co_base_location.zip_co_850001
9643,JUAN PABLO,l10n_co_base_location.zip_co_850001
9644,LA AMISTAD,l10n_co_base_location.zip_co_850001
9645,LA,l10n_co_base_location.zip_co_850001
9646,20 DE JULIO,l10n_co_base_location.zip_co_850002
9647,26 DE MAYO,l10n_co_base_location.zip_co_850002
9648,AEROCIVIL,l10n_co_base_location.zip_co_850002
9649,ARAGUANEY,l10n_co_base_location.zip_co_850002
9650,BELLAVISTA,l10n_co_base_location.zip_co_850002
9651,CANAGUAROS,l10n_co_base_location.zip_co_850002
9652,CENTRAL DE ABASTOS,l10n_co_base_location.zip_co_850002
9653,CHAVINAVE,l10n_co_base_location.zip_co_850002
9654,CIUDAD JARDÍN,l10n_co_base_location.zip_co_850002
9655,CIUDADELA EL CARMEN,l10n_co_base_location.zip_co_850002
9656,COMCAJA,l10n_co_base_location.zip_co_850002
9657,COMFABOY,l10n_co_base_location.zip_co_850002
9658,COVISEDCA,l10n_co_base_location.zip_co_850002
9659,EL FICAL,l10n_co_base_location.zip_co_850002
9660,EL GARCERO,l10n_co_base_location.zip_co_850002
9661,EL LAGUITO,l10n_co_base_location.zip_co_850002
9662,EL MASTRANTO,l10n_co_base_location.zip_co_850002
9663,EL MASTRANTO II,l10n_co_base_location.zip_co_850002
9664,EL OASIS,l10n_co_base_location.zip_co_850002
9665,EL PARAÍSO,l10n_co_base_location.zip_co_850002
9666,SIN INFORMACION DE BARRIOS,l10n_co_base_location.zip_co_850007
9667,CAMORUCO,l10n_co_base_location.zip_co_850008
9668,COLINA CAMPESTRE,l10n_co_base_location.zip_co_850008
9669,EL PEDREGAL,l10n_co_base_location.zip_co_850008
9670,LA ARBOLEDA,l10n_co_base_location.zip_co_850008
9671,QUINTAS DEL LLANO,l10n_co_base_location.zip_co_850008
9672,SIN INFORMACION DE BARRIOS,l10n_co_base_location.zip_co_850009
9673,SIN INFORMACION DE BARRIOS,l10n_co_base_location.zip_co_085001
9674,SIN INFORMACION DE BARRIOS,l10n_co_base_location.zip_co_085007
9675,SIN INFORMACION DE BARRIOS,l10n_co_base_location.zip_co_085008
9676,SIN INFORMACION DE BARRIOS,l10n_co_base_location.zip_co_085009
9677,SIN INFORMACION DE BARRIOS,l10n_co_base_location.zip_co_085020
9678,SIN INFORMACION DE BARRIOS,l10n_co_base_location.zip_co_085027
9679,SIN INFORMACION DE BARRIOS,l10n_co_base_location.zip_co_085040
9680,SIN INFORMACION DE BARRIOS,l10n_co_base_location.zip_co_085047
9681,SIN INFORMACION DE BARRIOS,l10n_co_base_location.zip_co_085048
9682,SIN INFORMACION DE BARRIOS,l10n_co_base_location.zip_co_085060
9683,SIN INFORMACION DE BARRIOS,l10n_co_base_location.zip_co_085067
9684,SIN INFORMACION DE BARRIOS,l10n_co_base_location.zip_co_085068
9685,SIN INFORMACION DE BARRIOS,l10n_co_base_location.zip_co_851010
9686,SIN INFORMACION DE BARRIOS,l10n_co_base_location.zip_co_851017
9687,ZONA 1 CENTRO,l10n_co_base_location.zip_co_851030
9688,ZONA 2 LA BAÑADERA,l10n_co_base_location.zip_co_851030
9689,ZONA 3,l10n_co_base_location.zip_co_851030
9690,ZONA 4,l10n_co_base_location.zip_co_851030
9691,ZONA 5,l10n_co_base_location.zip_co_851037
9692,SIN INFORMACION DE BARRIOS,l10n_co_base_location.zip_co_851038
9693,SIN INFORMACION DE BARRIOS,l10n_co_base_location.zip_co_851050
9694,SIN INFORMACION DE BARRIOS,l10n_co_base_location.zip_co_851057
9695,SIN INFORMACION DE BARRIOS,l10n_co_base_location.zip_co_851058
9696,SIN INFORMACION DE BARRIOS,l10n_co_base_location.zip_co_851070
9697,SIN INFORMACION DE BARRIOS,l10n_co_base_location.zip_co_851077
9698,SIN INFORMACION DE BARRIOS,l10n_co_base_location.zip_co_851078
9699,SIN INFORMACION DE BARRIOS,l10n_co_base_location.zip_co_852010
9700,SIN INFORMACION DE BARRIOS,l10n_co_base_location.zip_co_852017
9701,SIN INFORMACION DE BARRIOS,l10n_co_base_location.zip_co_852018
9702,SIN INFORMACION DE BARRIOS,l10n_co_base_location.zip_co_852019
9703,BARRIO 20 DE JULIO,l10n_co_base_location.zip_co_852030
9704,BARRIO 7 DE AGOSTO,l10n_co_base_location.zip_co_852030
9705,BARRIO BUENOS AIRES,l10n_co_base_location.zip_co_852030
9706,BARRIO CAMILO TORRES,l10n_co_base_location.zip_co_852030
9707,BARRIO EL PALMAR,l10n_co_base_location.zip_co_852030
9708,BARRIO EL TRIUNFO,l10n_co_base_location.zip_co_852030
9709,BARRIO LA ESPERANZA,l10n_co_base_location.zip_co_852030
9710,BARRIO LA FRAGUA,l10n_co_base_location.zip_co_852030
9711,BARRIO LAS FERIAS,l10n_co_base_location.zip_co_852030
9712,BARRIO LAS VILLAS,l10n_co_base_location.zip_co_852030
9713,BARRIO LOS CENTAUROS,l10n_co_base_location.zip_co_852030
9714,BARRIO PANORAMA,l10n_co_base_location.zip_co_852030
9715,BARRIO VELLAVISTA,l10n_co_base_location.zip_co_852030
9716,SIN INFORMACION DE BARRIOS,l10n_co_base_location.zip_co_852037
9717,SIN INFORMACION DE BARRIOS,l10n_co_base_location.zip_co_852038
9718,BARRIO EL PROGRESO,l10n_co_base_location.zip_co_852039
9719,CENTAUROS,l10n_co_base_location.zip_co_852050
9720,CENTRO,l10n_co_base_location.zip_co_852050
9721,LIBERTADORES,l10n_co_base_location.zip_co_852050
9722,PANORAMA,l10n_co_base_location.zip_co_852050
9723,PORVENIR,l10n_co_base_location.zip_co_852050
9724,SIMÓN BOLÍVAR,l10n_co_base_location.zip_co_852050
9725,COGOLLO,l10n_co_base_location.zip_co_852057
9726,ALCARAVAN,l10n_co_base_location.zip_co_852058
9727,DONAIRE,l10n_co_base_location.zip_co_853010
9728,EL CENTRO,l10n_co_base_location.zip_co_853010
9729,LAS FERIAS,l10n_co_base_location.zip_co_853010
9730,PANORAMA,l10n_co_base_location.zip_co_853010
9731,SAN JORGE,l10n_co_base_location.zip_co_853010
9732,SANTO DOMINGO,l10n_co_base_location.zip_co_853010
9733,VILLA MARÍA,l10n_co_base_location.zip_co_853010
9734,PALMERAS,l10n_co_base_location.zip_co_853010
9735,SIN INFORMACION DE BARRIOS,l10n_co_base_location.zip_co_853017
9736,SIN INFORMACION DE BARRIOS,l10n_co_base_location.zip_co_853018
9737,SIN INFORMACION DE BARRIOS,l10n_co_base_location.zip_co_853019
9738,SIN INFORMACION DE BARRIOS,l10n_co_base_location.zip_co_853030
9739,SIN INFORMACION DE BARRIOS,l10n_co_base_location.zip_co_853037
9740,SIN INFORMACION DE BARRIOS,l10n_co_base_location.zip_co_853038
9741,SIN INFORMACION DE BARRIOS,l10n_co_base_location.zip_co_853039
9742,SIN INFORMACION DE BARRIOS,l10n_co_base_location.zip_co_853050
9743,SIN INFORMACION DE BARRIOS,l10n_co_base_location.zip_co_853057
9744,SIN INFORMACION DE BARRIOS,l10n_co_base_location.zip_co_853058
9745,SIN INFORMACION DE BARRIOS,l10n_co_base_location.zip_co_853059
9746,SIN INFORMACION DE BARRIOS,l10n_co_base_location.zip_co_854010
9747,SIN INFORMACION DE BARRIOS,l10n_co_base_location.zip_co_854017
9748,SIN INFORMACION DE BARRIOS,l10n_co_base_location.zip_co_854018
9749,SIN INFORMACION DE BARRIOS,l10n_co_base_location.zip_co_854019
9750,SIN INFORMACION DE BARRIOS,l10n_co_base_location.zip_co_854030
9751,SIN INFORMACION DE BARRIOS,l10n_co_base_location.zip_co_854037
9752,SIN INFORMACION DE BARRIOS,l10n_co_base_location.zip_co_854038
9753,SIN INFORMACION DE BARRIOS,l10n_co_base_location.zip_co_854039
9754,SIN INFORMACION DE BARRIOS,l10n_co_base_location.zip_co_855010
9755,SIN INFORMACION DE BARRIOS,l10n_co_base_location.zip_co_855017
9756,SIN INFORMACION DE BARRIOS,l10n_co_base_location.zip_co_855018
9757,BELLO HORIZONTE,l10n_co_base_location.zip_co_855030
9758,BOSQUE,l10n_co_base_location.zip_co_855030
9759,BRISAS DEL AGUA CLARA,l10n_co_base_location.zip_co_855030
9760,BRISAS DEL UPÍA,l10n_co_base_location.zip_co_855030
9761,BRISAS DEL UPÍA 2,l10n_co_base_location.zip_co_855030
9762,CENTRO,l10n_co_base_location.zip_co_855030
9763,FUNDADORES,l10n_co_base_location.zip_co_855030
9764,MORICHAL,l10n_co_base_location.zip_co_855030
9765,PANORAMA,l10n_co_base_location.zip_co_855030
9766,PARAÍSO,l10n_co_base_location.zip_co_855030
9767,PROGRESO,l10n_co_base_location.zip_co_855030
9768,VILLA CLARA,l10n_co_base_location.zip_co_855030
9769,VILLALUZ,l10n_co_base_location.zip_co_855030
9770,MIRADOR,l10n_co_base_location.zip_co_855037
9771,SIN INFORMACION DE BARRIOS,l10n_co_base_location.zip_co_855038
9772,SIN INFORMACION DE BARRIOS,l10n_co_base_location.zip_co_855039
9773,SIN INFORMACION DE BARRIOS,l10n_co_base_location.zip_co_855050
9774,SIN INFORMACION DE BARRIOS,l10n_co_base_location.zip_co_855057
9775,SIN INFORMACION DE BARRIOS,l10n_co_base_location.zip_co_855058
9776,SIN INFORMACION DE BARRIOS,l10n_co_base_location.zip_co_856010
9777,SIN INFORMACION DE BARRIOS,l10n_co_base_location.zip_co_856017
9778,SIN INFORMACION DE BARRIOS,l10n_co_base_location.zip_co_856018
9779,SIN INFORMACION DE BARRIOS,l10n_co_base_location.zip_co_856019
9780,CENTRO,l10n_co_base_location.zip_co_856030
9781,JARDÍN,l10n_co_base_location.zip_co_856030
9782,LA ESPERANZA,l10n_co_base_location.zip_co_856030
9783,SAN CARLOS,l10n_co_base_location.zip_co_856030
9784,SIN INFORMACION DE BARRIOS,l10n_co_base_location.zip_co_856037
9785,MODELO,l10n_co_base_location.zip_co_856038
9786,SIN INFORMACION DE BARRIOS,l10n_co_base_location.zip_co_856050
9787,SIN INFORMACION DE BARRIOS,l10n_co_base_location.zip_co_856057
9788,SIN INFORMACION DE BARRIOS,l10n_co_base_location.zip_co_856058
9789,SIN INFORMACION DE BARRIOS,l10n_co_base_location.zip_co_860001
9790,SIN INFORMACION DE BARRIOS,l10n_co_base_location.zip_co_860007
9791,SIN INFORMACION DE BARRIOS,l10n_co_base_location.zip_co_860008
9792,SIN INFORMACION DE BARRIOS,l10n_co_base_location.zip_co_861001
9793,SIN INFORMACION DE BARRIOS,l10n_co_base_location.zip_co_861007
9794,SIN INFORMACION DE BARRIOS,l10n_co_base_location.zip_co_861008
9795,SIN INFORMACION DE BARRIOS,l10n_co_base_location.zip_co_861020
9796,SIN INFORMACION DE BARRIOS,l10n_co_base_location.zip_co_861027
9797,SIN INFORMACION DE BARRIOS,l10n_co_base_location.zip_co_861040
9798,SIN INFORMACION DE BARRIOS,l10n_co_base_location.zip_co_861047
9799,SIN INFORMACION DE BARRIOS,l10n_co_base_location.zip_co_861060
9800,SIN INFORMACION DE BARRIOS,l10n_co_base_location.zip_co_861067
9801,SIN INFORMACION DE BARRIOS,l10n_co_base_location.zip_co_861068
9802,SIN INFORMACION DE BARRIOS,l10n_co_base_location.zip_co_861080
9803,SIN INFORMACION DE BARRIOS,l10n_co_base_location.zip_co_861087
9804,SIN INFORMACION DE BARRIOS,l10n_co_base_location.zip_co_861088
9805,SIN INFORMACION DE BARRIOS,l10n_co_base_location.zip_co_862001
9806,SIN INFORMACION DE BARRIOS,l10n_co_base_location.zip_co_862007
9807,SIN INFORMACION DE BARRIOS,l10n_co_base_location.zip_co_862008
9808,SIN INFORMACION DE BARRIOS,l10n_co_base_location.zip_co_862020
9809,SIN INFORMACION DE BARRIOS,l10n_co_base_location.zip_co_862027
9810,SIN INFORMACION DE BARRIOS,l10n_co_base_location.zip_co_862028
9811,SIN INFORMACION DE BARRIOS,l10n_co_base_location.zip_co_862040
9812,SIN INFORMACION DE BARRIOS,l10n_co_base_location.zip_co_862047
9813,02 B OBRERO I,l10n_co_base_location.zip_co_862060
9814,03 B OBRERO II,l10n_co_base_location.zip_co_862060
9815,04 B LAS AMERICAS,l10n_co_base_location.zip_co_862060
9816,05 B EL PUERTO,l10n_co_base_location.zip_co_862060
9817,06 B EL CARMEN,l10n_co_base_location.zip_co_862060
9818,07 B SAN FRANCISCO,l10n_co_base_location.zip_co_862060
9819,08 B EL RECREO,l10n_co_base_location.zip_co_862060
9820,09 B MODELO,l10n_co_base_location.zip_co_862060
9821,10 B LOS CHIPAROS,l10n_co_base_location.zip_co_862060
9822,11 B LAS COLINAS,l10n_co_base_location.zip_co_862060
9823,12 B LA FLORESTA,l10n_co_base_location.zip_co_862060
9824,13 B CAMILO TORRES,l10n_co_base_location.zip_co_862060
9825,14 B ALLENDE,l10n_co_base_location.zip_co_862060
9826,16 B SAN NICOLAS,l10n_co_base_location.zip_co_862060
9827,17 B LOS PINOS,l10n_co_base_location.zip_co_862060
9828,1,l10n_co_base_location.zip_co_862060
9829,01 B SAN MARTIN,l10n_co_base_location.zip_co_862067
9830,18 B 3 DE MAYO,l10n_co_base_location.zip_co_862067
9831,39 B VILLA DOCENTE,l10n_co_base_location.zip_co_862067
9832,45 B KANACAS,l10n_co_base_location.zip_co_862067
9833,34 B LA MONTAÑITA,l10n_co_base_location.zip_co_862068
9834,46 B LONDRES,l10n_co_base_location.zip_co_862068
9835,SIN INFORMACION DE BARRIOS,l10n_co_base_location.zip_co_862069
9836,SIN INFORMACION DE BARRIOS,l10n_co_base_location.zip_co_862080
9837,SIN INFORMACION DE BARRIOS,l10n_co_base_location.zip_co_862087
9838,SIN INFORMACION DE BARRIOS,l10n_co_base_location.zip_co_863001
9839,SIN INFORMACION DE BARRIOS,l10n_co_base_location.zip_co_863007
9840,SIN INFORMACION DE BARRIOS,l10n_co_base_location.zip_co_863008
9841,SIN INFORMACION DE BARRIOS,l10n_co_base_location.zip_co_864001
9842,SIN INFORMACION DE BARRIOS,l10n_co_base_location.zip_co_864007
9843,SIN INFORMACION DE BARRIOS,l10n_co_base_location.zip_co_864008
9844,SIN INFORMACION DE BARRIOS,l10n_co_base_location.zip_co_864009
9845,SIN INFORMACION DE BARRIOS,l10n_co_base_location.zip_co_880001
9846,SIN INFORMACION DE BARRIOS,l10n_co_base_location.zip_co_880007
9847,SIN INFORMACION DE BARRIOS,l10n_co_base_location.zip_co_880008
9848,SIN INFORMACION DE BARRIOS,l10n_co_base_location.zip_co_880020
9849,SIN INFORMACION DE BARRIOS,l10n_co_base_location.zip_co_880027
9850,SIN INFORMACION DE BARRIOS,l10n_co_base_location.zip_co_880028
9851,SIN INFORMACION DE BARRIOS,l10n_co_base_location.zip_co_910001
9852,SIN INFORMACION DE BARRIOS,l10n_co_base_location.zip_co_910007
9853,SIN INFORMACION DE BARRIOS,l10n_co_base_location.zip_co_910008
9854,SIN INFORMACION DE BARRIOS,l10n_co_base_location.zip_co_911010
9855,SIN INFORMACION DE BARRIOS,l10n_co_base_location.zip_co_911017
9856,SIN INFORMACION DE BARRIOS,l10n_co_base_location.zip_co_911018
9857,SIN INFORMACION DE BARRIOS,l10n_co_base_location.zip_co_911030
9858,SIN INFORMACION DE BARRIOS,l10n_co_base_location.zip_co_911037
9859,SIN INFORMACION DE BARRIOS,l10n_co_base_location.zip_co_911038
9860,SIN INFORMACION DE BARRIOS,l10n_co_base_location.zip_co_911039
9861,SIN INFORMACION DE BARRIOS,l10n_co_base_location.zip_co_912010
9862,SIN INFORMACION DE BARRIOS,l10n_co_base_location.zip_co_912017
9863,SIN INFORMACION DE BARRIOS,l10n_co_base_location.zip_co_912018
9864,SIN INFORMACION DE BARRIOS,l10n_co_base_location.zip_co_912019
9865,SIN INFORMACION DE BARRIOS,l10n_co_base_location.zip_co_913010
9866,SIN INFORMACION DE BARRIOS,l10n_co_base_location.zip_co_913017
9867,SIN INFORMACION DE BARRIOS,l10n_co_base_location.zip_co_913018
9868,SIN INFORMACION DE BARRIOS,l10n_co_base_location.zip_co_913019
9869,SIN INFORMACION DE BARRIOS,l10n_co_base_location.zip_co_913050
9870,SIN INFORMACION DE BARRIOS,l10n_co_base_location.zip_co_913057
9871,SIN INFORMACION DE BARRIOS,l10n_co_base_location.zip_co_914050
9872,SIN INFORMACION DE BARRIOS,l10n_co_base_location.zip_co_914057
9873,SIN INFORMACION DE BARRIOS,l10n_co_base_location.zip_co_915010
9874,SIN INFORMACION DE BARRIOS,l10n_co_base_location.zip_co_915017
9875,SIN INFORMACION DE BARRIOS,l10n_co_base_location.zip_co_915018
9876,SIN INFORMACION DE BARRIOS,l10n_co_base_location.zip_co_915019
9877,SIN INFORMACION DE BARRIOS,l10n_co_base_location.zip_co_916017
9878,SIN INFORMACION DE BARRIOS,l10n_co_base_location.zip_co_916057
9879,SIN INFORMACION DE BARRIOS,l10n_co_base_location.zip_co_916058
9880,SIN INFORMACION DE BARRIOS,l10n_co_base_location.zip_co_917010
9881,SIN INFORMACION DE BARRIOS,l10n_co_base_location.zip_co_917017
9882,SIN INFORMACION DE BARRIOS,l10n_co_base_location.zip_co_917018
9883,SIN INFORMACION DE BARRIOS,l10n_co_base_location.zip_co_940001
9884,SIN INFORMACION DE BARRIOS,l10n_co_base_location.zip_co_940007
9885,SIN INFORMACION DE BARRIOS,l10n_co_base_location.zip_co_940008
9886,SIN INFORMACION DE BARRIOS,l10n_co_base_location.zip_co_940009
9887,SIN INFORMACION DE BARRIOS,l10n_co_base_location.zip_co_940017
9888,SIN INFORMACION DE BARRIOS,l10n_co_base_location.zip_co_940018
9889,SIN INFORMACION DE BARRIOS,l10n_co_base_location.zip_co_940019
9890,SIN INFORMACION DE BARRIOS,l10n_co_base_location.zip_co_940027
9891,SIN INFORMACION DE BARRIOS,l10n_co_base_location.zip_co_940028
9892,SIN INFORMACION DE BARRIOS,l10n_co_base_location.zip_co_941010
9893,SIN INFORMACION DE BARRIOS,l10n_co_base_location.zip_co_941017
9894,SIN INFORMACION DE BARRIOS,l10n_co_base_location.zip_co_941018
9895,SIN INFORMACION DE BARRIOS,l10n_co_base_location.zip_co_941037
9896,SIN INFORMACION DE BARRIOS,l10n_co_base_location.zip_co_941038
9897,SIN INFORMACION DE BARRIOS,l10n_co_base_location.zip_co_941039
9898,SIN INFORMACION DE BARRIOS,l10n_co_base_location.zip_co_941047
9899,SIN INFORMACION DE BARRIOS,l10n_co_base_location.zip_co_942010
9900,SIN INFORMACION DE BARRIOS,l10n_co_base_location.zip_co_942017
9901,SIN INFORMACION DE BARRIOS,l10n_co_base_location.zip_co_942018
9902,SIN INFORMACION DE BARRIOS,l10n_co_base_location.zip_co_942057
9903,SIN INFORMACION DE BARRIOS,l10n_co_base_location.zip_co_943017
9904,SIN INFORMACION DE BARRIOS,l10n_co_base_location.zip_co_943018
9905,SIN INFORMACION DE BARRIOS,l10n_co_base_location.zip_co_943019
9906,SIN INFORMACION DE BARRIOS,l10n_co_base_location.zip_co_943057
9907,SIN INFORMACION DE BARRIOS,l10n_co_base_location.zip_co_943058
9908,SIN INFORMACION DE BARRIOS,l10n_co_base_location.zip_co_943059
9909,SIN INFORMACION DE BARRIOS,l10n_co_base_location.zip_co_943067
9910,SIN INFORMACION DE BARRIOS,l10n_co_base_location.zip_co_944010
9911,SIN INFORMACION DE BARRIOS,l10n_co_base_location.zip_co_944017
9912,SIN INFORMACION DE BARRIOS,l10n_co_base_location.zip_co_944018
9913,SIN INFORMACION DE BARRIOS,l10n_co_base_location.zip_co_944019
9914,SIN INFORMACION DE BARRIOS,l10n_co_base_location.zip_co_944057
9915,SIN INFORMACION DE BARRIOS,l10n_co_base_location.zip_co_944058
9916,SIN INFORMACION DE BARRIOS,l10n_co_base_location.zip_co_944059
9917,SIN INFORMACION DE BARRIOS,l10n_co_base_location.zip_co_950001
9918,SIN INFORMACION DE BARRIOS,l10n_co_base_location.zip_co_950007
9919,SIN INFORMACION DE BARRIOS,l10n_co_base_location.zip_co_950008
9920,SIN INFORMACION DE BARRIOS,l10n_co_base_location.zip_co_950009
9921,SIN INFORMACION DE BARRIOS,l10n_co_base_location.zip_co_951001
9922,SIN INFORMACION DE BARRIOS,l10n_co_base_location.zip_co_951007
9923,SIN INFORMACION DE BARRIOS,l10n_co_base_location.zip_co_951008
9924,SIN INFORMACION DE BARRIOS,l10n_co_base_location.zip_co_951009
9925,SIN INFORMACION DE BARRIOS,l10n_co_base_location.zip_co_951017
9926,SIN INFORMACION DE BARRIOS,l10n_co_base_location.zip_co_952001
9927,SIN INFORMACION DE BARRIOS,l10n_co_base_location.zip_co_952007
9928,SIN INFORMACION DE BARRIOS,l10n_co_base_location.zip_co_952008
9929,SIN INFORMACION DE BARRIOS,l10n_co_base_location.zip_co_952009
9930,SIN INFORMACION DE BARRIOS,l10n_co_base_location.zip_co_952017
9931,SIN INFORMACION DE BARRIOS,l10n_co_base_location.zip_co_953001
9932,SIN INFORMACION DE BARRIOS,l10n_co_base_location.zip_co_953007
9933,SIN INFORMACION DE BARRIOS,l10n_co_base_location.zip_co_953008
9934,SIN INFORMACION DE BARRIOS,l10n_co_base_location.zip_co_953009
9935,SIN INFORMACION DE BARRIOS,l10n_co_base_location.zip_co_953017
9936,SIN INFORMACION DE BARRIOS,l10n_co_base_location.zip_co_953018
9937,SIN INFORMACION DE BARRIOS,l10n_co_base_location.zip_co_970001
9938,SIN INFORMACION DE BARRIOS,l10n_co_base_location.zip_co_970007
9939,SIN INFORMACION DE BARRIOS,l10n_co_base_location.zip_co_970008
9940,SIN INFORMACION DE BARRIOS,l10n_co_base_location.zip_co_970009
9941,SIN INFORMACION DE BARRIOS,l10n_co_base_location.zip_co_971007
9942,SIN INFORMACION DE BARRIOS,l10n_co_base_location.zip_co_971008
9943,SIN INFORMACION DE BARRIOS,l10n_co_base_location.zip_co_972007
9944,SIN INFORMACION DE BARRIOS,l10n_co_base_location.zip_co_972008
9945,SIN INFORMACION DE BARRIOS,l10n_co_base_location.zip_co_972040
9946,SIN INFORMACION DE BARRIOS,l10n_co_base_location.zip_co_972047
9947,SIN INFORMACION DE BARRIOS,l10n_co_base_location.zip_co_972048
9948,SIN INFORMACION DE BARRIOS,l10n_co_base_location.zip_co_973001
9949,SIN INFORMACION DE BARRIOS,l10n_co_base_location.zip_co_973007
9950,SIN INFORMACION DE BARRIOS,l10n_co_base_location.zip_co_973008
9951,SIN INFORMACION DE BARRIOS,l10n_co_base_location.zip_co_973047
9952,SIN INFORMACION DE BARRIOS,l10n_co_base_location.zip_co_973048
9953,SIN INFORMACION DE BARRIOS,l10n_co_base_location.zip_co_990001
9954,SIN INFORMACION DE BARRIOS,l10n_co_base_location.zip_co_990007
9955,SIN INFORMACION DE BARRIOS,l10n_co_base_location.zip_co_990008
9956,SIN INFORMACION DE BARRIOS,l10n_co_base_location.zip_co_990009
9957,SIN INFORMACION DE BARRIOS,l10n_co_base_location.zip_co_990017
9958,SIN INFORMACION DE BARRIOS,l10n_co_base_location.zip_co_990018
9959,ZONA INDUSTRIAL NO 1,l10n_co_base_location.zip_co_055412
9960,ZONA INDUSTRIAL NO 2,l10n_co_base_location.zip_co_055412
9961,ZONA INDUSTRIAL NO 3,l10n_co_base_location.zip_co_055413
